INFO 2025-07-30 19:02:08,327 autoreload 14648 20772 Watching for file changes with StatReloader
INFO 2025-07-30 19:02:11,577 basehttp 14648 6576 "GET /hotel_rooms/ HTTP/1.1" 200 12320
INFO 2025-07-30 19:02:11,666 basehttp 14648 6576 "GET /static/css/dist/styles.css?v=1753945331 HTTP/1.1" 200 69921
INFO 2025-07-30 19:02:25,048 basehttp 14648 11116 "GET /hotel_rooms/ HTTP/1.1" 200 12320
INFO 2025-07-30 19:02:25,102 basehttp 14648 11116 "GET /static/css/dist/styles.css?v=1753945345 HTTP/1.1" 200 69921
INFO 2025-07-30 19:02:27,772 basehttp 14648 16892 "GET /hotel_rooms/room-list/1/ HTTP/1.1" 200 43805
INFO 2025-07-30 19:02:27,823 basehttp 14648 16892 "GET /static/css/dist/styles.css?v=1753945347 HTTP/1.1" 200 69921
INFO 2025-07-30 19:02:33,524 basehttp 14648 20900 "GET /login/ HTTP/1.1" 200 3922
INFO 2025-07-30 19:02:33,574 basehttp 14648 20900 "GET /static/css/dist/styles.css?v=1753945353 HTTP/1.1" 200 69921
INFO 2025-07-30 19:02:40,885 basehttp 14648 5352 "POST /login/ HTTP/1.1" 302 0
INFO 2025-07-30 19:02:40,917 basehttp 14648 5352 "GET / HTTP/1.1" 200 16585
INFO 2025-07-30 19:02:40,968 basehttp 14648 5352 "GET /static/css/dist/styles.css?v=1753945360 HTTP/1.1" 200 69921
INFO 2025-07-30 19:02:41,029 basehttp 14648 20276 "GET /media/default.png HTTP/1.1" 200 9321
INFO 2025-07-30 19:02:43,236 basehttp 14648 5352 "GET /hotel_rooms/ HTTP/1.1" 200 15586
INFO 2025-07-30 19:02:43,287 basehttp 14648 5352 "GET /static/css/dist/styles.css?v=1753945363 HTTP/1.1" 200 69921
INFO 2025-07-30 19:02:44,970 basehttp 14648 17244 "GET /hotel_rooms/room-list/1/ HTTP/1.1" 200 47065
INFO 2025-07-30 19:02:45,016 basehttp 14648 17244 "GET /static/css/dist/styles.css?v=1753945364 HTTP/1.1" 200 69921
INFO 2025-07-30 19:03:01,044 basehttp 14648 16188 "POST /create-booking/ HTTP/1.1" 302 0
INFO 2025-07-30 19:03:22,094 basehttp 14648 16188 "GET /verify-booking-payment/?trxref=af513ab7-83b2-4623-92ce-05085252ce1d&reference=af513ab7-83b2-4623-92ce-05085252ce1d HTTP/1.1" 302 0
INFO 2025-07-30 19:03:22,114 basehttp 14648 16188 "GET /booking-success/ HTTP/1.1" 200 1611
INFO 2025-07-30 19:03:22,189 basehttp 14648 16188 "GET /static/css/dist/styles.css?v=1753945402 HTTP/1.1" 200 69921
INFO 2025-07-30 19:07:17,857 basehttp 14648 2176 "GET /booking-success/ HTTP/1.1" 200 3924
INFO 2025-07-30 19:07:17,900 basehttp 14648 2176 "GET /static/css/dist/styles.css?v=1753945637 HTTP/1.1" 200 69921
INFO 2025-07-30 19:07:47,406 basehttp 14648 22712 "GET /booking-success/ HTTP/1.1" 200 3924
INFO 2025-07-30 19:07:47,495 basehttp 14648 22712 "GET /static/css/dist/styles.css?v=1753945667 HTTP/1.1" 200 69921
ERROR 2025-07-30 19:08:12,933 log 14648 22300 Internal Server Error: /booking-success/
Traceback (most recent call last):
  File "C:\Users\HP\OneDrive\Documents\essetech\hotelapp\Hotel-website-Django\.venv\Lib\site-packages\django\core\handlers\exception.py", line 55, in inner
    response = get_response(request)
  File "C:\Users\HP\OneDrive\Documents\essetech\hotelapp\Hotel-website-Django\.venv\Lib\site-packages\django\core\handlers\base.py", line 197, in _get_response
    response = wrapped_callback(request, *callback_args, **callback_kwargs)
  File "C:\Users\HP\OneDrive\Documents\essetech\hotelapp\Hotel-website-Django\hotelapp\core\views.py", line 394, in booking_success
    return render(request, 'payments/success.html')
  File "C:\Users\HP\OneDrive\Documents\essetech\hotelapp\Hotel-website-Django\.venv\Lib\site-packages\django\shortcuts.py", line 25, in render
    content = loader.render_to_string(template_name, context, request, using=using)
  File "C:\Users\HP\OneDrive\Documents\essetech\hotelapp\Hotel-website-Django\.venv\Lib\site-packages\django\template\loader.py", line 62, in render_to_string
    return template.render(context, request)
           ~~~~~~~~~~~~~~~^^^^^^^^^^^^^^^^^^
  File "C:\Users\HP\OneDrive\Documents\essetech\hotelapp\Hotel-website-Django\.venv\Lib\site-packages\django\template\backends\django.py", line 107, in render
    return self.template.render(context)
           ~~~~~~~~~~~~~~~~~~~~^^^^^^^^^
  File "C:\Users\HP\OneDrive\Documents\essetech\hotelapp\Hotel-website-Django\.venv\Lib\site-packages\django\template\base.py", line 171, in render
    return self._render(context)
           ~~~~~~~~~~~~^^^^^^^^^
  File "C:\Users\HP\OneDrive\Documents\essetech\hotelapp\Hotel-website-Django\.venv\Lib\site-packages\django\template\base.py", line 163, in _render
    return self.nodelist.render(context)
           ~~~~~~~~~~~~~~~~~~~~^^^^^^^^^
  File "C:\Users\HP\OneDrive\Documents\essetech\hotelapp\Hotel-website-Django\.venv\Lib\site-packages\django\template\base.py", line 1008, in render
    return SafeString("".join([node.render_annotated(context) for node in self]))
                               ~~~~~~~~~~~~~~~~~~~~~^^^^^^^^^
  File "C:\Users\HP\OneDrive\Documents\essetech\hotelapp\Hotel-website-Django\.venv\Lib\site-packages\django\template\base.py", line 969, in render_annotated
    return self.render(context)
           ~~~~~~~~~~~^^^^^^^^^
  File "C:\Users\HP\OneDrive\Documents\essetech\hotelapp\Hotel-website-Django\.venv\Lib\site-packages\django\template\loader_tags.py", line 159, in render
    return compiled_parent._render(context)
           ~~~~~~~~~~~~~~~~~~~~~~~^^^^^^^^^
  File "C:\Users\HP\OneDrive\Documents\essetech\hotelapp\Hotel-website-Django\.venv\Lib\site-packages\django\template\base.py", line 163, in _render
    return self.nodelist.render(context)
           ~~~~~~~~~~~~~~~~~~~~^^^^^^^^^
  File "C:\Users\HP\OneDrive\Documents\essetech\hotelapp\Hotel-website-Django\.venv\Lib\site-packages\django\template\base.py", line 1008, in render
    return SafeString("".join([node.render_annotated(context) for node in self]))
                               ~~~~~~~~~~~~~~~~~~~~~^^^^^^^^^
  File "C:\Users\HP\OneDrive\Documents\essetech\hotelapp\Hotel-website-Django\.venv\Lib\site-packages\django\template\base.py", line 969, in render_annotated
    return self.render(context)
           ~~~~~~~~~~~^^^^^^^^^
  File "C:\Users\HP\OneDrive\Documents\essetech\hotelapp\Hotel-website-Django\.venv\Lib\site-packages\django\template\loader_tags.py", line 65, in render
    result = block.nodelist.render(context)
  File "C:\Users\HP\OneDrive\Documents\essetech\hotelapp\Hotel-website-Django\.venv\Lib\site-packages\django\template\base.py", line 1008, in render
    return SafeString("".join([node.render_annotated(context) for node in self]))
                               ~~~~~~~~~~~~~~~~~~~~~^^^^^^^^^
  File "C:\Users\HP\OneDrive\Documents\essetech\hotelapp\Hotel-website-Django\.venv\Lib\site-packages\django\template\base.py", line 969, in render_annotated
    return self.render(context)
           ~~~~~~~~~~~^^^^^^^^^
  File "C:\Users\HP\OneDrive\Documents\essetech\hotelapp\Hotel-website-Django\.venv\Lib\site-packages\django\template\defaulttags.py", line 480, in render
    url = reverse(view_name, args=args, kwargs=kwargs, current_app=current_app)
  File "C:\Users\HP\OneDrive\Documents\essetech\hotelapp\Hotel-website-Django\.venv\Lib\site-packages\django\urls\base.py", line 88, in reverse
    return resolver._reverse_with_prefix(view, prefix, *args, **kwargs)
           ~~~~~~~~~~~~~~~~~~~~~~~~~~~~~^^^^^^^^^^^^^^^^^^^^^^^^^^^^^^^
  File "C:\Users\HP\OneDrive\Documents\essetech\hotelapp\Hotel-website-Django\.venv\Lib\site-packages\django\urls\resolvers.py", line 831, in _reverse_with_prefix
    raise NoReverseMatch(msg)
django.urls.exceptions.NoReverseMatch: Reverse for 'my-booking' not found. 'my-booking' is not a valid view function or pattern name.
ERROR 2025-07-30 19:08:12,945 basehttp 14648 22300 "GET /booking-success/ HTTP/1.1" 500 160110
ERROR 2025-07-30 19:08:40,289 log 14648 19820 Internal Server Error: /booking-success/
Traceback (most recent call last):
  File "C:\Users\HP\OneDrive\Documents\essetech\hotelapp\Hotel-website-Django\.venv\Lib\site-packages\django\core\handlers\exception.py", line 55, in inner
    response = get_response(request)
  File "C:\Users\HP\OneDrive\Documents\essetech\hotelapp\Hotel-website-Django\.venv\Lib\site-packages\django\core\handlers\base.py", line 197, in _get_response
    response = wrapped_callback(request, *callback_args, **callback_kwargs)
  File "C:\Users\HP\OneDrive\Documents\essetech\hotelapp\Hotel-website-Django\hotelapp\core\views.py", line 394, in booking_success
    return render(request, 'payments/success.html')
  File "C:\Users\HP\OneDrive\Documents\essetech\hotelapp\Hotel-website-Django\.venv\Lib\site-packages\django\shortcuts.py", line 25, in render
    content = loader.render_to_string(template_name, context, request, using=using)
  File "C:\Users\HP\OneDrive\Documents\essetech\hotelapp\Hotel-website-Django\.venv\Lib\site-packages\django\template\loader.py", line 62, in render_to_string
    return template.render(context, request)
           ~~~~~~~~~~~~~~~^^^^^^^^^^^^^^^^^^
  File "C:\Users\HP\OneDrive\Documents\essetech\hotelapp\Hotel-website-Django\.venv\Lib\site-packages\django\template\backends\django.py", line 107, in render
    return self.template.render(context)
           ~~~~~~~~~~~~~~~~~~~~^^^^^^^^^
  File "C:\Users\HP\OneDrive\Documents\essetech\hotelapp\Hotel-website-Django\.venv\Lib\site-packages\django\template\base.py", line 171, in render
    return self._render(context)
           ~~~~~~~~~~~~^^^^^^^^^
  File "C:\Users\HP\OneDrive\Documents\essetech\hotelapp\Hotel-website-Django\.venv\Lib\site-packages\django\template\base.py", line 163, in _render
    return self.nodelist.render(context)
           ~~~~~~~~~~~~~~~~~~~~^^^^^^^^^
  File "C:\Users\HP\OneDrive\Documents\essetech\hotelapp\Hotel-website-Django\.venv\Lib\site-packages\django\template\base.py", line 1008, in render
    return SafeString("".join([node.render_annotated(context) for node in self]))
                               ~~~~~~~~~~~~~~~~~~~~~^^^^^^^^^
  File "C:\Users\HP\OneDrive\Documents\essetech\hotelapp\Hotel-website-Django\.venv\Lib\site-packages\django\template\base.py", line 969, in render_annotated
    return self.render(context)
           ~~~~~~~~~~~^^^^^^^^^
  File "C:\Users\HP\OneDrive\Documents\essetech\hotelapp\Hotel-website-Django\.venv\Lib\site-packages\django\template\loader_tags.py", line 159, in render
    return compiled_parent._render(context)
           ~~~~~~~~~~~~~~~~~~~~~~~^^^^^^^^^
  File "C:\Users\HP\OneDrive\Documents\essetech\hotelapp\Hotel-website-Django\.venv\Lib\site-packages\django\template\base.py", line 163, in _render
    return self.nodelist.render(context)
           ~~~~~~~~~~~~~~~~~~~~^^^^^^^^^
  File "C:\Users\HP\OneDrive\Documents\essetech\hotelapp\Hotel-website-Django\.venv\Lib\site-packages\django\template\base.py", line 1008, in render
    return SafeString("".join([node.render_annotated(context) for node in self]))
                               ~~~~~~~~~~~~~~~~~~~~~^^^^^^^^^
  File "C:\Users\HP\OneDrive\Documents\essetech\hotelapp\Hotel-website-Django\.venv\Lib\site-packages\django\template\base.py", line 969, in render_annotated
    return self.render(context)
           ~~~~~~~~~~~^^^^^^^^^
  File "C:\Users\HP\OneDrive\Documents\essetech\hotelapp\Hotel-website-Django\.venv\Lib\site-packages\django\template\loader_tags.py", line 65, in render
    result = block.nodelist.render(context)
  File "C:\Users\HP\OneDrive\Documents\essetech\hotelapp\Hotel-website-Django\.venv\Lib\site-packages\django\template\base.py", line 1008, in render
    return SafeString("".join([node.render_annotated(context) for node in self]))
                               ~~~~~~~~~~~~~~~~~~~~~^^^^^^^^^
  File "C:\Users\HP\OneDrive\Documents\essetech\hotelapp\Hotel-website-Django\.venv\Lib\site-packages\django\template\base.py", line 969, in render_annotated
    return self.render(context)
           ~~~~~~~~~~~^^^^^^^^^
  File "C:\Users\HP\OneDrive\Documents\essetech\hotelapp\Hotel-website-Django\.venv\Lib\site-packages\django\template\defaulttags.py", line 480, in render
    url = reverse(view_name, args=args, kwargs=kwargs, current_app=current_app)
  File "C:\Users\HP\OneDrive\Documents\essetech\hotelapp\Hotel-website-Django\.venv\Lib\site-packages\django\urls\base.py", line 88, in reverse
    return resolver._reverse_with_prefix(view, prefix, *args, **kwargs)
           ~~~~~~~~~~~~~~~~~~~~~~~~~~~~~^^^^^^^^^^^^^^^^^^^^^^^^^^^^^^^
  File "C:\Users\HP\OneDrive\Documents\essetech\hotelapp\Hotel-website-Django\.venv\Lib\site-packages\django\urls\resolvers.py", line 831, in _reverse_with_prefix
    raise NoReverseMatch(msg)
django.urls.exceptions.NoReverseMatch: Reverse for 'my-booking' not found. 'my-booking' is not a valid view function or pattern name.
ERROR 2025-07-30 19:08:40,295 basehttp 14648 19820 "GET /booking-success/ HTTP/1.1" 500 160110
INFO 2025-07-30 19:09:07,042 autoreload 14648 20772 C:\Users\HP\OneDrive\Documents\essetech\hotelapp\Hotel-website-Django\hotelapp\core\views.py changed, reloading.
INFO 2025-07-30 19:09:08,114 autoreload 5928 15196 Watching for file changes with StatReloader
ERROR 2025-07-30 19:09:09,042 log 5928 12232 Internal Server Error: /booking-success/
Traceback (most recent call last):
  File "C:\Users\HP\OneDrive\Documents\essetech\hotelapp\Hotel-website-Django\.venv\Lib\site-packages\django\core\handlers\exception.py", line 55, in inner
    response = get_response(request)
  File "C:\Users\HP\OneDrive\Documents\essetech\hotelapp\Hotel-website-Django\.venv\Lib\site-packages\django\core\handlers\base.py", line 197, in _get_response
    response = wrapped_callback(request, *callback_args, **callback_kwargs)
  File "C:\Users\HP\OneDrive\Documents\essetech\hotelapp\Hotel-website-Django\hotelapp\core\views.py", line 406, in booking_success
    return render(request, 'payments/success.html', context)
  File "C:\Users\HP\OneDrive\Documents\essetech\hotelapp\Hotel-website-Django\.venv\Lib\site-packages\django\shortcuts.py", line 25, in render
    content = loader.render_to_string(template_name, context, request, using=using)
  File "C:\Users\HP\OneDrive\Documents\essetech\hotelapp\Hotel-website-Django\.venv\Lib\site-packages\django\template\loader.py", line 62, in render_to_string
    return template.render(context, request)
           ~~~~~~~~~~~~~~~^^^^^^^^^^^^^^^^^^
  File "C:\Users\HP\OneDrive\Documents\essetech\hotelapp\Hotel-website-Django\.venv\Lib\site-packages\django\template\backends\django.py", line 107, in render
    return self.template.render(context)
           ~~~~~~~~~~~~~~~~~~~~^^^^^^^^^
  File "C:\Users\HP\OneDrive\Documents\essetech\hotelapp\Hotel-website-Django\.venv\Lib\site-packages\django\template\base.py", line 171, in render
    return self._render(context)
           ~~~~~~~~~~~~^^^^^^^^^
  File "C:\Users\HP\OneDrive\Documents\essetech\hotelapp\Hotel-website-Django\.venv\Lib\site-packages\django\template\base.py", line 163, in _render
    return self.nodelist.render(context)
           ~~~~~~~~~~~~~~~~~~~~^^^^^^^^^
  File "C:\Users\HP\OneDrive\Documents\essetech\hotelapp\Hotel-website-Django\.venv\Lib\site-packages\django\template\base.py", line 1008, in render
    return SafeString("".join([node.render_annotated(context) for node in self]))
                               ~~~~~~~~~~~~~~~~~~~~~^^^^^^^^^
  File "C:\Users\HP\OneDrive\Documents\essetech\hotelapp\Hotel-website-Django\.venv\Lib\site-packages\django\template\base.py", line 969, in render_annotated
    return self.render(context)
           ~~~~~~~~~~~^^^^^^^^^
  File "C:\Users\HP\OneDrive\Documents\essetech\hotelapp\Hotel-website-Django\.venv\Lib\site-packages\django\template\loader_tags.py", line 159, in render
    return compiled_parent._render(context)
           ~~~~~~~~~~~~~~~~~~~~~~~^^^^^^^^^
  File "C:\Users\HP\OneDrive\Documents\essetech\hotelapp\Hotel-website-Django\.venv\Lib\site-packages\django\template\base.py", line 163, in _render
    return self.nodelist.render(context)
           ~~~~~~~~~~~~~~~~~~~~^^^^^^^^^
  File "C:\Users\HP\OneDrive\Documents\essetech\hotelapp\Hotel-website-Django\.venv\Lib\site-packages\django\template\base.py", line 1008, in render
    return SafeString("".join([node.render_annotated(context) for node in self]))
                               ~~~~~~~~~~~~~~~~~~~~~^^^^^^^^^
  File "C:\Users\HP\OneDrive\Documents\essetech\hotelapp\Hotel-website-Django\.venv\Lib\site-packages\django\template\base.py", line 969, in render_annotated
    return self.render(context)
           ~~~~~~~~~~~^^^^^^^^^
  File "C:\Users\HP\OneDrive\Documents\essetech\hotelapp\Hotel-website-Django\.venv\Lib\site-packages\django\template\loader_tags.py", line 65, in render
    result = block.nodelist.render(context)
  File "C:\Users\HP\OneDrive\Documents\essetech\hotelapp\Hotel-website-Django\.venv\Lib\site-packages\django\template\base.py", line 1008, in render
    return SafeString("".join([node.render_annotated(context) for node in self]))
                               ~~~~~~~~~~~~~~~~~~~~~^^^^^^^^^
  File "C:\Users\HP\OneDrive\Documents\essetech\hotelapp\Hotel-website-Django\.venv\Lib\site-packages\django\template\base.py", line 969, in render_annotated
    return self.render(context)
           ~~~~~~~~~~~^^^^^^^^^
  File "C:\Users\HP\OneDrive\Documents\essetech\hotelapp\Hotel-website-Django\.venv\Lib\site-packages\django\template\defaulttags.py", line 480, in render
    url = reverse(view_name, args=args, kwargs=kwargs, current_app=current_app)
  File "C:\Users\HP\OneDrive\Documents\essetech\hotelapp\Hotel-website-Django\.venv\Lib\site-packages\django\urls\base.py", line 88, in reverse
    return resolver._reverse_with_prefix(view, prefix, *args, **kwargs)
           ~~~~~~~~~~~~~~~~~~~~~~~~~~~~~^^^^^^^^^^^^^^^^^^^^^^^^^^^^^^^
  File "C:\Users\HP\OneDrive\Documents\essetech\hotelapp\Hotel-website-Django\.venv\Lib\site-packages\django\urls\resolvers.py", line 831, in _reverse_with_prefix
    raise NoReverseMatch(msg)
django.urls.exceptions.NoReverseMatch: Reverse for 'my-booking' not found. 'my-booking' is not a valid view function or pattern name.
ERROR 2025-07-30 19:09:09,053 basehttp 5928 12232 "GET /booking-success/ HTTP/1.1" 500 160916
ERROR 2025-07-30 19:09:42,730 log 5928 6160 Internal Server Error: /booking-success/
Traceback (most recent call last):
  File "C:\Users\HP\OneDrive\Documents\essetech\hotelapp\Hotel-website-Django\.venv\Lib\site-packages\django\core\handlers\exception.py", line 55, in inner
    response = get_response(request)
  File "C:\Users\HP\OneDrive\Documents\essetech\hotelapp\Hotel-website-Django\.venv\Lib\site-packages\django\core\handlers\base.py", line 197, in _get_response
    response = wrapped_callback(request, *callback_args, **callback_kwargs)
  File "C:\Users\HP\OneDrive\Documents\essetech\hotelapp\Hotel-website-Django\hotelapp\core\views.py", line 406, in booking_success
    return render(request, 'payments/success.html', context)
  File "C:\Users\HP\OneDrive\Documents\essetech\hotelapp\Hotel-website-Django\.venv\Lib\site-packages\django\shortcuts.py", line 25, in render
    content = loader.render_to_string(template_name, context, request, using=using)
  File "C:\Users\HP\OneDrive\Documents\essetech\hotelapp\Hotel-website-Django\.venv\Lib\site-packages\django\template\loader.py", line 62, in render_to_string
    return template.render(context, request)
           ~~~~~~~~~~~~~~~^^^^^^^^^^^^^^^^^^
  File "C:\Users\HP\OneDrive\Documents\essetech\hotelapp\Hotel-website-Django\.venv\Lib\site-packages\django\template\backends\django.py", line 107, in render
    return self.template.render(context)
           ~~~~~~~~~~~~~~~~~~~~^^^^^^^^^
  File "C:\Users\HP\OneDrive\Documents\essetech\hotelapp\Hotel-website-Django\.venv\Lib\site-packages\django\template\base.py", line 171, in render
    return self._render(context)
           ~~~~~~~~~~~~^^^^^^^^^
  File "C:\Users\HP\OneDrive\Documents\essetech\hotelapp\Hotel-website-Django\.venv\Lib\site-packages\django\template\base.py", line 163, in _render
    return self.nodelist.render(context)
           ~~~~~~~~~~~~~~~~~~~~^^^^^^^^^
  File "C:\Users\HP\OneDrive\Documents\essetech\hotelapp\Hotel-website-Django\.venv\Lib\site-packages\django\template\base.py", line 1008, in render
    return SafeString("".join([node.render_annotated(context) for node in self]))
                               ~~~~~~~~~~~~~~~~~~~~~^^^^^^^^^
  File "C:\Users\HP\OneDrive\Documents\essetech\hotelapp\Hotel-website-Django\.venv\Lib\site-packages\django\template\base.py", line 969, in render_annotated
    return self.render(context)
           ~~~~~~~~~~~^^^^^^^^^
  File "C:\Users\HP\OneDrive\Documents\essetech\hotelapp\Hotel-website-Django\.venv\Lib\site-packages\django\template\loader_tags.py", line 159, in render
    return compiled_parent._render(context)
           ~~~~~~~~~~~~~~~~~~~~~~~^^^^^^^^^
  File "C:\Users\HP\OneDrive\Documents\essetech\hotelapp\Hotel-website-Django\.venv\Lib\site-packages\django\template\base.py", line 163, in _render
    return self.nodelist.render(context)
           ~~~~~~~~~~~~~~~~~~~~^^^^^^^^^
  File "C:\Users\HP\OneDrive\Documents\essetech\hotelapp\Hotel-website-Django\.venv\Lib\site-packages\django\template\base.py", line 1008, in render
    return SafeString("".join([node.render_annotated(context) for node in self]))
                               ~~~~~~~~~~~~~~~~~~~~~^^^^^^^^^
  File "C:\Users\HP\OneDrive\Documents\essetech\hotelapp\Hotel-website-Django\.venv\Lib\site-packages\django\template\base.py", line 969, in render_annotated
    return self.render(context)
           ~~~~~~~~~~~^^^^^^^^^
  File "C:\Users\HP\OneDrive\Documents\essetech\hotelapp\Hotel-website-Django\.venv\Lib\site-packages\django\template\loader_tags.py", line 65, in render
    result = block.nodelist.render(context)
  File "C:\Users\HP\OneDrive\Documents\essetech\hotelapp\Hotel-website-Django\.venv\Lib\site-packages\django\template\base.py", line 1008, in render
    return SafeString("".join([node.render_annotated(context) for node in self]))
                               ~~~~~~~~~~~~~~~~~~~~~^^^^^^^^^
  File "C:\Users\HP\OneDrive\Documents\essetech\hotelapp\Hotel-website-Django\.venv\Lib\site-packages\django\template\base.py", line 969, in render_annotated
    return self.render(context)
           ~~~~~~~~~~~^^^^^^^^^
  File "C:\Users\HP\OneDrive\Documents\essetech\hotelapp\Hotel-website-Django\.venv\Lib\site-packages\django\template\defaulttags.py", line 480, in render
    url = reverse(view_name, args=args, kwargs=kwargs, current_app=current_app)
  File "C:\Users\HP\OneDrive\Documents\essetech\hotelapp\Hotel-website-Django\.venv\Lib\site-packages\django\urls\base.py", line 88, in reverse
    return resolver._reverse_with_prefix(view, prefix, *args, **kwargs)
           ~~~~~~~~~~~~~~~~~~~~~~~~~~~~~^^^^^^^^^^^^^^^^^^^^^^^^^^^^^^^
  File "C:\Users\HP\OneDrive\Documents\essetech\hotelapp\Hotel-website-Django\.venv\Lib\site-packages\django\urls\resolvers.py", line 831, in _reverse_with_prefix
    raise NoReverseMatch(msg)
django.urls.exceptions.NoReverseMatch: Reverse for 'my-booking' not found. 'my-booking' is not a valid view function or pattern name.
ERROR 2025-07-30 19:09:42,737 basehttp 5928 6160 "GET /booking-success/ HTTP/1.1" 500 160916
ERROR 2025-07-30 19:10:07,907 log 5928 5884 Internal Server Error: /booking-success/
Traceback (most recent call last):
  File "C:\Users\HP\OneDrive\Documents\essetech\hotelapp\Hotel-website-Django\.venv\Lib\site-packages\django\core\handlers\exception.py", line 55, in inner
    response = get_response(request)
  File "C:\Users\HP\OneDrive\Documents\essetech\hotelapp\Hotel-website-Django\.venv\Lib\site-packages\django\core\handlers\base.py", line 197, in _get_response
    response = wrapped_callback(request, *callback_args, **callback_kwargs)
  File "C:\Users\HP\OneDrive\Documents\essetech\hotelapp\Hotel-website-Django\hotelapp\core\views.py", line 406, in booking_success
    return render(request, 'payments/success.html', context)
  File "C:\Users\HP\OneDrive\Documents\essetech\hotelapp\Hotel-website-Django\.venv\Lib\site-packages\django\shortcuts.py", line 25, in render
    content = loader.render_to_string(template_name, context, request, using=using)
  File "C:\Users\HP\OneDrive\Documents\essetech\hotelapp\Hotel-website-Django\.venv\Lib\site-packages\django\template\loader.py", line 62, in render_to_string
    return template.render(context, request)
           ~~~~~~~~~~~~~~~^^^^^^^^^^^^^^^^^^
  File "C:\Users\HP\OneDrive\Documents\essetech\hotelapp\Hotel-website-Django\.venv\Lib\site-packages\django\template\backends\django.py", line 107, in render
    return self.template.render(context)
           ~~~~~~~~~~~~~~~~~~~~^^^^^^^^^
  File "C:\Users\HP\OneDrive\Documents\essetech\hotelapp\Hotel-website-Django\.venv\Lib\site-packages\django\template\base.py", line 171, in render
    return self._render(context)
           ~~~~~~~~~~~~^^^^^^^^^
  File "C:\Users\HP\OneDrive\Documents\essetech\hotelapp\Hotel-website-Django\.venv\Lib\site-packages\django\template\base.py", line 163, in _render
    return self.nodelist.render(context)
           ~~~~~~~~~~~~~~~~~~~~^^^^^^^^^
  File "C:\Users\HP\OneDrive\Documents\essetech\hotelapp\Hotel-website-Django\.venv\Lib\site-packages\django\template\base.py", line 1008, in render
    return SafeString("".join([node.render_annotated(context) for node in self]))
                               ~~~~~~~~~~~~~~~~~~~~~^^^^^^^^^
  File "C:\Users\HP\OneDrive\Documents\essetech\hotelapp\Hotel-website-Django\.venv\Lib\site-packages\django\template\base.py", line 969, in render_annotated
    return self.render(context)
           ~~~~~~~~~~~^^^^^^^^^
  File "C:\Users\HP\OneDrive\Documents\essetech\hotelapp\Hotel-website-Django\.venv\Lib\site-packages\django\template\loader_tags.py", line 159, in render
    return compiled_parent._render(context)
           ~~~~~~~~~~~~~~~~~~~~~~~^^^^^^^^^
  File "C:\Users\HP\OneDrive\Documents\essetech\hotelapp\Hotel-website-Django\.venv\Lib\site-packages\django\template\base.py", line 163, in _render
    return self.nodelist.render(context)
           ~~~~~~~~~~~~~~~~~~~~^^^^^^^^^
  File "C:\Users\HP\OneDrive\Documents\essetech\hotelapp\Hotel-website-Django\.venv\Lib\site-packages\django\template\base.py", line 1008, in render
    return SafeString("".join([node.render_annotated(context) for node in self]))
                               ~~~~~~~~~~~~~~~~~~~~~^^^^^^^^^
  File "C:\Users\HP\OneDrive\Documents\essetech\hotelapp\Hotel-website-Django\.venv\Lib\site-packages\django\template\base.py", line 969, in render_annotated
    return self.render(context)
           ~~~~~~~~~~~^^^^^^^^^
  File "C:\Users\HP\OneDrive\Documents\essetech\hotelapp\Hotel-website-Django\.venv\Lib\site-packages\django\template\loader_tags.py", line 65, in render
    result = block.nodelist.render(context)
  File "C:\Users\HP\OneDrive\Documents\essetech\hotelapp\Hotel-website-Django\.venv\Lib\site-packages\django\template\base.py", line 1008, in render
    return SafeString("".join([node.render_annotated(context) for node in self]))
                               ~~~~~~~~~~~~~~~~~~~~~^^^^^^^^^
  File "C:\Users\HP\OneDrive\Documents\essetech\hotelapp\Hotel-website-Django\.venv\Lib\site-packages\django\template\base.py", line 969, in render_annotated
    return self.render(context)
           ~~~~~~~~~~~^^^^^^^^^
  File "C:\Users\HP\OneDrive\Documents\essetech\hotelapp\Hotel-website-Django\.venv\Lib\site-packages\django\template\defaulttags.py", line 480, in render
    url = reverse(view_name, args=args, kwargs=kwargs, current_app=current_app)
  File "C:\Users\HP\OneDrive\Documents\essetech\hotelapp\Hotel-website-Django\.venv\Lib\site-packages\django\urls\base.py", line 88, in reverse
    return resolver._reverse_with_prefix(view, prefix, *args, **kwargs)
           ~~~~~~~~~~~~~~~~~~~~~~~~~~~~~^^^^^^^^^^^^^^^^^^^^^^^^^^^^^^^
  File "C:\Users\HP\OneDrive\Documents\essetech\hotelapp\Hotel-website-Django\.venv\Lib\site-packages\django\urls\resolvers.py", line 831, in _reverse_with_prefix
    raise NoReverseMatch(msg)
django.urls.exceptions.NoReverseMatch: Reverse for 'my-booking' not found. 'my-booking' is not a valid view function or pattern name.
ERROR 2025-07-30 19:10:07,915 basehttp 5928 5884 "GET /booking-success/ HTTP/1.1" 500 160916
INFO 2025-07-30 19:10:27,581 autoreload 5928 15196 C:\Users\HP\OneDrive\Documents\essetech\hotelapp\Hotel-website-Django\hotelapp\core\views.py changed, reloading.
INFO 2025-07-30 19:10:29,502 autoreload 18884 21544 Watching for file changes with StatReloader
ERROR 2025-07-30 19:10:30,455 log 18884 16352 Internal Server Error: /booking-success/
Traceback (most recent call last):
  File "C:\Users\HP\OneDrive\Documents\essetech\hotelapp\Hotel-website-Django\.venv\Lib\site-packages\django\core\handlers\exception.py", line 55, in inner
    response = get_response(request)
  File "C:\Users\HP\OneDrive\Documents\essetech\hotelapp\Hotel-website-Django\.venv\Lib\site-packages\django\core\handlers\base.py", line 197, in _get_response
    response = wrapped_callback(request, *callback_args, **callback_kwargs)
  File "C:\Users\HP\OneDrive\Documents\essetech\hotelapp\Hotel-website-Django\hotelapp\core\views.py", line 409, in booking_success
    return render(request, 'payments/success.html', context)
  File "C:\Users\HP\OneDrive\Documents\essetech\hotelapp\Hotel-website-Django\.venv\Lib\site-packages\django\shortcuts.py", line 25, in render
    content = loader.render_to_string(template_name, context, request, using=using)
  File "C:\Users\HP\OneDrive\Documents\essetech\hotelapp\Hotel-website-Django\.venv\Lib\site-packages\django\template\loader.py", line 62, in render_to_string
    return template.render(context, request)
           ~~~~~~~~~~~~~~~^^^^^^^^^^^^^^^^^^
  File "C:\Users\HP\OneDrive\Documents\essetech\hotelapp\Hotel-website-Django\.venv\Lib\site-packages\django\template\backends\django.py", line 107, in render
    return self.template.render(context)
           ~~~~~~~~~~~~~~~~~~~~^^^^^^^^^
  File "C:\Users\HP\OneDrive\Documents\essetech\hotelapp\Hotel-website-Django\.venv\Lib\site-packages\django\template\base.py", line 171, in render
    return self._render(context)
           ~~~~~~~~~~~~^^^^^^^^^
  File "C:\Users\HP\OneDrive\Documents\essetech\hotelapp\Hotel-website-Django\.venv\Lib\site-packages\django\template\base.py", line 163, in _render
    return self.nodelist.render(context)
           ~~~~~~~~~~~~~~~~~~~~^^^^^^^^^
  File "C:\Users\HP\OneDrive\Documents\essetech\hotelapp\Hotel-website-Django\.venv\Lib\site-packages\django\template\base.py", line 1008, in render
    return SafeString("".join([node.render_annotated(context) for node in self]))
                               ~~~~~~~~~~~~~~~~~~~~~^^^^^^^^^
  File "C:\Users\HP\OneDrive\Documents\essetech\hotelapp\Hotel-website-Django\.venv\Lib\site-packages\django\template\base.py", line 969, in render_annotated
    return self.render(context)
           ~~~~~~~~~~~^^^^^^^^^
  File "C:\Users\HP\OneDrive\Documents\essetech\hotelapp\Hotel-website-Django\.venv\Lib\site-packages\django\template\loader_tags.py", line 159, in render
    return compiled_parent._render(context)
           ~~~~~~~~~~~~~~~~~~~~~~~^^^^^^^^^
  File "C:\Users\HP\OneDrive\Documents\essetech\hotelapp\Hotel-website-Django\.venv\Lib\site-packages\django\template\base.py", line 163, in _render
    return self.nodelist.render(context)
           ~~~~~~~~~~~~~~~~~~~~^^^^^^^^^
  File "C:\Users\HP\OneDrive\Documents\essetech\hotelapp\Hotel-website-Django\.venv\Lib\site-packages\django\template\base.py", line 1008, in render
    return SafeString("".join([node.render_annotated(context) for node in self]))
                               ~~~~~~~~~~~~~~~~~~~~~^^^^^^^^^
  File "C:\Users\HP\OneDrive\Documents\essetech\hotelapp\Hotel-website-Django\.venv\Lib\site-packages\django\template\base.py", line 969, in render_annotated
    return self.render(context)
           ~~~~~~~~~~~^^^^^^^^^
  File "C:\Users\HP\OneDrive\Documents\essetech\hotelapp\Hotel-website-Django\.venv\Lib\site-packages\django\template\loader_tags.py", line 65, in render
    result = block.nodelist.render(context)
  File "C:\Users\HP\OneDrive\Documents\essetech\hotelapp\Hotel-website-Django\.venv\Lib\site-packages\django\template\base.py", line 1008, in render
    return SafeString("".join([node.render_annotated(context) for node in self]))
                               ~~~~~~~~~~~~~~~~~~~~~^^^^^^^^^
  File "C:\Users\HP\OneDrive\Documents\essetech\hotelapp\Hotel-website-Django\.venv\Lib\site-packages\django\template\base.py", line 969, in render_annotated
    return self.render(context)
           ~~~~~~~~~~~^^^^^^^^^
  File "C:\Users\HP\OneDrive\Documents\essetech\hotelapp\Hotel-website-Django\.venv\Lib\site-packages\django\template\defaulttags.py", line 480, in render
    url = reverse(view_name, args=args, kwargs=kwargs, current_app=current_app)
  File "C:\Users\HP\OneDrive\Documents\essetech\hotelapp\Hotel-website-Django\.venv\Lib\site-packages\django\urls\base.py", line 88, in reverse
    return resolver._reverse_with_prefix(view, prefix, *args, **kwargs)
           ~~~~~~~~~~~~~~~~~~~~~~~~~~~~~^^^^^^^^^^^^^^^^^^^^^^^^^^^^^^^
  File "C:\Users\HP\OneDrive\Documents\essetech\hotelapp\Hotel-website-Django\.venv\Lib\site-packages\django\urls\resolvers.py", line 831, in _reverse_with_prefix
    raise NoReverseMatch(msg)
django.urls.exceptions.NoReverseMatch: Reverse for 'my-booking' not found. 'my-booking' is not a valid view function or pattern name.
ERROR 2025-07-30 19:10:30,464 basehttp 18884 16352 "GET /booking-success/ HTTP/1.1" 500 160916
INFO 2025-07-30 19:10:52,398 autoreload 18884 21544 C:\Users\HP\OneDrive\Documents\essetech\hotelapp\Hotel-website-Django\hotelapp\core\views.py changed, reloading.
INFO 2025-07-30 19:10:53,501 autoreload 22484 4260 Watching for file changes with StatReloader
ERROR 2025-07-30 19:10:54,574 log 22484 10048 Internal Server Error: /booking-success/
Traceback (most recent call last):
  File "C:\Users\HP\OneDrive\Documents\essetech\hotelapp\Hotel-website-Django\.venv\Lib\site-packages\django\core\handlers\exception.py", line 55, in inner
    response = get_response(request)
  File "C:\Users\HP\OneDrive\Documents\essetech\hotelapp\Hotel-website-Django\.venv\Lib\site-packages\django\core\handlers\base.py", line 197, in _get_response
    response = wrapped_callback(request, *callback_args, **callback_kwargs)
  File "C:\Users\HP\OneDrive\Documents\essetech\hotelapp\Hotel-website-Django\hotelapp\core\views.py", line 409, in booking_success
    return render(request, 'payments/success.html', context)
  File "C:\Users\HP\OneDrive\Documents\essetech\hotelapp\Hotel-website-Django\.venv\Lib\site-packages\django\shortcuts.py", line 25, in render
    content = loader.render_to_string(template_name, context, request, using=using)
  File "C:\Users\HP\OneDrive\Documents\essetech\hotelapp\Hotel-website-Django\.venv\Lib\site-packages\django\template\loader.py", line 62, in render_to_string
    return template.render(context, request)
           ~~~~~~~~~~~~~~~^^^^^^^^^^^^^^^^^^
  File "C:\Users\HP\OneDrive\Documents\essetech\hotelapp\Hotel-website-Django\.venv\Lib\site-packages\django\template\backends\django.py", line 107, in render
    return self.template.render(context)
           ~~~~~~~~~~~~~~~~~~~~^^^^^^^^^
  File "C:\Users\HP\OneDrive\Documents\essetech\hotelapp\Hotel-website-Django\.venv\Lib\site-packages\django\template\base.py", line 171, in render
    return self._render(context)
           ~~~~~~~~~~~~^^^^^^^^^
  File "C:\Users\HP\OneDrive\Documents\essetech\hotelapp\Hotel-website-Django\.venv\Lib\site-packages\django\template\base.py", line 163, in _render
    return self.nodelist.render(context)
           ~~~~~~~~~~~~~~~~~~~~^^^^^^^^^
  File "C:\Users\HP\OneDrive\Documents\essetech\hotelapp\Hotel-website-Django\.venv\Lib\site-packages\django\template\base.py", line 1008, in render
    return SafeString("".join([node.render_annotated(context) for node in self]))
                               ~~~~~~~~~~~~~~~~~~~~~^^^^^^^^^
  File "C:\Users\HP\OneDrive\Documents\essetech\hotelapp\Hotel-website-Django\.venv\Lib\site-packages\django\template\base.py", line 969, in render_annotated
    return self.render(context)
           ~~~~~~~~~~~^^^^^^^^^
  File "C:\Users\HP\OneDrive\Documents\essetech\hotelapp\Hotel-website-Django\.venv\Lib\site-packages\django\template\loader_tags.py", line 159, in render
    return compiled_parent._render(context)
           ~~~~~~~~~~~~~~~~~~~~~~~^^^^^^^^^
  File "C:\Users\HP\OneDrive\Documents\essetech\hotelapp\Hotel-website-Django\.venv\Lib\site-packages\django\template\base.py", line 163, in _render
    return self.nodelist.render(context)
           ~~~~~~~~~~~~~~~~~~~~^^^^^^^^^
  File "C:\Users\HP\OneDrive\Documents\essetech\hotelapp\Hotel-website-Django\.venv\Lib\site-packages\django\template\base.py", line 1008, in render
    return SafeString("".join([node.render_annotated(context) for node in self]))
                               ~~~~~~~~~~~~~~~~~~~~~^^^^^^^^^
  File "C:\Users\HP\OneDrive\Documents\essetech\hotelapp\Hotel-website-Django\.venv\Lib\site-packages\django\template\base.py", line 969, in render_annotated
    return self.render(context)
           ~~~~~~~~~~~^^^^^^^^^
  File "C:\Users\HP\OneDrive\Documents\essetech\hotelapp\Hotel-website-Django\.venv\Lib\site-packages\django\template\loader_tags.py", line 65, in render
    result = block.nodelist.render(context)
  File "C:\Users\HP\OneDrive\Documents\essetech\hotelapp\Hotel-website-Django\.venv\Lib\site-packages\django\template\base.py", line 1008, in render
    return SafeString("".join([node.render_annotated(context) for node in self]))
                               ~~~~~~~~~~~~~~~~~~~~~^^^^^^^^^
  File "C:\Users\HP\OneDrive\Documents\essetech\hotelapp\Hotel-website-Django\.venv\Lib\site-packages\django\template\base.py", line 969, in render_annotated
    return self.render(context)
           ~~~~~~~~~~~^^^^^^^^^
  File "C:\Users\HP\OneDrive\Documents\essetech\hotelapp\Hotel-website-Django\.venv\Lib\site-packages\django\template\defaulttags.py", line 480, in render
    url = reverse(view_name, args=args, kwargs=kwargs, current_app=current_app)
  File "C:\Users\HP\OneDrive\Documents\essetech\hotelapp\Hotel-website-Django\.venv\Lib\site-packages\django\urls\base.py", line 88, in reverse
    return resolver._reverse_with_prefix(view, prefix, *args, **kwargs)
           ~~~~~~~~~~~~~~~~~~~~~~~~~~~~~^^^^^^^^^^^^^^^^^^^^^^^^^^^^^^^
  File "C:\Users\HP\OneDrive\Documents\essetech\hotelapp\Hotel-website-Django\.venv\Lib\site-packages\django\urls\resolvers.py", line 831, in _reverse_with_prefix
    raise NoReverseMatch(msg)
django.urls.exceptions.NoReverseMatch: Reverse for 'my-booking' not found. 'my-booking' is not a valid view function or pattern name.
ERROR 2025-07-30 19:10:54,586 basehttp 22484 10048 "GET /booking-success/ HTTP/1.1" 500 160916
INFO 2025-07-30 19:11:40,094 basehttp 22484 20424 "GET /booking-success/ HTTP/1.1" 200 7347
INFO 2025-07-30 19:11:40,173 basehttp 22484 20424 "GET /static/css/dist/styles.css?v=1753945900 HTTP/1.1" 200 69921
INFO 2025-07-30 19:12:37,191 basehttp 22484 19852 "GET /booking-success/ HTTP/1.1" 200 7347
INFO 2025-07-30 19:12:37,228 basehttp 22484 19852 "GET /static/css/dist/styles.css?v=1753945957 HTTP/1.1" 200 69921
INFO 2025-07-30 19:12:57,793 basehttp 22484 5720 "GET /my_booking/ HTTP/1.1" 200 24792
INFO 2025-07-30 19:12:57,840 basehttp 22484 5720 "GET /static/css/dist/styles.css?v=1753945977 HTTP/1.1" 200 69921
INFO 2025-07-30 19:13:10,274 basehttp 22484 19428 "GET / HTTP/1.1" 200 16641
INFO 2025-07-30 19:13:10,316 basehttp 22484 19428 "GET /static/css/dist/styles.css?v=1753945990 HTTP/1.1" 200 69921
INFO 2025-07-30 19:13:15,138 basehttp 22484 20632 "GET /hotel_rooms/ HTTP/1.1" 200 17899
INFO 2025-07-30 19:13:15,198 basehttp 22484 20632 "GET /static/css/dist/styles.css?v=1753945995 HTTP/1.1" 200 69921
INFO 2025-07-30 19:13:17,046 basehttp 22484 5220 "GET /hotel_rooms/room-list/1/ HTTP/1.1" 200 50039
INFO 2025-07-30 19:13:17,084 basehttp 22484 5220 "GET /static/css/dist/styles.css?v=1753945997 HTTP/1.1" 200 69921
INFO 2025-07-30 19:13:37,079 basehttp 22484 20408 "POST /create-booking/ HTTP/1.1" 302 0
INFO 2025-07-30 19:13:37,105 basehttp 22484 20408 "GET /hotel_rooms/ HTTP/1.1" 200 19442
INFO 2025-07-30 19:13:37,144 basehttp 22484 20408 "GET /static/css/dist/styles.css?v=1753946017 HTTP/1.1" 200 69921
INFO 2025-07-30 19:13:55,510 basehttp 22484 21316 "GET /hotel_rooms/room-list/1/ HTTP/1.1" 200 50039
INFO 2025-07-30 19:13:55,545 basehttp 22484 21316 "GET /static/css/dist/styles.css?v=1753946035 HTTP/1.1" 200 69921
INFO 2025-07-30 19:14:10,105 basehttp 22484 16000 "POST /create-booking/ HTTP/1.1" 302 0
INFO 2025-07-30 19:14:21,543 basehttp 22484 16000 "GET /verify-booking-payment/?trxref=6e468522-1bae-428c-a935-e135a69bbbbd&reference=6e468522-1bae-428c-a935-e135a69bbbbd HTTP/1.1" 302 0
WARNING 2025-07-30 19:14:21,566 log 22484 16000 Not Found: /booking-payment-success/
WARNING 2025-07-30 19:14:21,566 basehttp 22484 16000 "GET /booking-payment-success/?booking_id=8 HTTP/1.1" 404 12335
INFO 2025-07-30 19:15:28,377 autoreload 22484 4260 C:\Users\HP\OneDrive\Documents\essetech\hotelapp\Hotel-website-Django\hotelapp\core\views.py changed, reloading.
INFO 2025-07-30 19:15:29,236 autoreload 14496 20772 Watching for file changes with StatReloader
WARNING 2025-07-30 19:15:30,192 log 14496 12232 Not Found: /booking-payment-success/
WARNING 2025-07-30 19:15:30,193 basehttp 14496 12232 "GET /booking-payment-success/?booking_id=8 HTTP/1.1" 404 12335
INFO 2025-07-30 19:16:06,751 autoreload 14496 20772 C:\Users\HP\OneDrive\Documents\essetech\hotelapp\Hotel-website-Django\hotelapp\core\views.py changed, reloading.
INFO 2025-07-30 19:16:08,117 autoreload 6612 22000 Watching for file changes with StatReloader
WARNING 2025-07-30 19:16:08,861 log 6612 15540 Not Found: /booking-payment-success/
WARNING 2025-07-30 19:16:08,863 basehttp 6612 15540 "GET /booking-payment-success/?booking_id=8 HTTP/1.1" 404 12335
INFO 2025-07-30 19:16:18,503 autoreload 6612 22000 C:\Users\HP\OneDrive\Documents\essetech\hotelapp\Hotel-website-Django\hotelapp\core\views.py changed, reloading.
INFO 2025-07-30 19:16:19,574 autoreload 5932 7024 Watching for file changes with StatReloader
WARNING 2025-07-30 19:16:20,864 log 5932 21188 Not Found: /booking-payment-success/
WARNING 2025-07-30 19:16:20,865 basehttp 5932 21188 "GET /booking-payment-success/?booking_id=8 HTTP/1.1" 404 12335
WARNING 2025-07-30 19:16:27,717 log 5932 21604 Not Found: /booking-payment-success/
WARNING 2025-07-30 19:16:27,718 basehttp 5932 21604 "GET /booking-payment-success/ HTTP/1.1" 404 12322
WARNING 2025-07-30 19:16:30,591 log 5932 10236 Not Found: /booking-payment-success/
WARNING 2025-07-30 19:16:30,594 basehttp 5932 10236 "GET /booking-payment-success/ HTTP/1.1" 404 12322
INFO 2025-07-30 19:16:33,868 basehttp 5932 17952 "GET / HTTP/1.1" 200 14538
INFO 2025-07-30 19:16:33,936 basehttp 5932 17952 "GET /static/css/dist/styles.css?v=1753946193 HTTP/1.1" 200 69921
INFO 2025-07-30 19:16:46,401 basehttp 5932 20516 "GET / HTTP/1.1" 200 14538
INFO 2025-07-30 19:16:46,443 basehttp 5932 20516 "GET /static/css/dist/styles.css?v=1753946206 HTTP/1.1" 200 69921
INFO 2025-07-30 19:17:15,601 autoreload 3568 16868 Watching for file changes with StatReloader
INFO 2025-07-30 19:17:22,604 basehttp 3568 17536 "GET / HTTP/1.1" 200 14538
INFO 2025-07-30 19:17:22,663 basehttp 3568 17536 "GET /static/css/dist/styles.css?v=1753946242 HTTP/1.1" 200 69921
INFO 2025-07-30 19:17:26,026 basehttp 3568 22988 "GET /hotel_rooms/ HTTP/1.1" 200 17899
INFO 2025-07-30 19:17:26,078 basehttp 3568 22988 "GET /static/css/dist/styles.css?v=1753946245 HTTP/1.1" 200 69921
INFO 2025-07-30 19:17:27,649 basehttp 3568 9008 "GET /hotel_rooms/room-list/1/ HTTP/1.1" 200 50039
INFO 2025-07-30 19:17:27,694 basehttp 3568 9008 "GET /static/css/dist/styles.css?v=1753946247 HTTP/1.1" 200 69921
INFO 2025-07-30 19:17:41,835 basehttp 3568 8600 "POST /create-booking/ HTTP/1.1" 302 0
INFO 2025-07-30 19:17:50,299 basehttp 3568 8600 "GET /verify-booking-payment/?trxref=6cc2495a-e726-45a9-b68b-8aca26f08c7c&reference=6cc2495a-e726-45a9-b68b-8aca26f08c7c HTTP/1.1" 302 0
INFO 2025-07-30 19:17:50,323 basehttp 3568 8600 "GET /booking-success/?booking_id=9 HTTP/1.1" 200 7368
INFO 2025-07-30 19:17:50,391 basehttp 3568 8600 "GET /static/css/dist/styles.css?v=1753946270 HTTP/1.1" 200 69921
INFO 2025-07-30 19:18:33,064 basehttp 3568 14124 "GET /booking-success/?booking_id=9 HTTP/1.1" 200 7368
INFO 2025-07-30 19:18:33,101 basehttp 3568 14124 "GET /static/css/dist/styles.css?v=1753946313 HTTP/1.1" 200 69921
INFO 2025-07-30 19:18:59,225 basehttp 3568 23044 "GET /hotel_rooms/ HTTP/1.1" 200 17899
INFO 2025-07-30 19:18:59,270 basehttp 3568 23044 "GET /static/css/dist/styles.css?v=1753946339 HTTP/1.1" 200 69921
INFO 2025-07-30 19:19:06,783 basehttp 3568 20704 "GET /my_booking/ HTTP/1.1" 200 32334
INFO 2025-07-30 19:19:06,865 basehttp 3568 20704 "GET /static/css/dist/styles.css?v=1753946346 HTTP/1.1" 200 69921
INFO 2025-07-30 19:19:12,190 basehttp 3568 15844 "GET /hotel_rooms/ HTTP/1.1" 200 17899
INFO 2025-07-30 19:19:12,261 basehttp 3568 15844 "GET /static/css/dist/styles.css?v=1753946352 HTTP/1.1" 200 69921
INFO 2025-07-30 19:19:13,909 basehttp 3568 14884 "GET /hotel_rooms/room-list/1/ HTTP/1.1" 200 50039
INFO 2025-07-30 19:19:13,977 basehttp 3568 14884 "GET /static/css/dist/styles.css?v=1753946353 HTTP/1.1" 200 69921
INFO 2025-07-30 19:19:29,023 basehttp 3568 20852 "GET /contact/ HTTP/1.1" 200 16481
INFO 2025-07-30 19:19:29,087 basehttp 3568 20852 "GET /static/css/dist/styles.css?v=1753946368 HTTP/1.1" 200 69921
INFO 2025-07-30 19:19:30,413 basehttp 3568 9376 "GET /my_booking/ HTTP/1.1" 200 32334
INFO 2025-07-30 19:19:30,486 basehttp 3568 9376 "GET /static/css/dist/styles.css?v=1753946370 HTTP/1.1" 200 69921
INFO 2025-07-30 19:19:33,516 basehttp 3568 23508 "GET /about/ HTTP/1.1" 200 14433
INFO 2025-07-30 19:19:33,583 basehttp 3568 23508 "GET /static/css/dist/styles.css?v=1753946373 HTTP/1.1" 200 69921
INFO 2025-07-30 19:19:35,275 basehttp 3568 23256 "GET / HTTP/1.1" 200 14538
INFO 2025-07-30 19:19:35,343 basehttp 3568 23256 "GET /static/css/dist/styles.css?v=1753946375 HTTP/1.1" 200 69921
INFO 2025-07-30 19:19:43,428 basehttp 3568 16388 "GET /profile/ HTTP/1.1" 200 21720
INFO 2025-07-30 19:19:43,500 basehttp 3568 16388 "GET /static/css/dist/styles.css?v=1753946383 HTTP/1.1" 200 69921
INFO 2025-07-30 19:19:45,711 basehttp 3568 4280 "GET /contact/ HTTP/1.1" 200 16481
INFO 2025-07-30 19:19:45,792 basehttp 3568 4280 "GET /static/css/dist/styles.css?v=1753946385 HTTP/1.1" 200 69921
INFO 2025-07-30 19:19:47,323 basehttp 3568 7224 "GET / HTTP/1.1" 200 14538
INFO 2025-07-30 19:19:47,392 basehttp 3568 7224 "GET /static/css/dist/styles.css?v=1753946387 HTTP/1.1" 200 69921
INFO 2025-07-30 19:19:51,775 basehttp 3568 796 "GET /logout_user/ HTTP/1.1" 302 0
INFO 2025-07-30 19:19:51,791 basehttp 3568 796 "GET / HTTP/1.1" 200 13159
INFO 2025-07-30 19:19:51,846 basehttp 3568 796 "GET /static/css/dist/styles.css?v=1753946391 HTTP/1.1" 200 69921
INFO 2025-07-30 19:19:54,325 basehttp 3568 1856 "GET /sign_up/ HTTP/1.1" 200 7561
INFO 2025-07-30 19:19:54,400 basehttp 3568 1856 "GET /static/css/dist/styles.css?v=1753946394 HTTP/1.1" 200 69921
INFO 2025-07-30 19:21:26,423 basehttp 3568 4748 "GET /sign_up/ HTTP/1.1" 200 7561
INFO 2025-07-30 19:21:26,523 basehttp 3568 4748 "GET /static/css/dist/styles.css?v=1753946486 HTTP/1.1" 200 69921
INFO 2025-07-30 19:23:15,725 basehttp 3568 6120 "GET /sign_up/ HTTP/1.1" 200 17935
INFO 2025-07-30 19:23:15,809 basehttp 3568 6120 "GET /static/css/dist/styles.css?v=1753946595 HTTP/1.1" 200 69921
INFO 2025-07-30 19:23:20,042 basehttp 3568 11896 "GET /sign_up/ HTTP/1.1" 200 17935
INFO 2025-07-30 19:23:20,122 basehttp 3568 11896 "GET /static/css/dist/styles.css?v=1753946600 HTTP/1.1" 200 69921
INFO 2025-07-30 19:24:30,158 basehttp 3568 23076 "GET /sign_up/ HTTP/1.1" 200 17935
INFO 2025-07-30 19:24:30,232 basehttp 3568 23076 "GET /static/css/dist/styles.css?v=1753946670 HTTP/1.1" 200 95977
INFO 2025-07-30 19:24:35,289 basehttp 3568 17148 "GET /sign_up/ HTTP/1.1" 200 17935
INFO 2025-07-30 19:24:35,352 basehttp 3568 17148 "GET /static/css/dist/styles.css?v=1753946675 HTTP/1.1" 200 95977
INFO 2025-07-30 19:25:13,612 basehttp 3568 15368 "GET /login/ HTTP/1.1" 200 12966
INFO 2025-07-30 19:25:13,690 basehttp 3568 15368 "GET /static/css/dist/styles.css?v=1753946713 HTTP/1.1" 200 95977
INFO 2025-07-30 19:25:27,968 basehttp 3568 21720 "GET /login/ HTTP/1.1" 200 12966
INFO 2025-07-30 19:25:28,062 basehttp 3568 21720 "GET /static/css/style.css HTTP/1.1" 200 25498
INFO 2025-07-30 19:25:28,068 basehttp 3568 7624 "GET /static/js/app.js HTTP/1.1" 200 4028
INFO 2025-07-30 19:25:28,071 basehttp 3568 18652 "GET /static/css/dist/styles.css?v=1753946727 HTTP/1.1" 200 95977
INFO 2025-07-30 19:25:28,206 basehttp 3568 18652 "GET /static/django-browser-reload/reload-listener.js HTTP/1.1" 200 623
INFO 2025-07-30 19:25:33,370 basehttp 3568 18652 "GET /sign_up/ HTTP/1.1" 200 17935
INFO 2025-07-30 19:25:33,422 basehttp 3568 18652 "GET /static/css/dist/styles.css?v=1753946733 HTTP/1.1" 200 95977
INFO 2025-07-30 19:25:36,591 basehttp 3568 18652 "GET /sign_up/ HTTP/1.1" 200 17935
INFO 2025-07-30 19:25:36,684 basehttp 3568 18652 "GET /static/css/dist/styles.css?v=1753946736 HTTP/1.1" 200 95977
INFO 2025-07-30 19:27:28,109 basehttp 3568 18652 "GET /sign_up/ HTTP/1.1" 200 17935
INFO 2025-07-30 19:27:28,196 basehttp 3568 18652 "GET /static/css/dist/styles.css?v=1753946848 HTTP/1.1" 200 81920
INFO 2025-07-30 19:27:28,751 basehttp 3568 7624 "GET /static/js/app.js HTTP/1.1" 304 0
INFO 2025-07-30 19:27:46,466 basehttp 3568 7624 "GET /sign_up/ HTTP/1.1" 200 17935
INFO 2025-07-30 19:27:46,722 basehttp 3568 7624 "GET /static/css/dist/styles.css?v=1753946866 HTTP/1.1" 200 98568
INFO 2025-07-30 19:27:50,284 basehttp 3568 21720 "GET /login/ HTTP/1.1" 200 11460
INFO 2025-07-30 19:27:50,388 basehttp 3568 21720 "GET /static/css/dist/styles.css?v=1753946870 HTTP/1.1" 200 98568
INFO 2025-07-30 19:28:12,442 basehttp 3568 19368 "GET /login/ HTTP/1.1" 200 11460
INFO 2025-07-30 19:28:12,611 basehttp 3568 19368 "GET /static/css/style.css HTTP/1.1" 200 25498
INFO 2025-07-30 19:28:12,621 basehttp 3568 8660 "GET /static/js/app.js HTTP/1.1" 200 4028
INFO 2025-07-30 19:28:12,636 basehttp 3568 23036 "GET /static/css/dist/styles.css?v=1753946892 HTTP/1.1" 200 98568
INFO 2025-07-30 19:28:12,925 basehttp 3568 23036 "GET /static/django-browser-reload/reload-listener.js HTTP/1.1" 200 623
INFO 2025-07-30 19:29:14,392 basehttp 3568 23036 "GET /login/ HTTP/1.1" 200 11460
INFO 2025-07-30 19:29:14,449 basehttp 3568 23036 "GET /static/css/dist/styles.css?v=1753946954 HTTP/1.1" 200 99107
INFO 2025-07-30 19:29:35,246 basehttp 3568 23036 "GET /sign_up/ HTTP/1.1" 200 16036
INFO 2025-07-30 19:29:35,304 basehttp 3568 23036 "GET /static/css/dist/styles.css?v=1753946975 HTTP/1.1" 200 99107
INFO 2025-07-30 19:29:36,954 basehttp 3568 23036 "GET /sign_up/ HTTP/1.1" 200 16036
INFO 2025-07-30 19:29:37,028 basehttp 3568 23036 "GET /static/css/dist/styles.css?v=1753946976 HTTP/1.1" 200 99107
INFO 2025-07-30 19:29:42,678 basehttp 3568 23036 "GET /sign_up/ HTTP/1.1" 200 16036
INFO 2025-07-30 19:29:42,760 basehttp 3568 23036 "GET /static/css/dist/styles.css?v=1753946982 HTTP/1.1" 200 99107
INFO 2025-07-30 19:32:18,365 basehttp 3568 20104 "GET /sign_up/ HTTP/1.1" 200 16036
INFO 2025-07-30 19:32:20,999 basehttp 3568 20104 "GET /static/css/dist/styles.css?v=1753947138 HTTP/1.1" 200 101025
INFO 2025-07-30 19:32:21,891 basehttp 3568 20104 "GET /static/js/app.js HTTP/1.1" 304 0
INFO 2025-07-30 19:32:47,224 basehttp 3568 13724 "GET /sign_up/ HTTP/1.1" 200 16036
INFO 2025-07-30 19:32:47,460 basehttp 3568 13724 "GET /static/css/dist/styles.css?v=1753947167 HTTP/1.1" 200 101025
INFO 2025-07-30 19:33:47,801 autoreload 3568 16868 C:\Users\HP\OneDrive\Documents\essetech\hotelapp\Hotel-website-Django\hotelapp\account\urls.py changed, reloading.
INFO 2025-07-30 19:33:53,460 autoreload 21464 18212 Watching for file changes with StatReloader
INFO 2025-07-30 19:34:02,897 autoreload 21464 18212 C:\Users\HP\OneDrive\Documents\essetech\hotelapp\Hotel-website-Django\hotelapp\account\urls.py changed, reloading.
INFO 2025-07-30 19:34:05,037 autoreload 20512 8660 Watching for file changes with StatReloader
INFO 2025-07-30 19:34:07,366 basehttp 20512 5952 "GET /sign_up/ HTTP/1.1" 200 16036
INFO 2025-07-30 19:34:07,610 basehttp 20512 5952 "GET /static/css/dist/styles.css?v=1753947247 HTTP/1.1" 200 101025
INFO 2025-07-30 19:34:27,406 autoreload 20512 8660 C:\Users\HP\OneDrive\Documents\essetech\hotelapp\Hotel-website-Django\hotelapp\account\urls.py changed, reloading.
INFO 2025-07-30 19:34:29,302 autoreload 21824 17720 Watching for file changes with StatReloader
INFO 2025-07-30 19:34:30,967 basehttp 21824 22024 "GET /sign_up/ HTTP/1.1" 200 16036
INFO 2025-07-30 19:34:31,019 basehttp 21824 17004 "GET /static/js/app.js HTTP/1.1" 304 0
INFO 2025-07-30 19:34:31,122 basehttp 21824 22024 "GET /static/css/dist/styles.css?v=1753947270 HTTP/1.1" 200 101025
INFO 2025-07-30 19:34:34,906 autoreload 21824 17720 C:\Users\HP\OneDrive\Documents\essetech\hotelapp\Hotel-website-Django\hotelapp\account\urls.py changed, reloading.
INFO 2025-07-30 19:34:36,822 autoreload 18484 9008 Watching for file changes with StatReloader
INFO 2025-07-30 19:34:38,502 basehttp 18484 20892 "GET /sign_up/ HTTP/1.1" 200 16036
INFO 2025-07-30 19:34:38,646 basehttp 18484 20892 "GET /static/css/dist/styles.css?v=1753947278 HTTP/1.1" 200 101025
INFO 2025-07-30 19:35:23,198 basehttp 18484 16652 "GET /sign_up/ HTTP/1.1" 200 16036
INFO 2025-07-30 19:35:23,307 basehttp 18484 16652 "GET /static/css/dist/styles.css?v=1753947323 HTTP/1.1" 200 101025
INFO 2025-07-30 19:35:25,404 basehttp 18484 9064 "GET /sign_up/ HTTP/1.1" 200 16036
INFO 2025-07-30 19:35:25,456 basehttp 18484 9064 "GET /static/css/dist/styles.css?v=1753947325 HTTP/1.1" 200 101025
INFO 2025-07-30 19:35:55,098 basehttp 18484 5928 "GET /login/ HTTP/1.1" 200 11475
INFO 2025-07-30 19:35:55,206 basehttp 18484 5928 "GET /static/css/dist/styles.css?v=1753947355 HTTP/1.1" 200 101025
INFO 2025-07-30 19:35:56,848 basehttp 18484 15516 "GET /reset_password/ HTTP/1.1" 200 11114
INFO 2025-07-30 19:35:56,936 basehttp 18484 15516 "GET /static/css/dist/styles.css?v=1753947356 HTTP/1.1" 200 101025
INFO 2025-07-30 19:36:00,899 basehttp 18484 11172 "GET /reset_password/ HTTP/1.1" 200 11114
INFO 2025-07-30 19:36:00,978 basehttp 18484 11172 "GET /static/css/dist/styles.css?v=1753947360 HTTP/1.1" 200 101025
INFO 2025-07-30 19:36:04,840 basehttp 18484 22880 "GET /reset_password/ HTTP/1.1" 200 11114
INFO 2025-07-30 19:36:04,918 basehttp 18484 22880 "GET /static/css/dist/styles.css?v=1753947364 HTTP/1.1" 200 101025
INFO 2025-07-30 19:37:01,632 basehttp 18484 14280 "GET /sign_up/ HTTP/1.1" 200 16036
INFO 2025-07-30 19:37:01,725 basehttp 18484 14280 "GET /static/css/dist/styles.css?v=1753947421 HTTP/1.1" 200 101025
INFO 2025-07-30 19:37:01,730 basehttp 18484 23528 "GET /static/js/app.js HTTP/1.1" 304 0
INFO 2025-07-30 19:37:07,127 basehttp 18484 14280 "GET /login/ HTTP/1.1" 200 11475
INFO 2025-07-30 19:37:07,217 basehttp 18484 14280 "GET /static/css/dist/styles.css?v=1753947427 HTTP/1.1" 200 101025
INFO 2025-07-30 19:37:12,195 basehttp 18484 21420 "GET /reset_password/ HTTP/1.1" 200 11114
INFO 2025-07-30 19:37:12,281 basehttp 18484 21420 "GET /static/css/dist/styles.css?v=1753947432 HTTP/1.1" 200 101025
INFO 2025-07-30 19:37:56,010 basehttp 18484 6076 "GET /reset_password/ HTTP/1.1" 200 11114
INFO 2025-07-30 19:37:56,077 basehttp 18484 6076 "GET /static/css/dist/styles.css?v=1753947476 HTTP/1.1" 200 101025
INFO 2025-07-30 19:39:18,324 basehttp 18484 22848 "GET /reset_password/ HTTP/1.1" 200 8531
INFO 2025-07-30 19:39:18,425 basehttp 18484 22848 "GET /static/css/dist/styles.css?v=1753947558 HTTP/1.1" 200 101025
INFO 2025-07-30 19:39:53,250 basehttp 18484 23276 "GET /reset_password/ HTTP/1.1" 200 8531
INFO 2025-07-30 19:39:53,320 basehttp 18484 22876 "GET /static/js/app.js HTTP/1.1" 304 0
INFO 2025-07-30 19:39:53,326 basehttp 18484 23276 "GET /static/css/dist/styles.css?v=1753947593 HTTP/1.1" 200 101455
ERROR 2025-07-30 19:40:17,859 forms 18484 22876 Failed to send password reset email to 2
Traceback (most recent call last):
  File "C:\Users\HP\OneDrive\Documents\essetech\hotelapp\Hotel-website-Django\.venv\Lib\site-packages\django\contrib\auth\forms.py", line 424, in send_mail
    email_message.send()
    ~~~~~~~~~~~~~~~~~~^^
  File "C:\Users\HP\OneDrive\Documents\essetech\hotelapp\Hotel-website-Django\.venv\Lib\site-packages\django\core\mail\message.py", line 301, in send
    return self.get_connection(fail_silently).send_messages([self])
           ~~~~~~~~~~~~~~~~~~~~~~~~~~~~~~~~~~~~~~~~~~~~~~~~^^^^^^^^
  File "C:\Users\HP\OneDrive\Documents\essetech\hotelapp\Hotel-website-Django\.venv\Lib\site-packages\django\core\mail\backends\smtp.py", line 128, in send_messages
    new_conn_created = self.open()
  File "C:\Users\HP\OneDrive\Documents\essetech\hotelapp\Hotel-website-Django\.venv\Lib\site-packages\django\core\mail\backends\smtp.py", line 95, in open
    self.connection.login(self.username, self.password)
    ~~~~~~~~~~~~~~~~~~~~~^^^^^^^^^^^^^^^^^^^^^^^^^^^^^^
  File "C:\Users\HP\AppData\Local\Programs\Python\Python313\Lib\smtplib.py", line 750, in login
    raise last_exception
  File "C:\Users\HP\AppData\Local\Programs\Python\Python313\Lib\smtplib.py", line 739, in login
    (code, resp) = self.auth(
                   ~~~~~~~~~^
        authmethod, getattr(self, method_name),
        ^^^^^^^^^^^^^^^^^^^^^^^^^^^^^^^^^^^^^^^
        initial_response_ok=initial_response_ok)
        ^^^^^^^^^^^^^^^^^^^^^^^^^^^^^^^^^^^^^^^^
  File "C:\Users\HP\AppData\Local\Programs\Python\Python313\Lib\smtplib.py", line 662, in auth
    raise SMTPAuthenticationError(code, resp)
smtplib.SMTPAuthenticationError: (535, b'Authentication Failed')
INFO 2025-07-30 19:40:17,982 basehttp 18484 22876 "POST /reset_password/ HTTP/1.1" 302 0
INFO 2025-07-30 19:40:18,030 basehttp 18484 22876 "GET /reset_password_sent/ HTTP/1.1" 200 7451
INFO 2025-07-30 19:40:18,174 basehttp 18484 22876 "GET /static/css/dist/styles.css?v=1753947618 HTTP/1.1" 200 101455
INFO 2025-07-30 19:41:10,958 basehttp 18484 21264 "GET /reset_password_sent/ HTTP/1.1" 200 7451
INFO 2025-07-30 19:41:11,077 basehttp 18484 21264 "GET /static/css/dist/styles.css?v=1753947670 HTTP/1.1" 200 101455
INFO 2025-07-30 19:41:47,842 basehttp 18484 21340 "GET /reset_password_sent/ HTTP/1.1" 200 7451
INFO 2025-07-30 19:41:47,914 basehttp 18484 21340 "GET /static/css/dist/styles.css?v=1753947707 HTTP/1.1" 200 101816
INFO 2025-07-30 19:43:01,515 basehttp 18484 17308 "GET /reset_password/ HTTP/1.1" 200 8531
INFO 2025-07-30 19:43:01,634 basehttp 18484 20920 "GET /static/js/app.js HTTP/1.1" 304 0
INFO 2025-07-30 19:43:01,635 basehttp 18484 17308 "GET /static/css/dist/styles.css?v=1753947781 HTTP/1.1" 200 101816
INFO 2025-07-30 19:43:43,090 basehttp 18484 20920 "GET /reset_password/ HTTP/1.1" 200 8531
INFO 2025-07-30 19:43:43,214 basehttp 18484 20920 "GET /static/css/dist/styles.css?v=1753947823 HTTP/1.1" 200 101816
INFO 2025-07-30 19:43:48,466 basehttp 18484 22488 "GET /reset_password/ HTTP/1.1" 200 11114
INFO 2025-07-30 19:43:48,770 basehttp 18484 22488 "GET /static/css/dist/styles.css?v=1753947828 HTTP/1.1" 200 101816
INFO 2025-07-30 19:44:04,763 basehttp 18484 18752 "GET /reset_password/ HTTP/1.1" 200 3750
INFO 2025-07-30 19:44:04,862 basehttp 18484 18752 "GET /static/css/dist/styles.css?v=1753947844 HTTP/1.1" 200 101816
INFO 2025-07-30 19:44:13,374 basehttp 18484 19956 "GET /reset_password/ HTTP/1.1" 200 3750
INFO 2025-07-30 19:44:13,446 basehttp 18484 19956 "GET /static/css/dist/styles.css?v=1753947853 HTTP/1.1" 200 101816
INFO 2025-07-30 19:44:17,791 basehttp 18484 20336 "GET /reset_password/ HTTP/1.1" 200 3750
INFO 2025-07-30 19:44:17,858 basehttp 18484 20336 "GET /static/css/dist/styles.css?v=1753947857 HTTP/1.1" 200 101816
INFO 2025-07-30 19:44:21,071 basehttp 18484 19736 "GET /reset_password/ HTTP/1.1" 200 3750
INFO 2025-07-30 19:44:21,147 basehttp 18484 19736 "GET /static/css/dist/styles.css?v=1753947861 HTTP/1.1" 200 101816
INFO 2025-07-30 19:44:24,322 basehttp 18484 10268 "GET /reset_password/ HTTP/1.1" 200 3750
INFO 2025-07-30 19:44:24,389 basehttp 18484 10268 "GET /static/css/dist/styles.css?v=1753947864 HTTP/1.1" 200 101816
INFO 2025-07-30 19:44:40,370 basehttp 18484 21268 "GET /reset_password/ HTTP/1.1" 200 7688
INFO 2025-07-30 19:44:40,424 basehttp 18484 21268 "GET /static/css/dist/styles.css?v=1753947880 HTTP/1.1" 200 101816
INFO 2025-07-30 19:45:46,658 basehttp 18484 22396 "GET /reset_password/ HTTP/1.1" 200 7694
INFO 2025-07-30 19:45:46,731 basehttp 18484 22396 "GET /static/css/dist/styles.css?v=1753947946 HTTP/1.1" 200 101816
INFO 2025-07-30 19:45:48,272 basehttp 18484 15292 "GET /reset_password/ HTTP/1.1" 200 7697
INFO 2025-07-30 19:45:48,335 basehttp 18484 15292 "GET /static/css/dist/styles.css?v=1753947948 HTTP/1.1" 200 101816
INFO 2025-07-30 19:45:50,068 basehttp 18484 1868 "GET /reset_password/ HTTP/1.1" 200 7699
INFO 2025-07-30 19:45:50,119 basehttp 18484 1868 "GET /static/css/dist/styles.css?v=1753947950 HTTP/1.1" 200 101816
INFO 2025-07-30 19:45:53,340 basehttp 18484 11248 "GET /reset_password/ HTTP/1.1" 200 7711
INFO 2025-07-30 19:45:53,409 basehttp 18484 11248 "GET /static/css/dist/styles.css?v=1753947953 HTTP/1.1" 200 101816
INFO 2025-07-30 19:45:54,895 basehttp 18484 6156 "GET /reset_password/ HTTP/1.1" 200 7711
INFO 2025-07-30 19:45:54,955 basehttp 18484 6156 "GET /static/css/dist/styles.css?v=1753947954 HTTP/1.1" 200 101816
INFO 2025-07-30 19:45:58,374 basehttp 18484 8676 "GET /reset_password/ HTTP/1.1" 200 7711
INFO 2025-07-30 19:45:58,429 basehttp 18484 8676 "GET /static/css/dist/styles.css?v=1753947958 HTTP/1.1" 200 101816
INFO 2025-07-30 19:46:00,733 basehttp 18484 21696 "GET /reset_password/ HTTP/1.1" 200 7711
INFO 2025-07-30 19:46:00,787 basehttp 18484 21696 "GET /static/css/style.css HTTP/1.1" 200 25498
INFO 2025-07-30 19:46:00,794 basehttp 18484 9860 "GET /static/js/app.js HTTP/1.1" 200 4028
INFO 2025-07-30 19:46:00,800 basehttp 18484 21116 "GET /static/css/dist/styles.css?v=1753947960 HTTP/1.1" 200 101816
INFO 2025-07-30 19:46:02,480 basehttp 18484 21116 "GET /static/django-browser-reload/reload-listener.js HTTP/1.1" 200 623
WARNING 2025-07-30 19:46:02,942 log 18484 9860 Not Found: /favicon.ico
WARNING 2025-07-30 19:46:02,943 basehttp 18484 9860 "GET /favicon.ico HTTP/1.1" 404 13423
INFO 2025-07-30 19:46:19,282 basehttp 18484 9860 "GET /reset_password/ HTTP/1.1" 200 7689
INFO 2025-07-30 19:46:19,333 basehttp 18484 9860 "GET /static/css/dist/styles.css?v=1753947979 HTTP/1.1" 200 101816
INFO 2025-07-30 19:47:28,789 basehttp 18484 21696 "GET /reset_password/ HTTP/1.1" 200 7689
INFO 2025-07-30 19:47:28,853 basehttp 18484 21696 "GET /static/css/dist/styles.css?v=1753948048 HTTP/1.1" 200 101816
INFO 2025-07-30 19:47:38,412 basehttp 18484 1940 "GET /reset_password/ HTTP/1.1" 200 7689
INFO 2025-07-30 19:47:38,468 basehttp 18484 1940 "GET /static/css/dist/styles.css?v=1753948058 HTTP/1.1" 200 101816
INFO 2025-07-30 19:47:59,516 basehttp 18484 9192 "GET /reset_password/ HTTP/1.1" 200 7689
INFO 2025-07-30 19:47:59,571 basehttp 18484 9192 "GET /static/css/dist/styles.css?v=1753948079 HTTP/1.1" 200 101816
INFO 2025-07-30 19:48:01,321 basehttp 18484 6884 "GET /reset_password/ HTTP/1.1" 200 7689
INFO 2025-07-30 19:48:01,381 basehttp 18484 6884 "GET /static/css/dist/styles.css?v=1753948081 HTTP/1.1" 200 101816
INFO 2025-07-30 19:48:07,903 basehttp 18484 18412 "GET /login/ HTTP/1.1" 200 11475
INFO 2025-07-30 19:48:07,986 basehttp 18484 18412 "GET /static/css/dist/styles.css?v=1753948087 HTTP/1.1" 200 101816
INFO 2025-07-30 19:48:12,172 basehttp 18484 12328 "GET /reset_password/ HTTP/1.1" 200 7689
INFO 2025-07-30 19:48:12,244 basehttp 18484 12328 "GET /static/css/dist/styles.css?v=1753948092 HTTP/1.1" 200 101816
INFO 2025-07-30 19:48:27,603 basehttp 18484 18408 "GET /reset_password/ HTTP/1.1" 200 7689
INFO 2025-07-30 19:48:27,677 basehttp 18484 18408 "GET /static/css/dist/styles.css?v=1753948107 HTTP/1.1" 200 101816
ERROR 2025-07-30 19:48:44,406 forms 18484 17760 Failed to send password reset email to 2
Traceback (most recent call last):
  File "C:\Users\HP\OneDrive\Documents\essetech\hotelapp\Hotel-website-Django\.venv\Lib\site-packages\django\contrib\auth\forms.py", line 424, in send_mail
    email_message.send()
    ~~~~~~~~~~~~~~~~~~^^
  File "C:\Users\HP\OneDrive\Documents\essetech\hotelapp\Hotel-website-Django\.venv\Lib\site-packages\django\core\mail\message.py", line 301, in send
    return self.get_connection(fail_silently).send_messages([self])
           ~~~~~~~~~~~~~~~~~~~~~~~~~~~~~~~~~~~~~~~~~~~~~~~~^^^^^^^^
  File "C:\Users\HP\OneDrive\Documents\essetech\hotelapp\Hotel-website-Django\.venv\Lib\site-packages\django\core\mail\backends\smtp.py", line 128, in send_messages
    new_conn_created = self.open()
  File "C:\Users\HP\OneDrive\Documents\essetech\hotelapp\Hotel-website-Django\.venv\Lib\site-packages\django\core\mail\backends\smtp.py", line 95, in open
    self.connection.login(self.username, self.password)
    ~~~~~~~~~~~~~~~~~~~~~^^^^^^^^^^^^^^^^^^^^^^^^^^^^^^
  File "C:\Users\HP\AppData\Local\Programs\Python\Python313\Lib\smtplib.py", line 750, in login
    raise last_exception
  File "C:\Users\HP\AppData\Local\Programs\Python\Python313\Lib\smtplib.py", line 739, in login
    (code, resp) = self.auth(
                   ~~~~~~~~~^
        authmethod, getattr(self, method_name),
        ^^^^^^^^^^^^^^^^^^^^^^^^^^^^^^^^^^^^^^^
        initial_response_ok=initial_response_ok)
        ^^^^^^^^^^^^^^^^^^^^^^^^^^^^^^^^^^^^^^^^
  File "C:\Users\HP\AppData\Local\Programs\Python\Python313\Lib\smtplib.py", line 662, in auth
    raise SMTPAuthenticationError(code, resp)
smtplib.SMTPAuthenticationError: (535, b'Authentication Failed')
INFO 2025-07-30 19:48:44,413 basehttp 18484 17760 "POST /reset_password/ HTTP/1.1" 302 0
INFO 2025-07-30 19:48:44,461 basehttp 18484 17760 "GET /reset_password_sent/ HTTP/1.1" 200 3750
INFO 2025-07-30 19:48:44,534 basehttp 18484 17760 "GET /static/css/dist/styles.css?v=1753948124 HTTP/1.1" 200 101816
INFO 2025-07-30 19:49:05,132 basehttp 18484 20324 "GET /reset_password_sent/ HTTP/1.1" 200 5896
INFO 2025-07-30 19:49:05,197 basehttp 18484 20324 "GET /static/css/dist/styles.css?v=1753948145 HTTP/1.1" 200 101816
INFO 2025-07-30 19:49:08,335 basehttp 18484 9800 "GET /reset_password_sent/ HTTP/1.1" 200 5896
INFO 2025-07-30 19:49:08,410 basehttp 18484 9800 "GET /static/css/dist/styles.css?v=1753948148 HTTP/1.1" 200 101816
INFO 2025-07-30 19:49:11,565 basehttp 18484 20772 "GET /reset_password_sent/ HTTP/1.1" 200 5896
INFO 2025-07-30 19:49:11,623 basehttp 18484 20772 "GET /static/css/dist/styles.css?v=1753948151 HTTP/1.1" 200 101816
INFO 2025-07-30 19:49:19,937 basehttp 18484 21212 "GET /login/ HTTP/1.1" 200 11475
INFO 2025-07-30 19:49:20,016 basehttp 18484 21212 "GET /static/css/dist/styles.css?v=1753948159 HTTP/1.1" 200 101816
INFO 2025-07-30 19:49:23,527 basehttp 18484 3676 "GET /reset_password/ HTTP/1.1" 200 7689
INFO 2025-07-30 19:49:23,605 basehttp 18484 3676 "GET /static/css/dist/styles.css?v=1753948163 HTTP/1.1" 200 101816
ERROR 2025-07-30 19:49:29,829 forms 18484 10448 Failed to send password reset email to 2
Traceback (most recent call last):
  File "C:\Users\HP\OneDrive\Documents\essetech\hotelapp\Hotel-website-Django\.venv\Lib\site-packages\django\contrib\auth\forms.py", line 424, in send_mail
    email_message.send()
    ~~~~~~~~~~~~~~~~~~^^
  File "C:\Users\HP\OneDrive\Documents\essetech\hotelapp\Hotel-website-Django\.venv\Lib\site-packages\django\core\mail\message.py", line 301, in send
    return self.get_connection(fail_silently).send_messages([self])
           ~~~~~~~~~~~~~~~~~~~~~~~~~~~~~~~~~~~~~~~~~~~~~~~~^^^^^^^^
  File "C:\Users\HP\OneDrive\Documents\essetech\hotelapp\Hotel-website-Django\.venv\Lib\site-packages\django\core\mail\backends\smtp.py", line 128, in send_messages
    new_conn_created = self.open()
  File "C:\Users\HP\OneDrive\Documents\essetech\hotelapp\Hotel-website-Django\.venv\Lib\site-packages\django\core\mail\backends\smtp.py", line 95, in open
    self.connection.login(self.username, self.password)
    ~~~~~~~~~~~~~~~~~~~~~^^^^^^^^^^^^^^^^^^^^^^^^^^^^^^
  File "C:\Users\HP\AppData\Local\Programs\Python\Python313\Lib\smtplib.py", line 750, in login
    raise last_exception
  File "C:\Users\HP\AppData\Local\Programs\Python\Python313\Lib\smtplib.py", line 739, in login
    (code, resp) = self.auth(
                   ~~~~~~~~~^
        authmethod, getattr(self, method_name),
        ^^^^^^^^^^^^^^^^^^^^^^^^^^^^^^^^^^^^^^^
        initial_response_ok=initial_response_ok)
        ^^^^^^^^^^^^^^^^^^^^^^^^^^^^^^^^^^^^^^^^
  File "C:\Users\HP\AppData\Local\Programs\Python\Python313\Lib\smtplib.py", line 662, in auth
    raise SMTPAuthenticationError(code, resp)
smtplib.SMTPAuthenticationError: (535, b'Authentication Failed')
INFO 2025-07-30 19:49:29,833 basehttp 18484 10448 "POST /reset_password/ HTTP/1.1" 302 0
INFO 2025-07-30 19:49:29,845 basehttp 18484 10448 "GET /reset_password_sent/ HTTP/1.1" 200 5896
INFO 2025-07-30 19:49:29,920 basehttp 18484 10448 "GET /static/css/dist/styles.css?v=1753948169 HTTP/1.1" 200 101816
INFO 2025-07-30 19:49:42,638 basehttp 18484 6340 "GET /login/ HTTP/1.1" 200 11475
INFO 2025-07-30 19:49:42,720 basehttp 18484 6340 "GET /static/css/dist/styles.css?v=1753948182 HTTP/1.1" 200 101816
INFO 2025-07-30 19:49:42,726 basehttp 18484 17368 "GET /static/js/app.js HTTP/1.1" 304 0
INFO 2025-07-30 19:49:54,959 basehttp 18484 6340 "POST /login/ HTTP/1.1" 200 11820
INFO 2025-07-30 19:49:55,026 basehttp 18484 6340 "GET /static/css/dist/styles.css?v=1753948194 HTTP/1.1" 200 101816
INFO 2025-07-30 19:50:33,862 basehttp 18484 5584 "GET /reset_password/ HTTP/1.1" 200 7689
INFO 2025-07-30 19:50:33,923 basehttp 18484 5584 "GET /static/css/dist/styles.css?v=1753948233 HTTP/1.1" 200 101816
ERROR 2025-07-30 19:50:40,336 forms 18484 12896 Failed to send password reset email to 2
Traceback (most recent call last):
  File "C:\Users\HP\OneDrive\Documents\essetech\hotelapp\Hotel-website-Django\.venv\Lib\site-packages\django\contrib\auth\forms.py", line 424, in send_mail
    email_message.send()
    ~~~~~~~~~~~~~~~~~~^^
  File "C:\Users\HP\OneDrive\Documents\essetech\hotelapp\Hotel-website-Django\.venv\Lib\site-packages\django\core\mail\message.py", line 301, in send
    return self.get_connection(fail_silently).send_messages([self])
           ~~~~~~~~~~~~~~~~~~~~~~~~~~~~~~~~~~~~~~~~~~~~~~~~^^^^^^^^
  File "C:\Users\HP\OneDrive\Documents\essetech\hotelapp\Hotel-website-Django\.venv\Lib\site-packages\django\core\mail\backends\smtp.py", line 128, in send_messages
    new_conn_created = self.open()
  File "C:\Users\HP\OneDrive\Documents\essetech\hotelapp\Hotel-website-Django\.venv\Lib\site-packages\django\core\mail\backends\smtp.py", line 95, in open
    self.connection.login(self.username, self.password)
    ~~~~~~~~~~~~~~~~~~~~~^^^^^^^^^^^^^^^^^^^^^^^^^^^^^^
  File "C:\Users\HP\AppData\Local\Programs\Python\Python313\Lib\smtplib.py", line 750, in login
    raise last_exception
  File "C:\Users\HP\AppData\Local\Programs\Python\Python313\Lib\smtplib.py", line 739, in login
    (code, resp) = self.auth(
                   ~~~~~~~~~^
        authmethod, getattr(self, method_name),
        ^^^^^^^^^^^^^^^^^^^^^^^^^^^^^^^^^^^^^^^
        initial_response_ok=initial_response_ok)
        ^^^^^^^^^^^^^^^^^^^^^^^^^^^^^^^^^^^^^^^^
  File "C:\Users\HP\AppData\Local\Programs\Python\Python313\Lib\smtplib.py", line 662, in auth
    raise SMTPAuthenticationError(code, resp)
smtplib.SMTPAuthenticationError: (535, b'Authentication Failed')
INFO 2025-07-30 19:50:40,341 basehttp 18484 12896 "POST /reset_password/ HTTP/1.1" 302 0
INFO 2025-07-30 19:50:40,352 basehttp 18484 12896 "GET /reset_password_sent/ HTTP/1.1" 200 5896
INFO 2025-07-30 19:50:40,416 basehttp 18484 12896 "GET /static/css/dist/styles.css?v=1753948240 HTTP/1.1" 200 101816
INFO 2025-07-30 19:51:08,034 basehttp 18484 15400 "GET /reset_password_sent/ HTTP/1.1" 200 5896
INFO 2025-07-30 19:51:08,089 basehttp 18484 15400 "GET /static/css/dist/styles.css?v=1753948268 HTTP/1.1" 200 101816
INFO 2025-07-30 19:51:11,234 basehttp 18484 19676 "GET /reset_password_sent/ HTTP/1.1" 200 5896
INFO 2025-07-30 19:51:11,284 basehttp 18484 19676 "GET /static/css/dist/styles.css?v=1753948271 HTTP/1.1" 200 101816
INFO 2025-07-30 19:51:29,593 basehttp 18484 14832 "GET /reset_password_sent/ HTTP/1.1" 200 5896
INFO 2025-07-30 19:51:29,651 basehttp 18484 14832 "GET /static/css/dist/styles.css?v=1753948289 HTTP/1.1" 200 101816
INFO 2025-07-30 19:51:38,171 basehttp 18484 15188 "GET /reset_password_sent/ HTTP/1.1" 200 5896
INFO 2025-07-30 19:51:38,248 basehttp 18484 15188 "GET /static/css/dist/styles.css?v=1753948298 HTTP/1.1" 200 101816
INFO 2025-07-30 19:51:48,981 basehttp 18484 23532 "GET /reset_password_sent/ HTTP/1.1" 200 5896
INFO 2025-07-30 19:51:49,040 basehttp 18484 23532 "GET /static/css/dist/styles.css?v=1753948308 HTTP/1.1" 200 101816
INFO 2025-07-30 19:51:52,199 basehttp 18484 17104 "GET /reset_password_sent/ HTTP/1.1" 200 5896
INFO 2025-07-30 19:51:52,249 basehttp 18484 17104 "GET /static/css/dist/styles.css?v=1753948312 HTTP/1.1" 200 101816
INFO 2025-07-30 19:51:59,717 basehttp 18484 8692 "GET /reset_password_sent/ HTTP/1.1" 200 5896
INFO 2025-07-30 19:51:59,771 basehttp 18484 8692 "GET /static/css/dist/styles.css?v=1753948319 HTTP/1.1" 200 101816
INFO 2025-07-30 19:52:25,479 basehttp 18484 20640 "GET /reset_password_sent/ HTTP/1.1" 200 5896
INFO 2025-07-30 19:52:25,569 basehttp 18484 20640 "GET /static/css/dist/styles.css?v=1753948345 HTTP/1.1" 200 101816
INFO 2025-07-30 19:52:51,180 basehttp 18484 22832 "GET /reset_password_sent/ HTTP/1.1" 200 5896
INFO 2025-07-30 19:52:51,240 basehttp 18484 22832 "GET /static/css/dist/styles.css?v=1753948371 HTTP/1.1" 200 101816
INFO 2025-07-30 19:52:54,213 basehttp 18484 4764 "GET /login/ HTTP/1.1" 200 11804
INFO 2025-07-30 19:52:54,291 basehttp 18484 4764 "GET /static/css/dist/styles.css?v=1753948374 HTTP/1.1" 200 101816
INFO 2025-07-30 19:53:06,382 basehttp 18484 4280 "POST /login/ HTTP/1.1" 200 12149
INFO 2025-07-30 19:53:06,434 basehttp 18484 4280 "GET /static/css/dist/styles.css?v=1753948386 HTTP/1.1" 200 101816
INFO 2025-07-30 19:53:40,661 basehttp 18484 3196 "POST /login/ HTTP/1.1" 200 12171
INFO 2025-07-30 19:53:40,728 basehttp 18484 18692 "GET /static/js/app.js HTTP/1.1" 304 0
INFO 2025-07-30 19:53:40,730 basehttp 18484 3196 "GET /static/css/dist/styles.css?v=1753948420 HTTP/1.1" 200 101816
INFO 2025-07-30 19:53:50,925 basehttp 18484 3196 "POST /login/ HTTP/1.1" 302 0
INFO 2025-07-30 19:53:51,006 basehttp 18484 3196 "GET / HTTP/1.1" 200 16809
INFO 2025-07-30 19:53:51,075 basehttp 18484 3196 "GET /static/css/dist/styles.css?v=1753948430 HTTP/1.1" 200 101816
INFO 2025-07-30 19:53:51,168 basehttp 18484 3196 "GET /media/profile/profile.jpg HTTP/1.1" 200 100768
INFO 2025-07-30 19:54:00,963 basehttp 18484 10992 "GET /logout_user/ HTTP/1.1" 302 0
INFO 2025-07-30 19:54:00,993 basehttp 18484 10992 "GET / HTTP/1.1" 200 13159
INFO 2025-07-30 19:54:01,099 basehttp 18484 10992 "GET /static/css/dist/styles.css?v=1753948440 HTTP/1.1" 200 101816
INFO 2025-07-30 19:54:03,754 basehttp 18484 20704 "GET /sign_up/ HTTP/1.1" 200 16036
INFO 2025-07-30 19:54:03,843 basehttp 18484 20704 "GET /static/css/dist/styles.css?v=1753948443 HTTP/1.1" 200 101816
INFO 2025-07-30 19:54:05,813 basehttp 18484 19584 "GET /login/ HTTP/1.1" 200 11826
INFO 2025-07-30 19:54:05,891 basehttp 18484 19584 "GET /static/css/dist/styles.css?v=1753948445 HTTP/1.1" 200 101816
INFO 2025-07-30 19:54:47,280 basehttp 18484 6948 "GET /login/ HTTP/1.1" 200 11859
INFO 2025-07-30 19:54:47,350 basehttp 18484 6948 "GET /static/css/dist/styles.css?v=1753948487 HTTP/1.1" 200 101816
INFO 2025-07-30 19:55:04,737 basehttp 18484 17016 "POST /login/ HTTP/1.1" 200 12204
INFO 2025-07-30 19:55:04,796 basehttp 18484 17016 "GET /static/css/dist/styles.css?v=1753948504 HTTP/1.1" 200 101816
INFO 2025-07-30 19:55:19,159 basehttp 18484 17572 "POST /login/ HTTP/1.1" 200 12384
INFO 2025-07-30 19:55:19,219 basehttp 18484 17572 "GET /static/css/dist/styles.css?v=1753948519 HTTP/1.1" 200 101816
ERROR 2025-07-30 19:55:25,490 log 18484 8868 Internal Server Error: /login/
Traceback (most recent call last):
  File "C:\Users\HP\OneDrive\Documents\essetech\hotelapp\Hotel-website-Django\.venv\Lib\site-packages\django\core\handlers\exception.py", line 55, in inner
    response = get_response(request)
  File "C:\Users\HP\OneDrive\Documents\essetech\hotelapp\Hotel-website-Django\.venv\Lib\site-packages\django\core\handlers\base.py", line 197, in _get_response
    response = wrapped_callback(request, *callback_args, **callback_kwargs)
  File "C:\Users\HP\OneDrive\Documents\essetech\hotelapp\Hotel-website-Django\hotelapp\account\views.py", line 41, in login_user
    return render(request, 'account/login.html')
  File "C:\Users\HP\OneDrive\Documents\essetech\hotelapp\Hotel-website-Django\.venv\Lib\site-packages\django\shortcuts.py", line 25, in render
    content = loader.render_to_string(template_name, context, request, using=using)
  File "C:\Users\HP\OneDrive\Documents\essetech\hotelapp\Hotel-website-Django\.venv\Lib\site-packages\django\template\loader.py", line 62, in render_to_string
    return template.render(context, request)
           ~~~~~~~~~~~~~~~^^^^^^^^^^^^^^^^^^
  File "C:\Users\HP\OneDrive\Documents\essetech\hotelapp\Hotel-website-Django\.venv\Lib\site-packages\django\template\backends\django.py", line 107, in render
    return self.template.render(context)
           ~~~~~~~~~~~~~~~~~~~~^^^^^^^^^
  File "C:\Users\HP\OneDrive\Documents\essetech\hotelapp\Hotel-website-Django\.venv\Lib\site-packages\django\template\base.py", line 171, in render
    return self._render(context)
           ~~~~~~~~~~~~^^^^^^^^^
  File "C:\Users\HP\OneDrive\Documents\essetech\hotelapp\Hotel-website-Django\.venv\Lib\site-packages\django\template\base.py", line 163, in _render
    return self.nodelist.render(context)
           ~~~~~~~~~~~~~~~~~~~~^^^^^^^^^
  File "C:\Users\HP\OneDrive\Documents\essetech\hotelapp\Hotel-website-Django\.venv\Lib\site-packages\django\template\base.py", line 1008, in render
    return SafeString("".join([node.render_annotated(context) for node in self]))
                               ~~~~~~~~~~~~~~~~~~~~~^^^^^^^^^
  File "C:\Users\HP\OneDrive\Documents\essetech\hotelapp\Hotel-website-Django\.venv\Lib\site-packages\django\template\base.py", line 969, in render_annotated
    return self.render(context)
           ~~~~~~~~~~~^^^^^^^^^
  File "C:\Users\HP\OneDrive\Documents\essetech\hotelapp\Hotel-website-Django\.venv\Lib\site-packages\django\template\loader_tags.py", line 159, in render
    return compiled_parent._render(context)
           ~~~~~~~~~~~~~~~~~~~~~~~^^^^^^^^^
  File "C:\Users\HP\OneDrive\Documents\essetech\hotelapp\Hotel-website-Django\.venv\Lib\site-packages\django\template\base.py", line 163, in _render
    return self.nodelist.render(context)
           ~~~~~~~~~~~~~~~~~~~~^^^^^^^^^
  File "C:\Users\HP\OneDrive\Documents\essetech\hotelapp\Hotel-website-Django\.venv\Lib\site-packages\django\template\base.py", line 1008, in render
    return SafeString("".join([node.render_annotated(context) for node in self]))
                               ~~~~~~~~~~~~~~~~~~~~~^^^^^^^^^
  File "C:\Users\HP\OneDrive\Documents\essetech\hotelapp\Hotel-website-Django\.venv\Lib\site-packages\django\template\base.py", line 969, in render_annotated
    return self.render(context)
           ~~~~~~~~~~~^^^^^^^^^
  File "C:\Users\HP\OneDrive\Documents\essetech\hotelapp\Hotel-website-Django\.venv\Lib\site-packages\django\template\loader_tags.py", line 65, in render
    result = block.nodelist.render(context)
  File "C:\Users\HP\OneDrive\Documents\essetech\hotelapp\Hotel-website-Django\.venv\Lib\site-packages\django\template\base.py", line 1008, in render
    return SafeString("".join([node.render_annotated(context) for node in self]))
                               ~~~~~~~~~~~~~~~~~~~~~^^^^^^^^^
  File "C:\Users\HP\OneDrive\Documents\essetech\hotelapp\Hotel-website-Django\.venv\Lib\site-packages\django\template\base.py", line 969, in render_annotated
    return self.render(context)
           ~~~~~~~~~~~^^^^^^^^^
  File "C:\Users\HP\OneDrive\Documents\essetech\hotelapp\Hotel-website-Django\.venv\Lib\site-packages\django\template\defaulttags.py", line 480, in render
    url = reverse(view_name, args=args, kwargs=kwargs, current_app=current_app)
  File "C:\Users\HP\OneDrive\Documents\essetech\hotelapp\Hotel-website-Django\.venv\Lib\site-packages\django\urls\base.py", line 88, in reverse
    return resolver._reverse_with_prefix(view, prefix, *args, **kwargs)
           ~~~~~~~~~~~~~~~~~~~~~~~~~~~~~^^^^^^^^^^^^^^^^^^^^^^^^^^^^^^^
  File "C:\Users\HP\OneDrive\Documents\essetech\hotelapp\Hotel-website-Django\.venv\Lib\site-packages\django\urls\resolvers.py", line 831, in _reverse_with_prefix
    raise NoReverseMatch(msg)
django.urls.exceptions.NoReverseMatch: Reverse for '' not found. '' is not a valid view function or pattern name.
ERROR 2025-07-30 19:55:25,520 basehttp 18484 8868 "POST /login/ HTTP/1.1" 500 159271
INFO 2025-07-30 19:55:30,273 basehttp 18484 5464 "POST /login/ HTTP/1.1" 200 11841
INFO 2025-07-30 19:55:30,324 basehttp 18484 5464 "GET /static/css/dist/styles.css?v=1753948530 HTTP/1.1" 200 101816
INFO 2025-07-30 19:55:33,866 basehttp 18484 18168 "POST /login/ HTTP/1.1" 200 11820
INFO 2025-07-30 19:55:33,930 basehttp 18484 18168 "GET /static/css/dist/styles.css?v=1753948533 HTTP/1.1" 200 101816
INFO 2025-07-30 19:55:44,506 basehttp 18484 15296 "POST /login/ HTTP/1.1" 200 11853
INFO 2025-07-30 19:55:44,557 basehttp 18484 15296 "GET /static/css/dist/styles.css?v=1753948544 HTTP/1.1" 200 101816
INFO 2025-07-30 19:55:44,905 basehttp 18484 20280 "GET /login/ HTTP/1.1" 200 11508
INFO 2025-07-30 19:55:52,954 basehttp 18484 15956 "POST /login/ HTTP/1.1" 200 11853
INFO 2025-07-30 19:55:53,019 basehttp 18484 15956 "GET /static/css/dist/styles.css?v=1753948552 HTTP/1.1" 200 101816
INFO 2025-07-30 19:56:22,022 basehttp 18484 20052 "POST /login/ HTTP/1.1" 200 11853
INFO 2025-07-30 19:56:22,085 basehttp 18484 20052 "GET /static/css/dist/styles.css?v=1753948582 HTTP/1.1" 200 101816
INFO 2025-07-30 19:56:29,209 basehttp 18484 13960 "GET /reset_password/ HTTP/1.1" 200 7725
INFO 2025-07-30 19:56:29,280 basehttp 18484 13960 "GET /static/css/dist/styles.css?v=1753948589 HTTP/1.1" 200 101816
INFO 2025-07-30 19:56:32,574 basehttp 18484 19552 "GET /login/ HTTP/1.1" 200 11508
INFO 2025-07-30 19:56:32,649 basehttp 18484 19552 "GET /static/css/dist/styles.css?v=1753948592 HTTP/1.1" 200 101816
INFO 2025-07-30 19:56:34,642 basehttp 18484 13824 "GET /sign_up/ HTTP/1.1" 200 16069
INFO 2025-07-30 19:56:34,720 basehttp 18484 13824 "GET /static/css/dist/styles.css?v=1753948594 HTTP/1.1" 200 101816
INFO 2025-07-30 19:57:02,320 basehttp 18484 16232 "POST /sign_up/ HTTP/1.1" 302 0
INFO 2025-07-30 19:57:02,370 basehttp 18484 16232 "GET / HTTP/1.1" 200 16624
INFO 2025-07-30 19:57:02,455 basehttp 18484 16232 "GET /static/css/dist/styles.css?v=1753948622 HTTP/1.1" 200 101816
INFO 2025-07-30 19:57:08,673 basehttp 18484 14840 "GET /logout_user/ HTTP/1.1" 302 0
INFO 2025-07-30 19:57:08,709 basehttp 18484 14840 "GET / HTTP/1.1" 200 13159
INFO 2025-07-30 19:57:08,990 basehttp 18484 14840 "GET /static/css/dist/styles.css?v=1753948628 HTTP/1.1" 200 101816
INFO 2025-07-30 19:57:12,143 basehttp 18484 2796 "GET /sign_up/ HTTP/1.1" 200 16069
INFO 2025-07-30 19:57:12,236 basehttp 18484 2796 "GET /static/css/dist/styles.css?v=1753948632 HTTP/1.1" 200 101816
INFO 2025-07-30 19:57:15,200 basehttp 18484 6112 "GET /login/ HTTP/1.1" 200 11508
INFO 2025-07-30 19:57:15,283 basehttp 18484 6112 "GET /static/css/dist/styles.css?v=1753948635 HTTP/1.1" 200 101816
INFO 2025-07-30 19:57:22,974 basehttp 18484 16564 "POST /login/ HTTP/1.1" 302 0
INFO 2025-07-30 19:57:23,019 basehttp 18484 16564 "GET / HTTP/1.1" 200 16809
INFO 2025-07-30 19:57:23,096 basehttp 18484 16564 "GET /static/css/dist/styles.css?v=1753948643 HTTP/1.1" 200 101816
INFO 2025-07-30 19:57:25,858 basehttp 18484 20080 "GET /dashboard/ HTTP/1.1" 200 47972
INFO 2025-07-30 19:57:25,953 basehttp 18484 20080 "GET /static/css/dist/styles.css?v=1753948645 HTTP/1.1" 200 101816
INFO 2025-07-30 19:57:32,701 basehttp 18484 21180 "GET /dashboard/ HTTP/1.1" 200 47972
INFO 2025-07-30 19:57:32,762 basehttp 18484 21180 "GET /static/css/dist/styles.css?v=1753948652 HTTP/1.1" 200 101816
INFO 2025-07-30 19:57:38,802 basehttp 18484 4576 "GET /add-room/ HTTP/1.1" 200 42108
INFO 2025-07-30 19:57:38,880 basehttp 18484 4576 "GET /static/css/dist/styles.css?v=1753948658 HTTP/1.1" 200 101816
INFO 2025-07-30 19:57:40,471 basehttp 18484 18996 "GET /services/ HTTP/1.1" 200 40847
INFO 2025-07-30 19:57:40,555 basehttp 18484 18996 "GET /static/css/dist/styles.css?v=1753948660 HTTP/1.1" 200 101816
INFO 2025-07-30 19:57:42,379 basehttp 18484 11192 "GET /services/ HTTP/1.1" 200 40847
INFO 2025-07-30 19:57:42,438 basehttp 18484 11192 "GET /static/css/dist/styles.css?v=1753948662 HTTP/1.1" 200 101816
INFO 2025-07-30 19:57:43,459 basehttp 18484 22152 "GET /guest/ HTTP/1.1" 200 31653
INFO 2025-07-30 19:57:43,540 basehttp 18484 22152 "GET /static/css/dist/styles.css?v=1753948663 HTTP/1.1" 200 101816
INFO 2025-07-30 19:57:45,825 basehttp 18484 14372 "GET /reservation/ HTTP/1.1" 200 46837
INFO 2025-07-30 19:57:45,926 basehttp 18484 14372 "GET /static/css/dist/styles.css?v=1753948665 HTTP/1.1" 200 101816
INFO 2025-07-30 19:57:47,306 basehttp 18484 17732 "GET /guest/ HTTP/1.1" 200 31653
INFO 2025-07-30 19:57:47,396 basehttp 18484 17732 "GET /static/css/dist/styles.css?v=1753948667 HTTP/1.1" 200 101816
INFO 2025-07-30 19:57:53,858 basehttp 18484 8632 "GET /reservation/ HTTP/1.1" 200 46837
INFO 2025-07-30 19:57:53,936 basehttp 18484 8632 "GET /static/css/dist/styles.css?v=1753948673 HTTP/1.1" 200 101816
INFO 2025-07-30 19:57:56,096 basehttp 18484 23232 "GET /manage-hotel-account/ HTTP/1.1" 200 39661
INFO 2025-07-30 19:57:56,174 basehttp 18484 23232 "GET /static/css/dist/styles.css?v=1753948676 HTTP/1.1" 200 101816
INFO 2025-07-30 19:57:57,957 basehttp 18484 21708 "GET /manage-account/ HTTP/1.1" 200 33559
INFO 2025-07-30 19:57:58,036 basehttp 18484 21708 "GET /static/css/dist/styles.css?v=1753948677 HTTP/1.1" 200 101816
INFO 2025-07-30 19:57:58,045 basehttp 18484 19780 "GET /static/js/app.js HTTP/1.1" 304 0
INFO 2025-07-30 19:57:59,720 basehttp 18484 21708 "GET /reservation/ HTTP/1.1" 200 46837
INFO 2025-07-30 19:57:59,800 basehttp 18484 21708 "GET /static/css/dist/styles.css?v=1753948679 HTTP/1.1" 200 101816
INFO 2025-07-30 19:58:00,473 basehttp 18484 2752 "GET /guest/ HTTP/1.1" 200 31653
INFO 2025-07-30 19:58:00,555 basehttp 18484 2752 "GET /static/css/dist/styles.css?v=1753948680 HTTP/1.1" 200 101816
INFO 2025-07-30 19:59:56,768 basehttp 18484 17432 "GET /guest/ HTTP/1.1" 200 31653
INFO 2025-07-30 19:59:56,846 basehttp 18484 17432 "GET /static/css/style.css HTTP/1.1" 200 25498
INFO 2025-07-30 19:59:56,863 basehttp 18484 18076 "GET /static/css/dist/styles.css?v=1753948796 HTTP/1.1" 200 101816
INFO 2025-07-30 19:59:56,893 basehttp 18484 22964 "GET /media/profile/profile.jpg HTTP/1.1" 200 100768
INFO 2025-07-30 19:59:56,925 basehttp 18484 22964 "GET /static/js/app.js HTTP/1.1" 200 4028
INFO 2025-07-30 19:59:57,416 basehttp 18484 22964 "GET /static/django-browser-reload/reload-listener.js HTTP/1.1" 200 623
INFO 2025-07-30 20:00:08,961 basehttp 18484 22964 "GET /guest/ HTTP/1.1" 200 31653
INFO 2025-07-30 20:00:09,062 basehttp 18484 22964 "GET /static/css/dist/styles.css?v=1753948808 HTTP/1.1" 200 101816
INFO 2025-07-30 20:00:22,446 basehttp 18484 18076 "GET /services/ HTTP/1.1" 200 40847
INFO 2025-07-30 20:00:22,532 basehttp 18484 18076 "GET /static/css/dist/styles.css?v=1753948822 HTTP/1.1" 200 101816
INFO 2025-07-30 20:00:23,752 basehttp 18484 17432 "GET /dashboard/ HTTP/1.1" 200 47972
INFO 2025-07-30 20:00:23,829 basehttp 18484 17432 "GET /static/css/dist/styles.css?v=1753948823 HTTP/1.1" 200 101816
INFO 2025-07-30 20:03:20,647 basehttp 18484 18140 - Broken pipe from ('127.0.0.1', 64582)
INFO 2025-07-30 20:03:20,747 basehttp 18484 15420 "GET /dashboard/ HTTP/1.1" 200 47510
INFO 2025-07-30 20:03:20,857 basehttp 18484 15420 "GET /static/css/style.css HTTP/1.1" 304 0
INFO 2025-07-30 20:03:20,880 basehttp 18484 15420 "GET /static/css/dist/styles.css?v=1753949000 HTTP/1.1" 200 104477
INFO 2025-07-30 20:04:55,216 basehttp 18484 7312 "GET /dashboard/ HTTP/1.1" 200 47510
INFO 2025-07-30 20:04:55,307 basehttp 18484 7312 "GET /static/css/style.css HTTP/1.1" 200 25498
INFO 2025-07-30 20:04:55,364 basehttp 18484 5040 "GET /static/css/dist/styles.css?v=1753949094 HTTP/1.1" 200 104477
INFO 2025-07-30 20:04:55,478 basehttp 18484 18532 "GET /media/profile/profile.jpg HTTP/1.1" 200 100768
INFO 2025-07-30 20:04:55,772 basehttp 18484 18532 "GET /static/js/app.js HTTP/1.1" 200 4028
INFO 2025-07-30 20:04:55,912 basehttp 18484 18532 "GET /static/django-browser-reload/reload-listener.js HTTP/1.1" 200 623
INFO 2025-07-30 20:05:00,886 basehttp 18484 18532 "GET /dashboard/ HTTP/1.1" 200 47510
INFO 2025-07-30 20:05:01,022 basehttp 18484 18532 "GET /static/css/dist/styles.css?v=1753949100 HTTP/1.1" 200 104477
ERROR 2025-07-30 20:05:14,538 log 18484 5040 Internal Server Error: /dashboard/
Traceback (most recent call last):
  File "C:\Users\HP\OneDrive\Documents\essetech\hotelapp\Hotel-website-Django\.venv\Lib\site-packages\django\core\handlers\exception.py", line 55, in inner
    response = get_response(request)
  File "C:\Users\HP\OneDrive\Documents\essetech\hotelapp\Hotel-website-Django\.venv\Lib\site-packages\django\core\handlers\base.py", line 197, in _get_response
    response = wrapped_callback(request, *callback_args, **callback_kwargs)
  File "C:\Users\HP\OneDrive\Documents\essetech\hotelapp\Hotel-website-Django\.venv\Lib\site-packages\django\contrib\auth\decorators.py", line 60, in _view_wrapper
    return view_func(request, *args, **kwargs)
  File "C:\Users\HP\OneDrive\Documents\essetech\hotelapp\Hotel-website-Django\hotelapp\account\views.py", line 211, in dashboard
    return render(request, 'dashboard/dashboard.html',context)
  File "C:\Users\HP\OneDrive\Documents\essetech\hotelapp\Hotel-website-Django\.venv\Lib\site-packages\django\shortcuts.py", line 25, in render
    content = loader.render_to_string(template_name, context, request, using=using)
  File "C:\Users\HP\OneDrive\Documents\essetech\hotelapp\Hotel-website-Django\.venv\Lib\site-packages\django\template\loader.py", line 62, in render_to_string
    return template.render(context, request)
           ~~~~~~~~~~~~~~~^^^^^^^^^^^^^^^^^^
  File "C:\Users\HP\OneDrive\Documents\essetech\hotelapp\Hotel-website-Django\.venv\Lib\site-packages\django\template\backends\django.py", line 107, in render
    return self.template.render(context)
           ~~~~~~~~~~~~~~~~~~~~^^^^^^^^^
  File "C:\Users\HP\OneDrive\Documents\essetech\hotelapp\Hotel-website-Django\.venv\Lib\site-packages\django\template\base.py", line 171, in render
    return self._render(context)
           ~~~~~~~~~~~~^^^^^^^^^
  File "C:\Users\HP\OneDrive\Documents\essetech\hotelapp\Hotel-website-Django\.venv\Lib\site-packages\django\template\base.py", line 163, in _render
    return self.nodelist.render(context)
           ~~~~~~~~~~~~~~~~~~~~^^^^^^^^^
  File "C:\Users\HP\OneDrive\Documents\essetech\hotelapp\Hotel-website-Django\.venv\Lib\site-packages\django\template\base.py", line 1008, in render
    return SafeString("".join([node.render_annotated(context) for node in self]))
                               ~~~~~~~~~~~~~~~~~~~~~^^^^^^^^^
  File "C:\Users\HP\OneDrive\Documents\essetech\hotelapp\Hotel-website-Django\.venv\Lib\site-packages\django\template\base.py", line 969, in render_annotated
    return self.render(context)
           ~~~~~~~~~~~^^^^^^^^^
  File "C:\Users\HP\OneDrive\Documents\essetech\hotelapp\Hotel-website-Django\.venv\Lib\site-packages\django\template\loader_tags.py", line 159, in render
    return compiled_parent._render(context)
           ~~~~~~~~~~~~~~~~~~~~~~~^^^^^^^^^
  File "C:\Users\HP\OneDrive\Documents\essetech\hotelapp\Hotel-website-Django\.venv\Lib\site-packages\django\template\base.py", line 163, in _render
    return self.nodelist.render(context)
           ~~~~~~~~~~~~~~~~~~~~^^^^^^^^^
  File "C:\Users\HP\OneDrive\Documents\essetech\hotelapp\Hotel-website-Django\.venv\Lib\site-packages\django\template\base.py", line 1008, in render
    return SafeString("".join([node.render_annotated(context) for node in self]))
                               ~~~~~~~~~~~~~~~~~~~~~^^^^^^^^^
  File "C:\Users\HP\OneDrive\Documents\essetech\hotelapp\Hotel-website-Django\.venv\Lib\site-packages\django\template\base.py", line 969, in render_annotated
    return self.render(context)
           ~~~~~~~~~~~^^^^^^^^^
  File "C:\Users\HP\OneDrive\Documents\essetech\hotelapp\Hotel-website-Django\.venv\Lib\site-packages\django\template\loader_tags.py", line 65, in render
    result = block.nodelist.render(context)
  File "C:\Users\HP\OneDrive\Documents\essetech\hotelapp\Hotel-website-Django\.venv\Lib\site-packages\django\template\base.py", line 1008, in render
    return SafeString("".join([node.render_annotated(context) for node in self]))
                               ~~~~~~~~~~~~~~~~~~~~~^^^^^^^^^
  File "C:\Users\HP\OneDrive\Documents\essetech\hotelapp\Hotel-website-Django\.venv\Lib\site-packages\django\template\base.py", line 969, in render_annotated
    return self.render(context)
           ~~~~~~~~~~~^^^^^^^^^
  File "C:\Users\HP\OneDrive\Documents\essetech\hotelapp\Hotel-website-Django\.venv\Lib\site-packages\django\template\loader_tags.py", line 210, in render
    return template.render(context)
           ~~~~~~~~~~~~~~~^^^^^^^^^
  File "C:\Users\HP\OneDrive\Documents\essetech\hotelapp\Hotel-website-Django\.venv\Lib\site-packages\django\template\base.py", line 173, in render
    return self._render(context)
           ~~~~~~~~~~~~^^^^^^^^^
  File "C:\Users\HP\OneDrive\Documents\essetech\hotelapp\Hotel-website-Django\.venv\Lib\site-packages\django\template\base.py", line 163, in _render
    return self.nodelist.render(context)
           ~~~~~~~~~~~~~~~~~~~~^^^^^^^^^
  File "C:\Users\HP\OneDrive\Documents\essetech\hotelapp\Hotel-website-Django\.venv\Lib\site-packages\django\template\base.py", line 1008, in render
    return SafeString("".join([node.render_annotated(context) for node in self]))
                               ~~~~~~~~~~~~~~~~~~~~~^^^^^^^^^
  File "C:\Users\HP\OneDrive\Documents\essetech\hotelapp\Hotel-website-Django\.venv\Lib\site-packages\django\template\base.py", line 969, in render_annotated
    return self.render(context)
           ~~~~~~~~~~~^^^^^^^^^
  File "C:\Users\HP\OneDrive\Documents\essetech\hotelapp\Hotel-website-Django\.venv\Lib\site-packages\django\template\base.py", line 1067, in render
    output = self.filter_expression.resolve(context)
  File "C:\Users\HP\OneDrive\Documents\essetech\hotelapp\Hotel-website-Django\.venv\Lib\site-packages\django\template\base.py", line 745, in resolve
    new_obj = func(obj, *arg_vals)
  File "C:\Users\HP\OneDrive\Documents\essetech\hotelapp\Hotel-website-Django\.venv\Lib\site-packages\django\template\defaultfilters.py", line 601, in first
    return value[0]
           ~~~~~^^^
TypeError: 'User' object is not subscriptable
ERROR 2025-07-30 20:05:14,568 basehttp 18484 5040 "GET /dashboard/ HTTP/1.1" 500 206717
ERROR 2025-07-30 20:05:26,886 log 18484 7312 Internal Server Error: /dashboard/
Traceback (most recent call last):
  File "C:\Users\HP\OneDrive\Documents\essetech\hotelapp\Hotel-website-Django\.venv\Lib\site-packages\django\core\handlers\exception.py", line 55, in inner
    response = get_response(request)
  File "C:\Users\HP\OneDrive\Documents\essetech\hotelapp\Hotel-website-Django\.venv\Lib\site-packages\django\core\handlers\base.py", line 197, in _get_response
    response = wrapped_callback(request, *callback_args, **callback_kwargs)
  File "C:\Users\HP\OneDrive\Documents\essetech\hotelapp\Hotel-website-Django\.venv\Lib\site-packages\django\contrib\auth\decorators.py", line 60, in _view_wrapper
    return view_func(request, *args, **kwargs)
  File "C:\Users\HP\OneDrive\Documents\essetech\hotelapp\Hotel-website-Django\hotelapp\account\views.py", line 211, in dashboard
    return render(request, 'dashboard/dashboard.html',context)
  File "C:\Users\HP\OneDrive\Documents\essetech\hotelapp\Hotel-website-Django\.venv\Lib\site-packages\django\shortcuts.py", line 25, in render
    content = loader.render_to_string(template_name, context, request, using=using)
  File "C:\Users\HP\OneDrive\Documents\essetech\hotelapp\Hotel-website-Django\.venv\Lib\site-packages\django\template\loader.py", line 62, in render_to_string
    return template.render(context, request)
           ~~~~~~~~~~~~~~~^^^^^^^^^^^^^^^^^^
  File "C:\Users\HP\OneDrive\Documents\essetech\hotelapp\Hotel-website-Django\.venv\Lib\site-packages\django\template\backends\django.py", line 107, in render
    return self.template.render(context)
           ~~~~~~~~~~~~~~~~~~~~^^^^^^^^^
  File "C:\Users\HP\OneDrive\Documents\essetech\hotelapp\Hotel-website-Django\.venv\Lib\site-packages\django\template\base.py", line 171, in render
    return self._render(context)
           ~~~~~~~~~~~~^^^^^^^^^
  File "C:\Users\HP\OneDrive\Documents\essetech\hotelapp\Hotel-website-Django\.venv\Lib\site-packages\django\template\base.py", line 163, in _render
    return self.nodelist.render(context)
           ~~~~~~~~~~~~~~~~~~~~^^^^^^^^^
  File "C:\Users\HP\OneDrive\Documents\essetech\hotelapp\Hotel-website-Django\.venv\Lib\site-packages\django\template\base.py", line 1008, in render
    return SafeString("".join([node.render_annotated(context) for node in self]))
                               ~~~~~~~~~~~~~~~~~~~~~^^^^^^^^^
  File "C:\Users\HP\OneDrive\Documents\essetech\hotelapp\Hotel-website-Django\.venv\Lib\site-packages\django\template\base.py", line 969, in render_annotated
    return self.render(context)
           ~~~~~~~~~~~^^^^^^^^^
  File "C:\Users\HP\OneDrive\Documents\essetech\hotelapp\Hotel-website-Django\.venv\Lib\site-packages\django\template\loader_tags.py", line 159, in render
    return compiled_parent._render(context)
           ~~~~~~~~~~~~~~~~~~~~~~~^^^^^^^^^
  File "C:\Users\HP\OneDrive\Documents\essetech\hotelapp\Hotel-website-Django\.venv\Lib\site-packages\django\template\base.py", line 163, in _render
    return self.nodelist.render(context)
           ~~~~~~~~~~~~~~~~~~~~^^^^^^^^^
  File "C:\Users\HP\OneDrive\Documents\essetech\hotelapp\Hotel-website-Django\.venv\Lib\site-packages\django\template\base.py", line 1008, in render
    return SafeString("".join([node.render_annotated(context) for node in self]))
                               ~~~~~~~~~~~~~~~~~~~~~^^^^^^^^^
  File "C:\Users\HP\OneDrive\Documents\essetech\hotelapp\Hotel-website-Django\.venv\Lib\site-packages\django\template\base.py", line 969, in render_annotated
    return self.render(context)
           ~~~~~~~~~~~^^^^^^^^^
  File "C:\Users\HP\OneDrive\Documents\essetech\hotelapp\Hotel-website-Django\.venv\Lib\site-packages\django\template\loader_tags.py", line 65, in render
    result = block.nodelist.render(context)
  File "C:\Users\HP\OneDrive\Documents\essetech\hotelapp\Hotel-website-Django\.venv\Lib\site-packages\django\template\base.py", line 1008, in render
    return SafeString("".join([node.render_annotated(context) for node in self]))
                               ~~~~~~~~~~~~~~~~~~~~~^^^^^^^^^
  File "C:\Users\HP\OneDrive\Documents\essetech\hotelapp\Hotel-website-Django\.venv\Lib\site-packages\django\template\base.py", line 969, in render_annotated
    return self.render(context)
           ~~~~~~~~~~~^^^^^^^^^
  File "C:\Users\HP\OneDrive\Documents\essetech\hotelapp\Hotel-website-Django\.venv\Lib\site-packages\django\template\loader_tags.py", line 210, in render
    return template.render(context)
           ~~~~~~~~~~~~~~~^^^^^^^^^
  File "C:\Users\HP\OneDrive\Documents\essetech\hotelapp\Hotel-website-Django\.venv\Lib\site-packages\django\template\base.py", line 173, in render
    return self._render(context)
           ~~~~~~~~~~~~^^^^^^^^^
  File "C:\Users\HP\OneDrive\Documents\essetech\hotelapp\Hotel-website-Django\.venv\Lib\site-packages\django\template\base.py", line 163, in _render
    return self.nodelist.render(context)
           ~~~~~~~~~~~~~~~~~~~~^^^^^^^^^
  File "C:\Users\HP\OneDrive\Documents\essetech\hotelapp\Hotel-website-Django\.venv\Lib\site-packages\django\template\base.py", line 1008, in render
    return SafeString("".join([node.render_annotated(context) for node in self]))
                               ~~~~~~~~~~~~~~~~~~~~~^^^^^^^^^
  File "C:\Users\HP\OneDrive\Documents\essetech\hotelapp\Hotel-website-Django\.venv\Lib\site-packages\django\template\base.py", line 969, in render_annotated
    return self.render(context)
           ~~~~~~~~~~~^^^^^^^^^
  File "C:\Users\HP\OneDrive\Documents\essetech\hotelapp\Hotel-website-Django\.venv\Lib\site-packages\django\template\base.py", line 1067, in render
    output = self.filter_expression.resolve(context)
  File "C:\Users\HP\OneDrive\Documents\essetech\hotelapp\Hotel-website-Django\.venv\Lib\site-packages\django\template\base.py", line 745, in resolve
    new_obj = func(obj, *arg_vals)
  File "C:\Users\HP\OneDrive\Documents\essetech\hotelapp\Hotel-website-Django\.venv\Lib\site-packages\django\template\defaultfilters.py", line 601, in first
    return value[0]
           ~~~~~^^^
TypeError: 'User' object is not subscriptable
ERROR 2025-07-30 20:05:26,899 basehttp 18484 7312 "GET /dashboard/ HTTP/1.1" 500 206717
ERROR 2025-07-30 20:05:34,793 log 18484 8584 Internal Server Error: /dashboard/
Traceback (most recent call last):
  File "C:\Users\HP\OneDrive\Documents\essetech\hotelapp\Hotel-website-Django\.venv\Lib\site-packages\django\core\handlers\exception.py", line 55, in inner
    response = get_response(request)
  File "C:\Users\HP\OneDrive\Documents\essetech\hotelapp\Hotel-website-Django\.venv\Lib\site-packages\django\core\handlers\base.py", line 197, in _get_response
    response = wrapped_callback(request, *callback_args, **callback_kwargs)
  File "C:\Users\HP\OneDrive\Documents\essetech\hotelapp\Hotel-website-Django\.venv\Lib\site-packages\django\contrib\auth\decorators.py", line 60, in _view_wrapper
    return view_func(request, *args, **kwargs)
  File "C:\Users\HP\OneDrive\Documents\essetech\hotelapp\Hotel-website-Django\hotelapp\account\views.py", line 211, in dashboard
    return render(request, 'dashboard/dashboard.html',context)
  File "C:\Users\HP\OneDrive\Documents\essetech\hotelapp\Hotel-website-Django\.venv\Lib\site-packages\django\shortcuts.py", line 25, in render
    content = loader.render_to_string(template_name, context, request, using=using)
  File "C:\Users\HP\OneDrive\Documents\essetech\hotelapp\Hotel-website-Django\.venv\Lib\site-packages\django\template\loader.py", line 62, in render_to_string
    return template.render(context, request)
           ~~~~~~~~~~~~~~~^^^^^^^^^^^^^^^^^^
  File "C:\Users\HP\OneDrive\Documents\essetech\hotelapp\Hotel-website-Django\.venv\Lib\site-packages\django\template\backends\django.py", line 107, in render
    return self.template.render(context)
           ~~~~~~~~~~~~~~~~~~~~^^^^^^^^^
  File "C:\Users\HP\OneDrive\Documents\essetech\hotelapp\Hotel-website-Django\.venv\Lib\site-packages\django\template\base.py", line 171, in render
    return self._render(context)
           ~~~~~~~~~~~~^^^^^^^^^
  File "C:\Users\HP\OneDrive\Documents\essetech\hotelapp\Hotel-website-Django\.venv\Lib\site-packages\django\template\base.py", line 163, in _render
    return self.nodelist.render(context)
           ~~~~~~~~~~~~~~~~~~~~^^^^^^^^^
  File "C:\Users\HP\OneDrive\Documents\essetech\hotelapp\Hotel-website-Django\.venv\Lib\site-packages\django\template\base.py", line 1008, in render
    return SafeString("".join([node.render_annotated(context) for node in self]))
                               ~~~~~~~~~~~~~~~~~~~~~^^^^^^^^^
  File "C:\Users\HP\OneDrive\Documents\essetech\hotelapp\Hotel-website-Django\.venv\Lib\site-packages\django\template\base.py", line 969, in render_annotated
    return self.render(context)
           ~~~~~~~~~~~^^^^^^^^^
  File "C:\Users\HP\OneDrive\Documents\essetech\hotelapp\Hotel-website-Django\.venv\Lib\site-packages\django\template\loader_tags.py", line 159, in render
    return compiled_parent._render(context)
           ~~~~~~~~~~~~~~~~~~~~~~~^^^^^^^^^
  File "C:\Users\HP\OneDrive\Documents\essetech\hotelapp\Hotel-website-Django\.venv\Lib\site-packages\django\template\base.py", line 163, in _render
    return self.nodelist.render(context)
           ~~~~~~~~~~~~~~~~~~~~^^^^^^^^^
  File "C:\Users\HP\OneDrive\Documents\essetech\hotelapp\Hotel-website-Django\.venv\Lib\site-packages\django\template\base.py", line 1008, in render
    return SafeString("".join([node.render_annotated(context) for node in self]))
                               ~~~~~~~~~~~~~~~~~~~~~^^^^^^^^^
  File "C:\Users\HP\OneDrive\Documents\essetech\hotelapp\Hotel-website-Django\.venv\Lib\site-packages\django\template\base.py", line 969, in render_annotated
    return self.render(context)
           ~~~~~~~~~~~^^^^^^^^^
  File "C:\Users\HP\OneDrive\Documents\essetech\hotelapp\Hotel-website-Django\.venv\Lib\site-packages\django\template\loader_tags.py", line 65, in render
    result = block.nodelist.render(context)
  File "C:\Users\HP\OneDrive\Documents\essetech\hotelapp\Hotel-website-Django\.venv\Lib\site-packages\django\template\base.py", line 1008, in render
    return SafeString("".join([node.render_annotated(context) for node in self]))
                               ~~~~~~~~~~~~~~~~~~~~~^^^^^^^^^
  File "C:\Users\HP\OneDrive\Documents\essetech\hotelapp\Hotel-website-Django\.venv\Lib\site-packages\django\template\base.py", line 969, in render_annotated
    return self.render(context)
           ~~~~~~~~~~~^^^^^^^^^
  File "C:\Users\HP\OneDrive\Documents\essetech\hotelapp\Hotel-website-Django\.venv\Lib\site-packages\django\template\loader_tags.py", line 210, in render
    return template.render(context)
           ~~~~~~~~~~~~~~~^^^^^^^^^
  File "C:\Users\HP\OneDrive\Documents\essetech\hotelapp\Hotel-website-Django\.venv\Lib\site-packages\django\template\base.py", line 173, in render
    return self._render(context)
           ~~~~~~~~~~~~^^^^^^^^^
  File "C:\Users\HP\OneDrive\Documents\essetech\hotelapp\Hotel-website-Django\.venv\Lib\site-packages\django\template\base.py", line 163, in _render
    return self.nodelist.render(context)
           ~~~~~~~~~~~~~~~~~~~~^^^^^^^^^
  File "C:\Users\HP\OneDrive\Documents\essetech\hotelapp\Hotel-website-Django\.venv\Lib\site-packages\django\template\base.py", line 1008, in render
    return SafeString("".join([node.render_annotated(context) for node in self]))
                               ~~~~~~~~~~~~~~~~~~~~~^^^^^^^^^
  File "C:\Users\HP\OneDrive\Documents\essetech\hotelapp\Hotel-website-Django\.venv\Lib\site-packages\django\template\base.py", line 969, in render_annotated
    return self.render(context)
           ~~~~~~~~~~~^^^^^^^^^
  File "C:\Users\HP\OneDrive\Documents\essetech\hotelapp\Hotel-website-Django\.venv\Lib\site-packages\django\template\base.py", line 1067, in render
    output = self.filter_expression.resolve(context)
  File "C:\Users\HP\OneDrive\Documents\essetech\hotelapp\Hotel-website-Django\.venv\Lib\site-packages\django\template\base.py", line 745, in resolve
    new_obj = func(obj, *arg_vals)
  File "C:\Users\HP\OneDrive\Documents\essetech\hotelapp\Hotel-website-Django\.venv\Lib\site-packages\django\template\defaultfilters.py", line 601, in first
    return value[0]
           ~~~~~^^^
TypeError: 'User' object is not subscriptable
ERROR 2025-07-30 20:05:34,808 basehttp 18484 8584 "GET /dashboard/ HTTP/1.1" 500 206717
ERROR 2025-07-30 20:07:57,267 log 18484 20908 Internal Server Error: /dashboard/
Traceback (most recent call last):
  File "C:\Users\HP\OneDrive\Documents\essetech\hotelapp\Hotel-website-Django\.venv\Lib\site-packages\django\core\handlers\exception.py", line 55, in inner
    response = get_response(request)
  File "C:\Users\HP\OneDrive\Documents\essetech\hotelapp\Hotel-website-Django\.venv\Lib\site-packages\django\core\handlers\base.py", line 197, in _get_response
    response = wrapped_callback(request, *callback_args, **callback_kwargs)
  File "C:\Users\HP\OneDrive\Documents\essetech\hotelapp\Hotel-website-Django\.venv\Lib\site-packages\django\contrib\auth\decorators.py", line 60, in _view_wrapper
    return view_func(request, *args, **kwargs)
  File "C:\Users\HP\OneDrive\Documents\essetech\hotelapp\Hotel-website-Django\hotelapp\account\views.py", line 211, in dashboard
    return render(request, 'dashboard/dashboard.html',context)
  File "C:\Users\HP\OneDrive\Documents\essetech\hotelapp\Hotel-website-Django\.venv\Lib\site-packages\django\shortcuts.py", line 25, in render
    content = loader.render_to_string(template_name, context, request, using=using)
  File "C:\Users\HP\OneDrive\Documents\essetech\hotelapp\Hotel-website-Django\.venv\Lib\site-packages\django\template\loader.py", line 62, in render_to_string
    return template.render(context, request)
           ~~~~~~~~~~~~~~~^^^^^^^^^^^^^^^^^^
  File "C:\Users\HP\OneDrive\Documents\essetech\hotelapp\Hotel-website-Django\.venv\Lib\site-packages\django\template\backends\django.py", line 107, in render
    return self.template.render(context)
           ~~~~~~~~~~~~~~~~~~~~^^^^^^^^^
  File "C:\Users\HP\OneDrive\Documents\essetech\hotelapp\Hotel-website-Django\.venv\Lib\site-packages\django\template\base.py", line 171, in render
    return self._render(context)
           ~~~~~~~~~~~~^^^^^^^^^
  File "C:\Users\HP\OneDrive\Documents\essetech\hotelapp\Hotel-website-Django\.venv\Lib\site-packages\django\template\base.py", line 163, in _render
    return self.nodelist.render(context)
           ~~~~~~~~~~~~~~~~~~~~^^^^^^^^^
  File "C:\Users\HP\OneDrive\Documents\essetech\hotelapp\Hotel-website-Django\.venv\Lib\site-packages\django\template\base.py", line 1008, in render
    return SafeString("".join([node.render_annotated(context) for node in self]))
                               ~~~~~~~~~~~~~~~~~~~~~^^^^^^^^^
  File "C:\Users\HP\OneDrive\Documents\essetech\hotelapp\Hotel-website-Django\.venv\Lib\site-packages\django\template\base.py", line 969, in render_annotated
    return self.render(context)
           ~~~~~~~~~~~^^^^^^^^^
  File "C:\Users\HP\OneDrive\Documents\essetech\hotelapp\Hotel-website-Django\.venv\Lib\site-packages\django\template\loader_tags.py", line 159, in render
    return compiled_parent._render(context)
           ~~~~~~~~~~~~~~~~~~~~~~~^^^^^^^^^
  File "C:\Users\HP\OneDrive\Documents\essetech\hotelapp\Hotel-website-Django\.venv\Lib\site-packages\django\template\base.py", line 163, in _render
    return self.nodelist.render(context)
           ~~~~~~~~~~~~~~~~~~~~^^^^^^^^^
  File "C:\Users\HP\OneDrive\Documents\essetech\hotelapp\Hotel-website-Django\.venv\Lib\site-packages\django\template\base.py", line 1008, in render
    return SafeString("".join([node.render_annotated(context) for node in self]))
                               ~~~~~~~~~~~~~~~~~~~~~^^^^^^^^^
  File "C:\Users\HP\OneDrive\Documents\essetech\hotelapp\Hotel-website-Django\.venv\Lib\site-packages\django\template\base.py", line 969, in render_annotated
    return self.render(context)
           ~~~~~~~~~~~^^^^^^^^^
  File "C:\Users\HP\OneDrive\Documents\essetech\hotelapp\Hotel-website-Django\.venv\Lib\site-packages\django\template\loader_tags.py", line 65, in render
    result = block.nodelist.render(context)
  File "C:\Users\HP\OneDrive\Documents\essetech\hotelapp\Hotel-website-Django\.venv\Lib\site-packages\django\template\base.py", line 1008, in render
    return SafeString("".join([node.render_annotated(context) for node in self]))
                               ~~~~~~~~~~~~~~~~~~~~~^^^^^^^^^
  File "C:\Users\HP\OneDrive\Documents\essetech\hotelapp\Hotel-website-Django\.venv\Lib\site-packages\django\template\base.py", line 969, in render_annotated
    return self.render(context)
           ~~~~~~~~~~~^^^^^^^^^
  File "C:\Users\HP\OneDrive\Documents\essetech\hotelapp\Hotel-website-Django\.venv\Lib\site-packages\django\template\loader_tags.py", line 210, in render
    return template.render(context)
           ~~~~~~~~~~~~~~~^^^^^^^^^
  File "C:\Users\HP\OneDrive\Documents\essetech\hotelapp\Hotel-website-Django\.venv\Lib\site-packages\django\template\base.py", line 173, in render
    return self._render(context)
           ~~~~~~~~~~~~^^^^^^^^^
  File "C:\Users\HP\OneDrive\Documents\essetech\hotelapp\Hotel-website-Django\.venv\Lib\site-packages\django\template\base.py", line 163, in _render
    return self.nodelist.render(context)
           ~~~~~~~~~~~~~~~~~~~~^^^^^^^^^
  File "C:\Users\HP\OneDrive\Documents\essetech\hotelapp\Hotel-website-Django\.venv\Lib\site-packages\django\template\base.py", line 1008, in render
    return SafeString("".join([node.render_annotated(context) for node in self]))
                               ~~~~~~~~~~~~~~~~~~~~~^^^^^^^^^
  File "C:\Users\HP\OneDrive\Documents\essetech\hotelapp\Hotel-website-Django\.venv\Lib\site-packages\django\template\base.py", line 969, in render_annotated
    return self.render(context)
           ~~~~~~~~~~~^^^^^^^^^
  File "C:\Users\HP\OneDrive\Documents\essetech\hotelapp\Hotel-website-Django\.venv\Lib\site-packages\django\template\base.py", line 1067, in render
    output = self.filter_expression.resolve(context)
  File "C:\Users\HP\OneDrive\Documents\essetech\hotelapp\Hotel-website-Django\.venv\Lib\site-packages\django\template\base.py", line 745, in resolve
    new_obj = func(obj, *arg_vals)
  File "C:\Users\HP\OneDrive\Documents\essetech\hotelapp\Hotel-website-Django\.venv\Lib\site-packages\django\template\defaultfilters.py", line 601, in first
    return value[0]
           ~~~~~^^^
TypeError: 'User' object is not subscriptable
ERROR 2025-07-30 20:07:57,313 basehttp 18484 20908 "GET /dashboard/ HTTP/1.1" 500 206717
INFO 2025-07-30 20:07:58,804 basehttp 18484 6544 "GET /dashboard/ HTTP/1.1" 200 40135
INFO 2025-07-30 20:07:58,843 basehttp 18484 6544 "GET /static/css/style.css HTTP/1.1" 304 0
INFO 2025-07-30 20:07:58,863 basehttp 18484 6544 "GET /static/css/dist/styles.css?v=1753949278 HTTP/1.1" 200 106475
INFO 2025-07-30 20:08:12,115 basehttp 18484 7108 "GET /dashboard/ HTTP/1.1" 200 40135
INFO 2025-07-30 20:08:12,195 basehttp 18484 7108 "GET /static/css/dist/styles.css?v=1753949292 HTTP/1.1" 200 106475
INFO 2025-07-30 20:09:25,669 basehttp 18484 17192 "GET / HTTP/1.1" 200 14762
INFO 2025-07-30 20:09:25,755 basehttp 18484 17192 "GET /static/css/dist/styles.css?v=1753949365 HTTP/1.1" 200 106475
INFO 2025-07-30 20:09:28,623 basehttp 18484 1612 "GET /dashboard/ HTTP/1.1" 200 40135
INFO 2025-07-30 20:09:28,723 basehttp 18484 1612 "GET /static/css/dist/styles.css?v=1753949368 HTTP/1.1" 200 106475
INFO 2025-07-30 20:09:31,012 basehttp 18484 13164 "GET /add-room/ HTTP/1.1" 200 34733
INFO 2025-07-30 20:09:31,120 basehttp 18484 13164 "GET /static/css/dist/styles.css?v=1753949370 HTTP/1.1" 200 106475
INFO 2025-07-30 20:09:32,784 basehttp 18484 17396 "GET /services/ HTTP/1.1" 200 33472
INFO 2025-07-30 20:09:32,881 basehttp 18484 17396 "GET /static/css/dist/styles.css?v=1753949372 HTTP/1.1" 200 106475
WARNING 2025-07-30 20:09:34,188 log 18484 8572 Not Found: /api/mark-guests-seen/
WARNING 2025-07-30 20:09:34,189 basehttp 18484 8572 "POST /api/mark-guests-seen/ HTTP/1.1" 404 13454
INFO 2025-07-30 20:09:34,263 basehttp 18484 15828 "GET /guest/ HTTP/1.1" 200 24278
INFO 2025-07-30 20:09:34,350 basehttp 18484 15828 "GET /static/css/dist/styles.css?v=1753949374 HTTP/1.1" 200 106475
WARNING 2025-07-30 20:09:36,011 log 18484 8572 Not Found: /api/mark-reservations-seen/
WARNING 2025-07-30 20:09:36,013 basehttp 18484 8572 "POST /api/mark-reservations-seen/ HTTP/1.1" 404 13472
INFO 2025-07-30 20:09:36,042 basehttp 18484 17656 "GET /reservation/ HTTP/1.1" 200 39462
INFO 2025-07-30 20:09:36,144 basehttp 18484 17656 "GET /static/css/dist/styles.css?v=1753949375 HTTP/1.1" 200 106475
INFO 2025-07-30 20:09:37,160 basehttp 18484 8572 "GET /manage-hotel-account/ HTTP/1.1" 200 32286
INFO 2025-07-30 20:09:37,241 basehttp 18484 8572 "GET /static/css/dist/styles.css?v=1753949377 HTTP/1.1" 200 106475
INFO 2025-07-30 20:09:42,999 basehttp 18484 17792 "GET /dashboard/ HTTP/1.1" 200 40135
INFO 2025-07-30 20:09:43,084 basehttp 18484 17792 "GET /static/css/dist/styles.css?v=1753949382 HTTP/1.1" 200 106475
INFO 2025-07-30 20:09:55,396 basehttp 18484 7660 "GET /dashboard/ HTTP/1.1" 200 40135
INFO 2025-07-30 20:09:55,453 basehttp 18484 7660 "GET /static/css/style.css HTTP/1.1" 200 25498
INFO 2025-07-30 20:09:55,455 basehttp 18484 20008 "GET /static/js/app.js HTTP/1.1" 200 4028
INFO 2025-07-30 20:09:55,462 basehttp 18484 14268 "GET /static/css/dist/styles.css?v=1753949395 HTTP/1.1" 200 106475
INFO 2025-07-30 20:09:55,572 basehttp 18484 14268 "GET /static/django-browser-reload/reload-listener.js HTTP/1.1" 200 623
INFO 2025-07-30 20:09:55,882 basehttp 18484 14268 "GET /dashboard/ HTTP/1.1" 200 40135
INFO 2025-07-30 20:09:57,606 basehttp 18484 20008 "GET /dashboard/ HTTP/1.1" 200 40135
INFO 2025-07-30 20:09:57,647 basehttp 18484 20008 "GET /static/css/dist/styles.css?v=1753949397 HTTP/1.1" 200 106475
INFO 2025-07-30 20:10:57,600 basehttp 18484 20008 "GET /dashboard/ HTTP/1.1" 200 40135
INFO 2025-07-30 20:10:57,724 basehttp 18484 20008 "GET /static/css/dist/styles.css?v=1753949457 HTTP/1.1" 200 106475
INFO 2025-07-30 20:17:07,866 basehttp 18484 9148 "GET /dashboard/ HTTP/1.1" 200 40135
INFO 2025-07-30 20:17:08,130 basehttp 18484 9148 "GET /static/css/style.css HTTP/1.1" 304 0
INFO 2025-07-30 20:17:08,143 basehttp 18484 9148 "GET /static/css/dist/styles.css?v=1753949827 HTTP/1.1" 200 106475
INFO 2025-07-30 20:17:08,290 basehttp 18484 9148 "GET /static/js/app.js HTTP/1.1" 304 0
INFO 2025-07-30 20:17:10,093 basehttp 18484 9752 "GET /dashboard/ HTTP/1.1" 200 40155
INFO 2025-07-30 20:17:10,253 basehttp 18484 9752 "GET /static/css/dist/styles.css?v=1753949829 HTTP/1.1" 200 106475
INFO 2025-07-30 20:17:32,801 basehttp 18484 20732 "GET /dashboard/ HTTP/1.1" 200 40155
INFO 2025-07-30 20:17:32,985 basehttp 18484 20732 "GET /static/css/dist/styles.css?v=1753949852 HTTP/1.1" 200 106475
INFO 2025-07-30 20:18:15,532 basehttp 18484 11716 "GET /dashboard/ HTTP/1.1" 200 40155
INFO 2025-07-30 20:18:15,592 basehttp 18484 11716 "GET /static/css/style.css HTTP/1.1" 200 25498
INFO 2025-07-30 20:18:15,603 basehttp 18484 16176 "GET /static/css/dist/styles.css?v=1753949895 HTTP/1.1" 200 106475
INFO 2025-07-30 20:18:15,612 basehttp 18484 16176 "GET /static/js/app.js HTTP/1.1" 200 4028
INFO 2025-07-30 20:18:16,300 basehttp 18484 16176 "GET /static/django-browser-reload/reload-listener.js HTTP/1.1" 200 623
INFO 2025-07-30 20:18:26,048 basehttp 18484 16176 "GET /dashboard/ HTTP/1.1" 200 40155
INFO 2025-07-30 20:18:26,148 basehttp 18484 16176 "GET /static/css/dist/styles.css?v=1753949905 HTTP/1.1" 200 106475
INFO 2025-07-30 20:18:32,767 basehttp 18484 11716 "GET /dashboard/ HTTP/1.1" 200 40155
INFO 2025-07-30 20:18:32,802 basehttp 18484 11716 "GET /static/css/dist/styles.css?v=1753949912 HTTP/1.1" 200 106475
INFO 2025-07-30 20:18:55,296 basehttp 18484 11716 "GET /dashboard/ HTTP/1.1" 200 40155
INFO 2025-07-30 20:18:55,335 basehttp 18484 11716 "GET /static/css/dist/styles.css?v=1753949935 HTTP/1.1" 200 0
INFO 2025-07-30 20:18:58,690 basehttp 18484 11716 "GET /dashboard/ HTTP/1.1" 200 40155
INFO 2025-07-30 20:18:58,734 basehttp 18484 11716 "GET /static/css/dist/styles.css?v=1753949938 HTTP/1.1" 200 106539
INFO 2025-07-30 20:19:22,050 basehttp 18484 11716 "GET /dashboard/ HTTP/1.1" 200 40155
INFO 2025-07-30 20:19:22,182 basehttp 18484 11716 "GET /static/css/dist/styles.css?v=1753949962 HTTP/1.1" 200 106539
INFO 2025-07-30 20:20:19,750 basehttp 18484 19236 "GET /dashboard/ HTTP/1.1" 200 40155
INFO 2025-07-30 20:20:19,823 basehttp 18484 19236 "GET /static/css/dist/styles.css?v=1753950019 HTTP/1.1" 200 106539
INFO 2025-07-30 20:20:22,910 basehttp 18484 6536 "GET /dashboard/ HTTP/1.1" 200 40155
INFO 2025-07-30 20:20:23,073 basehttp 18484 6536 "GET /static/css/dist/styles.css?v=1753950022 HTTP/1.1" 200 106539
INFO 2025-07-30 20:20:24,656 basehttp 18484 21988 "GET /dashboard/ HTTP/1.1" 200 40155
INFO 2025-07-30 20:20:24,710 basehttp 18484 21988 "GET /static/css/style.css HTTP/1.1" 200 25498
INFO 2025-07-30 20:20:24,735 basehttp 18484 1704 "GET /static/js/app.js HTTP/1.1" 200 4028
INFO 2025-07-30 20:20:24,739 basehttp 18484 21988 "GET /static/css/dist/styles.css?v=1753950024 HTTP/1.1" 200 106539
INFO 2025-07-30 20:20:25,301 basehttp 18484 21988 "GET /static/django-browser-reload/reload-listener.js HTTP/1.1" 200 623
WARNING 2025-07-30 20:20:26,174 log 18484 1704 Not Found: /favicon.ico
WARNING 2025-07-30 20:20:26,176 basehttp 18484 1704 "GET /favicon.ico HTTP/1.1" 404 13423
INFO 2025-07-30 20:20:31,910 basehttp 18484 1704 "GET /dashboard/ HTTP/1.1" 200 40155
INFO 2025-07-30 20:20:31,986 basehttp 18484 1704 "GET /static/css/dist/styles.css?v=1753950031 HTTP/1.1" 200 106539
INFO 2025-07-30 20:20:35,642 basehttp 18484 21464 "GET /dashboard/ HTTP/1.1" 200 40155
INFO 2025-07-30 20:20:35,691 basehttp 18484 21464 "GET /static/css/dist/styles.css?v=1753950035 HTTP/1.1" 200 106539
INFO 2025-07-30 20:20:36,327 basehttp 18484 14760 "GET /dashboard/ HTTP/1.1" 200 40155
INFO 2025-07-30 20:20:36,383 basehttp 18484 14760 "GET /static/css/dist/styles.css?v=1753950036 HTTP/1.1" 200 106539
INFO 2025-07-30 20:20:45,160 basehttp 18484 14372 "GET /dashboard/ HTTP/1.1" 200 40155
INFO 2025-07-30 20:20:45,210 basehttp 18484 14372 "GET /static/css/dist/styles.css?v=1753950045 HTTP/1.1" 200 106539
INFO 2025-07-30 20:20:53,374 basehttp 18484 3856 "GET /dashboard/ HTTP/1.1" 200 40155
INFO 2025-07-30 20:20:53,430 basehttp 18484 3856 "GET /static/css/dist/styles.css?v=1753950053 HTTP/1.1" 200 106539
INFO 2025-07-30 20:20:55,469 basehttp 18484 8668 "GET /dashboard/ HTTP/1.1" 200 40155
INFO 2025-07-30 20:20:55,529 basehttp 18484 8668 "GET /static/css/style.css HTTP/1.1" 200 25498
INFO 2025-07-30 20:20:55,535 basehttp 18484 20296 "GET /static/js/app.js HTTP/1.1" 200 4028
INFO 2025-07-30 20:20:55,539 basehttp 18484 23000 "GET /static/css/dist/styles.css?v=1753950055 HTTP/1.1" 200 106539
INFO 2025-07-30 20:20:58,162 basehttp 18484 23000 "GET /static/django-browser-reload/reload-listener.js HTTP/1.1" 200 623
WARNING 2025-07-30 20:20:58,652 log 18484 20296 Not Found: /favicon.ico
WARNING 2025-07-30 20:20:58,653 basehttp 18484 20296 "GET /favicon.ico HTTP/1.1" 404 13423
INFO 2025-07-30 20:21:08,071 basehttp 18484 20296 "GET /dashboard/ HTTP/1.1" 200 40155
INFO 2025-07-30 20:21:08,131 basehttp 18484 20296 "GET /static/css/dist/styles.css?v=1753950068 HTTP/1.1" 200 0
INFO 2025-07-30 20:21:12,624 basehttp 18484 8668 "GET /dashboard/ HTTP/1.1" 200 40155
INFO 2025-07-30 20:21:12,739 basehttp 18484 8668 "GET /static/css/dist/styles.css?v=1753950072 HTTP/1.1" 200 106572
INFO 2025-07-30 20:21:14,834 basehttp 18484 17716 "GET /dashboard/ HTTP/1.1" 200 40161
INFO 2025-07-30 20:21:14,884 basehttp 18484 17716 "GET /static/css/dist/styles.css?v=1753950074 HTTP/1.1" 200 106572
INFO 2025-07-30 20:21:18,361 basehttp 18484 21128 "GET /dashboard/ HTTP/1.1" 200 40165
INFO 2025-07-30 20:21:18,439 basehttp 18484 21128 "GET /static/css/dist/styles.css?v=1753950078 HTTP/1.1" 200 106572
INFO 2025-07-30 20:21:21,785 basehttp 18484 15484 "GET /dashboard/ HTTP/1.1" 200 40165
INFO 2025-07-30 20:21:21,847 basehttp 18484 15484 "GET /static/css/style.css HTTP/1.1" 200 25498
INFO 2025-07-30 20:21:21,856 basehttp 18484 21792 "GET /static/js/app.js HTTP/1.1" 200 4028
INFO 2025-07-30 20:21:21,859 basehttp 18484 4292 "GET /static/css/dist/styles.css?v=1753950081 HTTP/1.1" 200 106572
INFO 2025-07-30 20:21:24,072 basehttp 18484 21792 "GET /static/django-browser-reload/reload-listener.js HTTP/1.1" 200 623
WARNING 2025-07-30 20:21:24,538 log 18484 4292 Not Found: /favicon.ico
WARNING 2025-07-30 20:21:24,541 basehttp 18484 4292 "GET /favicon.ico HTTP/1.1" 404 13423
INFO 2025-07-30 20:21:40,486 basehttp 18484 4292 "GET /dashboard/ HTTP/1.1" 200 40166
INFO 2025-07-30 20:21:40,571 basehttp 18484 4292 "GET /static/css/dist/styles.css?v=1753950100 HTTP/1.1" 200 106572
INFO 2025-07-30 20:21:43,551 basehttp 18484 15484 "GET /dashboard/ HTTP/1.1" 200 40166
INFO 2025-07-30 20:21:43,623 basehttp 18484 15484 "GET /static/css/style.css HTTP/1.1" 200 25498
INFO 2025-07-30 20:21:43,652 basehttp 18484 15484 "GET /static/js/app.js HTTP/1.1" 200 4028
INFO 2025-07-30 20:21:43,657 basehttp 18484 12900 "GET /static/css/dist/styles.css?v=1753950103 HTTP/1.1" 200 106572
INFO 2025-07-30 20:21:43,731 basehttp 18484 12900 "GET /static/django-browser-reload/reload-listener.js HTTP/1.1" 200 623
WARNING 2025-07-30 20:21:44,344 log 18484 15484 Not Found: /favicon.ico
WARNING 2025-07-30 20:21:44,345 basehttp 18484 15484 "GET /favicon.ico HTTP/1.1" 404 13423
INFO 2025-07-30 20:22:05,570 basehttp 18484 15484 "GET /dashboard/ HTTP/1.1" 200 40166
INFO 2025-07-30 20:22:05,636 basehttp 18484 15484 "GET /static/css/dist/styles.css?v=1753950125 HTTP/1.1" 200 0
INFO 2025-07-30 20:22:08,849 basehttp 18484 6148 "GET /dashboard/ HTTP/1.1" 200 40166
INFO 2025-07-30 20:22:08,960 basehttp 18484 6148 "GET /static/css/dist/styles.css?v=1753950128 HTTP/1.1" 200 106610
INFO 2025-07-30 20:22:25,681 basehttp 18484 19664 "GET /dashboard/ HTTP/1.1" 200 40165
INFO 2025-07-30 20:22:25,778 basehttp 18484 19664 "GET /static/css/dist/styles.css?v=1753950145 HTTP/1.1" 200 106610
INFO 2025-07-30 20:22:44,242 basehttp 18484 13052 "GET /dashboard/ HTTP/1.1" 200 40165
INFO 2025-07-30 20:22:44,309 basehttp 18484 13052 "GET /static/css/dist/styles.css?v=1753950164 HTTP/1.1" 200 106610
INFO 2025-07-30 20:23:10,691 autoreload 23428 12796 Watching for file changes with StatReloader
INFO 2025-07-30 20:23:13,127 basehttp 23428 20268 "GET /dashboard/ HTTP/1.1" 200 40165
INFO 2025-07-30 20:23:13,427 basehttp 23428 20268 "GET /static/css/dist/styles.css?v=1753950192 HTTP/1.1" 200 106610
INFO 2025-07-30 20:23:24,012 basehttp 23428 18624 "GET /dashboard/ HTTP/1.1" 200 40159
INFO 2025-07-30 20:23:24,088 basehttp 23428 18624 "GET /static/css/dist/styles.css?v=1753950203 HTTP/1.1" 200 106610
INFO 2025-07-30 20:23:53,896 basehttp 23428 4024 "GET /dashboard/ HTTP/1.1" 200 40155
INFO 2025-07-30 20:23:54,402 basehttp 23428 4024 "GET /static/css/dist/styles.css?v=1753950233 HTTP/1.1" 200 106610
INFO 2025-07-30 20:24:00,343 basehttp 23428 20228 "GET /dashboard/ HTTP/1.1" 200 40149
INFO 2025-07-30 20:24:00,416 basehttp 23428 20228 "GET /static/css/dist/styles.css?v=1753950239 HTTP/1.1" 200 106610
INFO 2025-07-30 20:24:21,023 basehttp 23428 6868 "GET /dashboard/ HTTP/1.1" 200 40149
INFO 2025-07-30 20:24:21,077 basehttp 23428 6868 "GET /static/css/style.css HTTP/1.1" 200 25498
INFO 2025-07-30 20:24:21,118 basehttp 23428 3856 "GET /static/css/dist/styles.css?v=1753950260 HTTP/1.1" 200 106610
INFO 2025-07-30 20:24:21,123 basehttp 23428 12392 "GET /static/js/app.js HTTP/1.1" 200 4028
INFO 2025-07-30 20:24:21,250 basehttp 23428 12392 "GET /static/django-browser-reload/reload-listener.js HTTP/1.1" 200 623
INFO 2025-07-30 20:25:32,924 basehttp 23428 12392 "GET /dashboard/ HTTP/1.1" 200 40145
INFO 2025-07-30 20:25:32,962 basehttp 23428 12392 "GET /static/css/dist/styles.css?v=1753950332 HTTP/1.1" 200 106610
INFO 2025-07-30 20:25:42,853 basehttp 23428 12392 "GET /dashboard/ HTTP/1.1" 200 40149
INFO 2025-07-30 20:25:42,881 basehttp 23428 12392 "GET /static/css/dist/styles.css?v=1753950342 HTTP/1.1" 200 106610
INFO 2025-07-30 20:26:39,850 basehttp 23428 12392 "GET /add-room/ HTTP/1.1" 200 34723
INFO 2025-07-30 20:26:39,949 basehttp 23428 12392 "GET /static/css/dist/styles.css?v=1753950399 HTTP/1.1" 200 106610
INFO 2025-07-30 20:26:49,415 basehttp 23428 12392 "GET /dashboard/ HTTP/1.1" 200 40149
INFO 2025-07-30 20:26:49,503 basehttp 23428 12392 "GET /static/css/dist/styles.css?v=1753950409 HTTP/1.1" 200 106610
INFO 2025-07-30 20:27:43,308 basehttp 23428 12392 "GET /dashboard/ HTTP/1.1" 200 41912
INFO 2025-07-30 20:27:43,342 basehttp 23428 12392 "GET /static/css/dist/styles.css?v=1753950463 HTTP/1.1" 200 106610
INFO 2025-07-30 20:27:58,463 basehttp 23428 12392 "GET /dashboard/ HTTP/1.1" 200 41912
INFO 2025-07-30 20:27:58,496 basehttp 23428 12392 "GET /static/css/style.css HTTP/1.1" 304 0
INFO 2025-07-30 20:27:58,500 basehttp 23428 3856 "GET /static/css/dist/styles.css?v=1753950478 HTTP/1.1" 200 106610
INFO 2025-07-30 20:31:03,554 basehttp 23428 3856 "GET /dashboard/ HTTP/1.1" 200 48883
INFO 2025-07-30 20:31:03,650 basehttp 23428 3856 "GET /static/css/dist/styles.css?v=1753950663 HTTP/1.1" 200 106610
INFO 2025-07-30 20:31:39,123 autoreload 23428 12796 C:\Users\HP\OneDrive\Documents\essetech\hotelapp\Hotel-website-Django\hotelapp\account\forms.py changed, reloading.
INFO 2025-07-30 20:31:41,984 autoreload 22964 20808 Watching for file changes with StatReloader
INFO 2025-07-30 20:31:44,711 basehttp 22964 10796 "GET /dashboard/ HTTP/1.1" 200 49549
INFO 2025-07-30 20:31:44,763 basehttp 22964 15284 "GET /static/js/app.js HTTP/1.1" 304 0
INFO 2025-07-30 20:31:45,049 basehttp 22964 10796 "GET /static/css/dist/styles.css?v=1753950704 HTTP/1.1" 200 106610
INFO 2025-07-30 20:32:04,155 autoreload 22964 20808 C:\Users\HP\OneDrive\Documents\essetech\hotelapp\Hotel-website-Django\hotelapp\account\forms.py changed, reloading.
INFO 2025-07-30 20:32:06,332 autoreload 23020 20252 Watching for file changes with StatReloader
INFO 2025-07-30 20:32:08,365 basehttp 23020 21508 "GET /dashboard/ HTTP/1.1" 200 49549
INFO 2025-07-30 20:32:08,405 basehttp 23020 6836 "GET /static/css/style.css HTTP/1.1" 304 0
INFO 2025-07-30 20:32:08,530 basehttp 23020 21508 "GET /static/css/dist/styles.css?v=1753950728 HTTP/1.1" 200 106610
INFO 2025-07-30 20:32:59,211 basehttp 23020 21508 "GET /dashboard/ HTTP/1.1" 200 49549
INFO 2025-07-30 20:32:59,350 basehttp 23020 21508 "GET /static/css/dist/styles.css?v=1753950779 HTTP/1.1" 200 106610
INFO 2025-07-30 20:37:18,695 basehttp 23020 21368 "GET /dashboard/ HTTP/1.1" 200 49819
INFO 2025-07-30 20:37:18,751 basehttp 23020 21368 "GET /static/css/style.css HTTP/1.1" 304 0
INFO 2025-07-30 20:37:18,763 basehttp 23020 21368 "GET /static/css/dist/styles.css?v=1753951038 HTTP/1.1" 200 106610
INFO 2025-07-30 20:38:25,227 basehttp 23020 14092 "GET /dashboard/ HTTP/1.1" 200 49819
INFO 2025-07-30 20:38:25,291 basehttp 23020 14092 "GET /static/css/dist/styles.css?v=1753951105 HTTP/1.1" 200 106610
INFO 2025-07-30 20:39:50,231 autoreload 23020 20252 C:\Users\HP\OneDrive\Documents\essetech\hotelapp\Hotel-website-Django\hotelapp\account\forms.py changed, reloading.
INFO 2025-07-30 20:39:52,916 autoreload 11468 5928 Watching for file changes with StatReloader
INFO 2025-07-30 20:39:54,702 basehttp 11468 19840 "GET /dashboard/ HTTP/1.1" 200 50019
INFO 2025-07-30 20:39:54,769 basehttp 11468 21248 "GET /static/js/app.js HTTP/1.1" 304 0
INFO 2025-07-30 20:39:54,878 basehttp 11468 19840 "GET /static/css/dist/styles.css?v=1753951194 HTTP/1.1" 200 106610
INFO 2025-07-30 20:40:01,614 autoreload 11468 5928 C:\Users\HP\OneDrive\Documents\essetech\hotelapp\Hotel-website-Django\hotelapp\account\forms.py changed, reloading.
INFO 2025-07-30 20:40:03,704 autoreload 9776 8196 Watching for file changes with StatReloader
INFO 2025-07-30 20:40:05,592 basehttp 9776 18496 "GET /dashboard/ HTTP/1.1" 200 50019
INFO 2025-07-30 20:40:05,759 basehttp 9776 18496 "GET /static/css/dist/styles.css?v=1753951205 HTTP/1.1" 200 106610
INFO 2025-07-30 20:40:31,854 basehttp 9776 5108 "GET /dashboard/ HTTP/1.1" 200 50019
INFO 2025-07-30 20:40:31,917 basehttp 9776 5108 "GET /static/css/dist/styles.css?v=1753951231 HTTP/1.1" 200 106610
INFO 2025-07-30 20:41:28,847 autoreload 9776 8196 C:\Users\HP\OneDrive\Documents\essetech\hotelapp\Hotel-website-Django\hotelapp\account\forms.py changed, reloading.
INFO 2025-07-30 20:41:30,845 autoreload 12576 4128 Watching for file changes with StatReloader
INFO 2025-07-30 20:41:32,622 basehttp 12576 6612 "GET /dashboard/ HTTP/1.1" 200 50019
INFO 2025-07-30 20:41:32,783 basehttp 12576 6612 "GET /static/css/dist/styles.css?v=1753951292 HTTP/1.1" 200 106610
INFO 2025-07-30 20:41:46,153 autoreload 12576 4128 C:\Users\HP\OneDrive\Documents\essetech\hotelapp\Hotel-website-Django\hotelapp\account\forms.py changed, reloading.
INFO 2025-07-30 20:41:48,019 autoreload 8564 21744 Watching for file changes with StatReloader
INFO 2025-07-30 20:41:49,591 basehttp 8564 16740 "GET /dashboard/ HTTP/1.1" 200 50233
INFO 2025-07-30 20:41:49,765 basehttp 8564 16740 "GET /static/css/dist/styles.css?v=1753951309 HTTP/1.1" 200 106610
INFO 2025-07-30 20:42:03,140 autoreload 8564 21744 C:\Users\HP\OneDrive\Documents\essetech\hotelapp\Hotel-website-Django\hotelapp\account\forms.py changed, reloading.
INFO 2025-07-30 20:42:04,962 autoreload 19668 15896 Watching for file changes with StatReloader
INFO 2025-07-30 20:42:10,655 autoreload 19668 15896 C:\Users\HP\OneDrive\Documents\essetech\hotelapp\Hotel-website-Django\hotelapp\account\forms.py changed, reloading.
INFO 2025-07-30 20:42:13,034 autoreload 22332 14928 Watching for file changes with StatReloader
INFO 2025-07-30 20:42:14,940 basehttp 22332 20920 "GET /dashboard/ HTTP/1.1" 200 50204
INFO 2025-07-30 20:42:14,986 basehttp 22332 20920 "GET /static/css/style.css HTTP/1.1" 304 0
INFO 2025-07-30 20:42:15,141 basehttp 22332 19044 "GET /static/css/dist/styles.css?v=1753951334 HTTP/1.1" 200 106610
INFO 2025-07-30 20:42:16,792 autoreload 22332 14928 C:\Users\HP\OneDrive\Documents\essetech\hotelapp\Hotel-website-Django\hotelapp\account\forms.py changed, reloading.
INFO 2025-07-30 20:42:18,633 autoreload 22672 13912 Watching for file changes with StatReloader
INFO 2025-07-30 20:42:20,803 basehttp 22672 5424 "GET /dashboard/ HTTP/1.1" 200 50208
INFO 2025-07-30 20:42:20,966 basehttp 22672 5424 "GET /static/css/dist/styles.css?v=1753951340 HTTP/1.1" 200 106610
INFO 2025-07-30 20:42:26,292 basehttp 22672 4308 "GET /dashboard/ HTTP/1.1" 200 50208
INFO 2025-07-30 20:42:26,351 basehttp 22672 4308 "GET /static/css/dist/styles.css?v=1753951346 HTTP/1.1" 200 106610
INFO 2025-07-30 20:44:17,335 basehttp 22672 22024 "GET /dashboard/ HTTP/1.1" 200 50207
INFO 2025-07-30 20:44:17,409 basehttp 22672 22024 "GET /static/css/dist/styles.css?v=1753951457 HTTP/1.1" 200 106610
INFO 2025-07-30 20:44:26,126 basehttp 22672 16348 "GET /dashboard/ HTTP/1.1" 200 50208
INFO 2025-07-30 20:44:26,181 basehttp 22672 16348 "GET /static/css/dist/styles.css?v=1753951466 HTTP/1.1" 200 106610
INFO 2025-07-30 20:44:56,021 basehttp 22672 23248 "GET /dashboard/ HTTP/1.1" 200 50211
INFO 2025-07-30 20:44:56,070 basehttp 22672 23248 "GET /static/css/dist/styles.css?v=1753951495 HTTP/1.1" 200 106610
INFO 2025-07-30 20:45:04,298 basehttp 22672 16564 "GET /dashboard/ HTTP/1.1" 200 50211
INFO 2025-07-30 20:45:04,354 basehttp 22672 16564 "GET /static/css/dist/styles.css?v=1753951504 HTTP/1.1" 200 106610
INFO 2025-07-30 20:45:15,400 basehttp 22672 1856 "GET /dashboard/ HTTP/1.1" 200 50212
INFO 2025-07-30 20:45:15,455 basehttp 22672 1856 "GET /static/css/dist/styles.css?v=1753951515 HTTP/1.1" 200 106610
INFO 2025-07-30 20:45:17,502 basehttp 22672 15368 "GET /dashboard/ HTTP/1.1" 200 50212
INFO 2025-07-30 20:45:17,562 basehttp 22672 15368 "GET /static/css/dist/styles.css?v=1753951517 HTTP/1.1" 200 106610
INFO 2025-07-30 20:46:45,920 basehttp 22672 13508 "GET /dashboard/ HTTP/1.1" 200 50213
INFO 2025-07-30 20:46:46,331 basehttp 22672 13508 "GET /static/css/dist/styles.css?v=1753951605 HTTP/1.1" 200 106610
INFO 2025-07-30 20:46:51,278 basehttp 22672 18420 "GET /dashboard/ HTTP/1.1" 200 50215
INFO 2025-07-30 20:46:51,328 basehttp 22672 18420 "GET /static/css/dist/styles.css?v=1753951611 HTTP/1.1" 200 106610
INFO 2025-07-30 20:46:55,573 basehttp 22672 22644 "GET /dashboard/ HTTP/1.1" 200 50224
INFO 2025-07-30 20:46:55,629 basehttp 22672 22644 "GET /static/css/dist/styles.css?v=1753951615 HTTP/1.1" 200 106610
INFO 2025-07-30 20:46:57,104 basehttp 22672 20184 "GET /dashboard/ HTTP/1.1" 200 50224
INFO 2025-07-30 20:46:57,160 basehttp 22672 20184 "GET /static/css/dist/styles.css?v=1753951617 HTTP/1.1" 200 106610
INFO 2025-07-30 20:47:57,466 basehttp 22672 14260 "GET /dashboard/ HTTP/1.1" 200 50225
INFO 2025-07-30 20:47:57,582 basehttp 22672 14260 "GET /static/css/style.css HTTP/1.1" 304 0
INFO 2025-07-30 20:47:57,595 basehttp 22672 14260 "GET /static/css/dist/styles.css?v=1753951677 HTTP/1.1" 200 106610
INFO 2025-07-30 20:47:59,481 basehttp 22672 18588 "GET /dashboard/ HTTP/1.1" 200 50229
INFO 2025-07-30 20:47:59,534 basehttp 22672 18588 "GET /static/css/dist/styles.css?v=1753951679 HTTP/1.1" 200 106610
INFO 2025-07-30 20:48:02,766 basehttp 22672 7632 "GET /dashboard/ HTTP/1.1" 200 50233
INFO 2025-07-30 20:48:02,818 basehttp 22672 7632 "GET /static/css/dist/styles.css?v=1753951682 HTTP/1.1" 200 106610
INFO 2025-07-30 20:48:05,655 basehttp 22672 16828 "GET /dashboard/ HTTP/1.1" 200 50233
INFO 2025-07-30 20:48:05,698 basehttp 22672 16828 "GET /static/css/dist/styles.css?v=1753951685 HTTP/1.1" 200 106610
INFO 2025-07-30 20:50:54,691 autoreload 22672 13912 C:\Users\HP\OneDrive\Documents\essetech\hotelapp\Hotel-website-Django\hotelapp\account\forms.py changed, reloading.
INFO 2025-07-30 20:50:57,276 autoreload 8572 7396 Watching for file changes with StatReloader
INFO 2025-07-30 20:50:58,934 basehttp 8572 11724 "GET /dashboard/ HTTP/1.1" 200 50197
INFO 2025-07-30 20:50:58,992 basehttp 8572 6612 "GET /static/js/app.js HTTP/1.1" 304 0
INFO 2025-07-30 20:50:59,106 basehttp 8572 11724 "GET /static/css/dist/styles.css?v=1753951858 HTTP/1.1" 200 106610
INFO 2025-07-30 20:51:52,826 basehttp 8572 6612 "GET /dashboard/ HTTP/1.1" 200 54839
INFO 2025-07-30 20:51:52,901 basehttp 8572 6612 "GET /static/css/dist/styles.css?v=1753951912 HTTP/1.1" 200 106610
INFO 2025-07-30 20:52:11,966 autoreload 8572 7396 C:\Users\HP\OneDrive\Documents\essetech\hotelapp\Hotel-website-Django\hotelapp\account\forms.py changed, reloading.
INFO 2025-07-30 20:52:14,194 autoreload 20028 17592 Watching for file changes with StatReloader
INFO 2025-07-30 20:52:16,244 basehttp 20028 2328 "GET /dashboard/ HTTP/1.1" 200 54839
INFO 2025-07-30 20:52:16,433 basehttp 20028 2328 "GET /static/css/dist/styles.css?v=1753951936 HTTP/1.1" 200 106610
INFO 2025-07-30 20:52:22,889 basehttp 20028 11060 "GET /dashboard/ HTTP/1.1" 200 54839
INFO 2025-07-30 20:52:22,953 basehttp 20028 11060 "GET /static/css/dist/styles.css?v=1753951942 HTTP/1.1" 200 106610
INFO 2025-07-30 20:55:56,556 basehttp 20028 18932 "POST /dashboard/ HTTP/1.1" 302 0
INFO 2025-07-30 20:55:56,617 basehttp 20028 18932 "GET /dashboard/ HTTP/1.1" 200 59739
INFO 2025-07-30 20:55:56,681 basehttp 20028 18932 "GET /static/css/style.css HTTP/1.1" 304 0
INFO 2025-07-30 20:55:56,694 basehttp 20028 12164 "GET /static/css/dist/styles.css?v=1753952156 HTTP/1.1" 200 106610
INFO 2025-07-30 20:56:13,411 basehttp 20028 18932 "GET /dashboard/ HTTP/1.1" 200 58391
INFO 2025-07-30 20:56:13,477 basehttp 20028 18932 "GET /static/css/style.css HTTP/1.1" 200 25498
INFO 2025-07-30 20:56:13,485 basehttp 20028 2976 "GET /static/css/dist/styles.css?v=1753952173 HTTP/1.1" 200 106610
INFO 2025-07-30 20:56:14,194 basehttp 20028 2976 "GET /static/js/app.js HTTP/1.1" 200 4028
INFO 2025-07-30 20:56:14,196 basehttp 20028 18932 "GET /static/django-browser-reload/reload-listener.js HTTP/1.1" 200 623
INFO 2025-07-30 20:56:21,443 basehttp 20028 18932 "GET /dashboard/ HTTP/1.1" 200 58391
INFO 2025-07-30 20:56:21,526 basehttp 20028 18932 "GET /static/css/dist/styles.css?v=1753952181 HTTP/1.1" 200 106610
INFO 2025-07-30 20:56:36,369 basehttp 20028 2976 "GET /add-room/ HTTP/1.1" 200 34723
INFO 2025-07-30 20:56:36,434 basehttp 20028 2976 "GET /static/css/dist/styles.css?v=1753952196 HTTP/1.1" 200 106610
INFO 2025-07-30 20:56:46,897 autoreload 20028 17592 C:\Users\HP\OneDrive\Documents\essetech\hotelapp\Hotel-website-Django\hotelapp\account\forms.py changed, reloading.
INFO 2025-07-30 20:56:49,030 autoreload 5324 8016 Watching for file changes with StatReloader
INFO 2025-07-30 20:56:51,123 basehttp 5324 17256 "GET /add-room/ HTTP/1.1" 200 34723
INFO 2025-07-30 20:56:51,291 basehttp 5324 17256 "GET /static/css/dist/styles.css?v=1753952210 HTTP/1.1" 200 106610
INFO 2025-07-30 21:01:49,277 basehttp 5324 19124 "GET /add-room/ HTTP/1.1" 200 57938
INFO 2025-07-30 21:01:49,343 basehttp 5324 19124 "GET /static/css/dist/styles.css?v=1753952509 HTTP/1.1" 200 106610
INFO 2025-07-30 21:02:15,645 autoreload 5324 8016 C:\Users\HP\OneDrive\Documents\essetech\hotelapp\Hotel-website-Django\hotelapp\account\forms.py changed, reloading.
INFO 2025-07-30 21:02:18,914 autoreload 20804 23420 Watching for file changes with StatReloader
INFO 2025-07-30 21:02:20,997 basehttp 20804 11456 "GET /add-room/ HTTP/1.1" 200 59015
INFO 2025-07-30 21:02:21,271 basehttp 20804 11456 "GET /static/css/dist/styles.css?v=1753952540 HTTP/1.1" 200 106610
INFO 2025-07-30 21:02:37,094 autoreload 20804 23420 C:\Users\HP\OneDrive\Documents\essetech\hotelapp\Hotel-website-Django\hotelapp\account\forms.py changed, reloading.
INFO 2025-07-30 21:02:39,618 autoreload 21404 17852 Watching for file changes with StatReloader
INFO 2025-07-30 21:02:41,696 basehttp 21404 17664 "GET /add-room/ HTTP/1.1" 200 59015
INFO 2025-07-30 21:02:41,837 basehttp 21404 17664 "GET /static/css/dist/styles.css?v=1753952561 HTTP/1.1" 200 106610
INFO 2025-07-30 21:03:05,268 basehttp 21404 4920 "GET /add_room_detail/4/ HTTP/1.1" 200 26074
INFO 2025-07-30 21:03:05,328 basehttp 21404 4920 "GET /static/css/style.css HTTP/1.1" 304 0
INFO 2025-07-30 21:03:05,345 basehttp 21404 16976 "GET /static/css/dist/styles.css?v=1753952585 HTTP/1.1" 200 106610
INFO 2025-07-30 21:03:07,102 basehttp 21404 4920 "GET /add-room/ HTTP/1.1" 200 59015
INFO 2025-07-30 21:03:07,168 basehttp 21404 4920 "GET /static/css/dist/styles.css?v=1753952587 HTTP/1.1" 200 106610
INFO 2025-07-30 21:03:42,194 basehttp 21404 19192 "GET /add-room/ HTTP/1.1" 200 59015
INFO 2025-07-30 21:03:42,296 basehttp 21404 19192 "GET /static/css/dist/styles.css?v=1753952622 HTTP/1.1" 200 102484
INFO 2025-07-30 21:04:05,407 basehttp 21404 1868 "GET /add_room_detail/4/ HTTP/1.1" 200 26074
INFO 2025-07-30 21:04:05,472 basehttp 21404 1868 "GET /static/css/dist/styles.css?v=1753952645 HTTP/1.1" 200 102484
INFO 2025-07-30 21:04:06,729 basehttp 21404 9008 "GET /add-room/ HTTP/1.1" 200 59015
INFO 2025-07-30 21:04:06,809 basehttp 21404 9008 "GET /static/css/dist/styles.css?v=1753952646 HTTP/1.1" 200 102484
INFO 2025-07-30 21:04:11,157 basehttp 21404 16420 "GET /add-room/ HTTP/1.1" 200 59015
INFO 2025-07-30 21:04:11,242 basehttp 21404 16420 "GET /static/css/style.css HTTP/1.1" 200 25498
INFO 2025-07-30 21:04:11,244 basehttp 21404 1120 "GET /static/js/app.js HTTP/1.1" 200 4028
INFO 2025-07-30 21:04:11,249 basehttp 21404 17760 "GET /static/css/dist/styles.css?v=1753952651 HTTP/1.1" 200 102484
INFO 2025-07-30 21:04:11,394 basehttp 21404 17760 "GET /static/django-browser-reload/reload-listener.js HTTP/1.1" 200 623
INFO 2025-07-30 21:04:19,884 basehttp 21404 17760 "GET /add-room/ HTTP/1.1" 200 59015
INFO 2025-07-30 21:04:19,999 basehttp 21404 17760 "GET /static/css/dist/styles.css?v=1753952659 HTTP/1.1" 200 102484
INFO 2025-07-30 21:04:47,321 basehttp 21404 1120 "GET /add-room/ HTTP/1.1" 200 59015
INFO 2025-07-30 21:04:47,667 basehttp 21404 1120 "GET /static/css/dist/styles.css?v=1753952687 HTTP/1.1" 200 102514
INFO 2025-07-30 21:04:50,836 basehttp 21404 16420 "GET /add-room/ HTTP/1.1" 200 59019
INFO 2025-07-30 21:04:50,913 basehttp 21404 16420 "GET /static/css/dist/styles.css?v=1753952690 HTTP/1.1" 200 102514
INFO 2025-07-30 21:05:04,230 basehttp 21404 9504 "GET /add-room/ HTTP/1.1" 200 59019
INFO 2025-07-30 21:05:04,294 basehttp 21404 9504 "GET /static/css/dist/styles.css?v=1753952704 HTTP/1.1" 200 102514
INFO 2025-07-30 21:05:12,163 basehttp 21404 11676 "GET /edit_room/4/edit/ HTTP/1.1" 200 25378
INFO 2025-07-30 21:05:12,233 basehttp 21404 11676 "GET /static/css/dist/styles.css?v=1753952712 HTTP/1.1" 200 102514
INFO 2025-07-30 21:05:16,155 basehttp 21404 10752 "GET /add_room_detail/4/ HTTP/1.1" 200 26074
INFO 2025-07-30 21:05:16,223 basehttp 21404 10752 "GET /static/css/dist/styles.css?v=1753952716 HTTP/1.1" 200 102514
INFO 2025-07-30 21:05:24,474 basehttp 21404 22140 "GET /edit_room/4/edit/ HTTP/1.1" 200 25378
INFO 2025-07-30 21:05:24,545 basehttp 21404 22140 "GET /static/css/dist/styles.css?v=1753952724 HTTP/1.1" 200 102514
INFO 2025-07-30 21:05:26,809 basehttp 21404 23496 "GET /add_room_detail/4/ HTTP/1.1" 200 26074
INFO 2025-07-30 21:05:26,873 basehttp 21404 23496 "GET /static/css/dist/styles.css?v=1753952726 HTTP/1.1" 200 102514
INFO 2025-07-30 21:05:30,582 basehttp 21404 4284 "GET /services/ HTTP/1.1" 200 33462
INFO 2025-07-30 21:05:30,648 basehttp 21404 4284 "GET /static/css/dist/styles.css?v=1753952730 HTTP/1.1" 200 102514
WARNING 2025-07-30 21:05:35,834 log 21404 21608 Not Found: /api/mark-guests-seen/
WARNING 2025-07-30 21:05:35,836 basehttp 21404 21608 "POST /api/mark-guests-seen/ HTTP/1.1" 404 13454
INFO 2025-07-30 21:05:35,869 basehttp 21404 20512 "GET /guest/ HTTP/1.1" 200 24268
INFO 2025-07-30 21:05:35,935 basehttp 21404 20512 "GET /static/css/dist/styles.css?v=1753952735 HTTP/1.1" 200 102514
INFO 2025-07-30 21:05:41,723 basehttp 21404 21608 "GET /add-room/ HTTP/1.1" 200 59019
INFO 2025-07-30 21:05:41,781 basehttp 21404 21608 "GET /static/css/dist/styles.css?v=1753952741 HTTP/1.1" 200 102514
WARNING 2025-07-30 21:05:44,651 log 21404 16904 Not Found: /api/mark-guests-seen/
WARNING 2025-07-30 21:05:44,653 basehttp 21404 16904 "POST /api/mark-guests-seen/ HTTP/1.1" 404 13454
INFO 2025-07-30 21:05:44,713 basehttp 21404 14292 "GET /guest/ HTTP/1.1" 200 24268
INFO 2025-07-30 21:05:44,781 basehttp 21404 14292 "GET /static/css/dist/styles.css?v=1753952744 HTTP/1.1" 200 102514
WARNING 2025-07-30 21:05:46,970 log 21404 16904 Not Found: /api/mark-reservations-seen/
WARNING 2025-07-30 21:05:46,972 basehttp 21404 16904 "POST /api/mark-reservations-seen/ HTTP/1.1" 404 13472
INFO 2025-07-30 21:05:47,060 basehttp 21404 18424 "GET /reservation/ HTTP/1.1" 200 39452
INFO 2025-07-30 21:05:47,124 basehttp 21404 18424 "GET /static/css/dist/styles.css?v=1753952746 HTTP/1.1" 200 102514
INFO 2025-07-30 21:05:57,222 autoreload 21404 17852 C:\Users\HP\OneDrive\Documents\essetech\hotelapp\Hotel-website-Django\hotelapp\account\forms.py changed, reloading.
INFO 2025-07-30 21:05:59,867 autoreload 17168 16188 Watching for file changes with StatReloader
INFO 2025-07-30 21:06:02,076 basehttp 17168 16264 "GET /reservation/ HTTP/1.1" 200 39452
INFO 2025-07-30 21:06:02,248 basehttp 17168 16264 "GET /static/css/dist/styles.css?v=1753952761 HTTP/1.1" 200 102514
INFO 2025-07-30 21:09:27,446 basehttp 17168 15832 "GET /reservation/ HTTP/1.1" 200 44633
INFO 2025-07-30 21:09:27,502 basehttp 17168 15832 "GET /static/css/dist/styles.css?v=1753952967 HTTP/1.1" 200 102514
INFO 2025-07-30 21:10:10,338 autoreload 17168 16188 C:\Users\HP\OneDrive\Documents\essetech\hotelapp\Hotel-website-Django\hotelapp\account\forms.py changed, reloading.
INFO 2025-07-30 21:10:13,382 autoreload 23532 18456 Watching for file changes with StatReloader
INFO 2025-07-30 21:10:15,871 basehttp 23532 4764 "GET /reservation/ HTTP/1.1" 200 46814
INFO 2025-07-30 21:10:16,139 basehttp 23532 4764 "GET /static/css/dist/styles.css?v=1753953015 HTTP/1.1" 200 102514
INFO 2025-07-30 21:10:34,870 autoreload 23532 18456 C:\Users\HP\OneDrive\Documents\essetech\hotelapp\Hotel-website-Django\hotelapp\account\forms.py changed, reloading.
INFO 2025-07-30 21:10:37,826 autoreload 1004 1612 Watching for file changes with StatReloader
INFO 2025-07-30 21:10:40,446 basehttp 1004 1464 "GET /reservation/ HTTP/1.1" 200 46814
INFO 2025-07-30 21:10:40,648 basehttp 1004 1464 "GET /static/css/dist/styles.css?v=1753953040 HTTP/1.1" 200 102514
INFO 2025-07-30 21:10:41,384 basehttp 1004 12644 "GET /reservation/ HTTP/1.1" 200 46814
INFO 2025-07-30 21:10:41,454 basehttp 1004 12644 "GET /static/css/dist/styles.css?v=1753953041 HTTP/1.1" 200 102514
INFO 2025-07-30 21:12:25,677 basehttp 1004 21388 "GET /manage-hotel-account/ HTTP/1.1" 200 32276
INFO 2025-07-30 21:12:25,743 basehttp 1004 21388 "GET /static/css/style.css HTTP/1.1" 304 0
INFO 2025-07-30 21:12:25,760 basehttp 1004 12764 "GET /static/css/dist/styles.css?v=1753953145 HTTP/1.1" 200 102514
INFO 2025-07-30 21:12:46,243 autoreload 1004 1612 C:\Users\HP\OneDrive\Documents\essetech\hotelapp\Hotel-website-Django\hotelapp\account\forms.py changed, reloading.
INFO 2025-07-30 21:12:48,506 autoreload 23376 22644 Watching for file changes with StatReloader
INFO 2025-07-30 21:12:50,822 basehttp 23376 13928 "GET /manage-hotel-account/ HTTP/1.1" 200 32276
INFO 2025-07-30 21:12:50,981 basehttp 23376 13928 "GET /static/css/dist/styles.css?v=1753953170 HTTP/1.1" 200 102514
INFO 2025-07-30 21:16:57,742 basehttp 23376 8376 "GET /manage-hotel-account/ HTTP/1.1" 200 45553
INFO 2025-07-30 21:16:57,861 basehttp 23376 8376 "GET /static/css/dist/styles.css?v=1753953417 HTTP/1.1" 200 103988
INFO 2025-07-30 21:16:57,930 basehttp 23376 8376 "GET /static/js/app.js HTTP/1.1" 304 0
INFO 2025-07-30 21:16:58,813 basehttp 23376 18056 "GET /manage-hotel-account/ HTTP/1.1" 200 45553
INFO 2025-07-30 21:16:58,895 basehttp 23376 18056 "GET /static/css/dist/styles.css?v=1753953418 HTTP/1.1" 200 103988
INFO 2025-07-30 21:17:21,371 autoreload 23376 22644 C:\Users\HP\OneDrive\Documents\essetech\hotelapp\Hotel-website-Django\hotelapp\account\forms.py changed, reloading.
INFO 2025-07-30 21:17:23,994 autoreload 20168 7540 Watching for file changes with StatReloader
INFO 2025-07-30 21:17:26,513 basehttp 20168 11476 "GET /manage-hotel-account/ HTTP/1.1" 200 46768
INFO 2025-07-30 21:17:26,841 basehttp 20168 11476 "GET /static/css/dist/styles.css?v=1753953446 HTTP/1.1" 200 103988
INFO 2025-07-30 21:17:44,057 autoreload 20168 7540 C:\Users\HP\OneDrive\Documents\essetech\hotelapp\Hotel-website-Django\hotelapp\account\forms.py changed, reloading.
INFO 2025-07-30 21:17:46,546 autoreload 18228 20900 Watching for file changes with StatReloader
INFO 2025-07-30 21:17:48,982 basehttp 18228 1544 "GET /manage-hotel-account/ HTTP/1.1" 200 46768
INFO 2025-07-30 21:17:49,493 basehttp 18228 1544 "GET /static/css/dist/styles.css?v=1753953468 HTTP/1.1" 200 103988
INFO 2025-07-30 21:19:32,289 basehttp 18228 8332 "GET /remove-amenity/4/ HTTP/1.1" 302 0
INFO 2025-07-30 21:19:32,403 basehttp 18228 8332 "GET /manage-hotel-account/ HTTP/1.1" 200 47375
INFO 2025-07-30 21:19:32,522 basehttp 18228 8332 "GET /static/css/dist/styles.css?v=1753953572 HTTP/1.1" 200 103988
INFO 2025-07-30 21:19:53,618 basehttp 18228 20976 "POST /manage-hotel-account/ HTTP/1.1" 302 0
INFO 2025-07-30 21:19:53,687 basehttp 18228 20976 "GET /manage-hotel-account/ HTTP/1.1" 200 48144
INFO 2025-07-30 21:19:53,752 basehttp 18228 20976 "GET /static/css/dist/styles.css?v=1753953593 HTTP/1.1" 200 103988
INFO 2025-07-30 21:23:43,256 basehttp 18228 19260 "GET /manage-account/ HTTP/1.1" 200 26174
INFO 2025-07-30 21:23:43,339 basehttp 18228 19260 "GET /static/css/style.css HTTP/1.1" 304 0
INFO 2025-07-30 21:23:43,351 basehttp 18228 14272 "GET /static/css/dist/styles.css?v=1753953823 HTTP/1.1" 200 103988
INFO 2025-07-30 21:24:00,342 autoreload 18228 20900 C:\Users\HP\OneDrive\Documents\essetech\hotelapp\Hotel-website-Django\hotelapp\account\forms.py changed, reloading.
INFO 2025-07-30 21:24:13,620 autoreload 16012 14080 Watching for file changes with StatReloader
INFO 2025-07-30 21:24:21,534 basehttp 16012 16556 "GET /manage-account/ HTTP/1.1" 200 26174
INFO 2025-07-30 21:24:21,725 basehttp 16012 16556 "GET /static/css/dist/styles.css?v=1753953861 HTTP/1.1" 200 103988
INFO 2025-07-30 21:24:31,820 basehttp 16012 20060 "GET /manage-hotel-account/ HTTP/1.1" 200 46801
INFO 2025-07-30 21:24:31,907 basehttp 16012 20060 "GET /static/css/dist/styles.css?v=1753953871 HTTP/1.1" 200 103988
INFO 2025-07-30 21:24:34,795 basehttp 16012 15580 "GET /manage-hotel-account/ HTTP/1.1" 200 46801
INFO 2025-07-30 21:24:34,984 basehttp 16012 15580 "GET /static/css/style.css HTTP/1.1" 200 25498
INFO 2025-07-30 21:24:35,007 basehttp 16012 6508 "GET /static/css/dist/styles.css?v=1753953874 HTTP/1.1" 200 103988
INFO 2025-07-30 21:24:35,649 basehttp 16012 6508 "GET /static/js/app.js HTTP/1.1" 200 4028
INFO 2025-07-30 21:24:35,770 basehttp 16012 6508 "GET /static/django-browser-reload/reload-listener.js HTTP/1.1" 200 623
WARNING 2025-07-30 21:24:45,429 log 16012 6508 Not Found: /api/mark-reservations-seen/
WARNING 2025-07-30 21:24:45,435 basehttp 16012 6508 "POST /api/mark-reservations-seen/ HTTP/1.1" 404 13472
INFO 2025-07-30 21:24:45,587 basehttp 16012 15580 "GET /reservation/ HTTP/1.1" 200 46814
INFO 2025-07-30 21:24:45,664 basehttp 16012 15580 "GET /static/css/dist/styles.css?v=1753953885 HTTP/1.1" 200 103988
INFO 2025-07-30 21:24:57,756 basehttp 16012 15580 "GET /reservation/ HTTP/1.1" 200 46814
INFO 2025-07-30 21:24:57,951 basehttp 16012 15580 "GET /static/css/dist/styles.css?v=1753953897 HTTP/1.1" 200 103988
INFO 2025-07-30 21:27:50,055 basehttp 16012 6508 "GET /reservation/ HTTP/1.1" 200 46814
INFO 2025-07-30 21:27:50,226 basehttp 16012 6508 "GET /static/css/dist/styles.css?v=1753954069 HTTP/1.1" 200 103988
INFO 2025-07-30 21:27:53,211 basehttp 16012 18604 "GET /reservation/ HTTP/1.1" 200 46814
INFO 2025-07-30 21:27:53,270 basehttp 16012 18604 "GET /static/css/dist/styles.css?v=1753954073 HTTP/1.1" 200 104872
INFO 2025-07-30 21:28:09,791 autoreload 16012 14080 C:\Users\HP\OneDrive\Documents\essetech\hotelapp\Hotel-website-Django\hotelapp\account\forms.py changed, reloading.
INFO 2025-07-30 21:28:15,413 autoreload 20316 7420 Watching for file changes with StatReloader
INFO 2025-07-30 21:29:06,925 autoreload 20472 3744 Watching for file changes with StatReloader
INFO 2025-07-30 21:31:36,607 autoreload 6148 16976 Watching for file changes with StatReloader
INFO 2025-07-30 21:31:57,043 autoreload 6148 16976 C:\Users\HP\OneDrive\Documents\essetech\hotelapp\Hotel-website-Django\hotelapp\account\forms.py changed, reloading.
INFO 2025-07-30 21:32:00,177 autoreload 11916 14092 Watching for file changes with StatReloader
ERROR 2025-07-30 21:32:03,275 log 11916 14780 Internal Server Error: /manage-account/
Traceback (most recent call last):
  File "C:\Users\HP\OneDrive\Documents\essetech\hotelapp\Hotel-website-Django\.venv\Lib\site-packages\django\core\handlers\exception.py", line 55, in inner
    response = get_response(request)
  File "C:\Users\HP\OneDrive\Documents\essetech\hotelapp\Hotel-website-Django\.venv\Lib\site-packages\django\core\handlers\base.py", line 197, in _get_response
    response = wrapped_callback(request, *callback_args, **callback_kwargs)
  File "C:\Users\HP\OneDrive\Documents\essetech\hotelapp\Hotel-website-Django\hotelapp\account\views.py", line 175, in manage_account
    return render(request, 'dashboard/manage-account.html',context)
  File "C:\Users\HP\OneDrive\Documents\essetech\hotelapp\Hotel-website-Django\.venv\Lib\site-packages\django\shortcuts.py", line 25, in render
    content = loader.render_to_string(template_name, context, request, using=using)
  File "C:\Users\HP\OneDrive\Documents\essetech\hotelapp\Hotel-website-Django\.venv\Lib\site-packages\django\template\loader.py", line 62, in render_to_string
    return template.render(context, request)
           ~~~~~~~~~~~~~~~^^^^^^^^^^^^^^^^^^
  File "C:\Users\HP\OneDrive\Documents\essetech\hotelapp\Hotel-website-Django\.venv\Lib\site-packages\django\template\backends\django.py", line 107, in render
    return self.template.render(context)
           ~~~~~~~~~~~~~~~~~~~~^^^^^^^^^
  File "C:\Users\HP\OneDrive\Documents\essetech\hotelapp\Hotel-website-Django\.venv\Lib\site-packages\django\template\base.py", line 171, in render
    return self._render(context)
           ~~~~~~~~~~~~^^^^^^^^^
  File "C:\Users\HP\OneDrive\Documents\essetech\hotelapp\Hotel-website-Django\.venv\Lib\site-packages\django\template\base.py", line 163, in _render
    return self.nodelist.render(context)
           ~~~~~~~~~~~~~~~~~~~~^^^^^^^^^
  File "C:\Users\HP\OneDrive\Documents\essetech\hotelapp\Hotel-website-Django\.venv\Lib\site-packages\django\template\base.py", line 1008, in render
    return SafeString("".join([node.render_annotated(context) for node in self]))
                               ~~~~~~~~~~~~~~~~~~~~~^^^^^^^^^
  File "C:\Users\HP\OneDrive\Documents\essetech\hotelapp\Hotel-website-Django\.venv\Lib\site-packages\django\template\base.py", line 969, in render_annotated
    return self.render(context)
           ~~~~~~~~~~~^^^^^^^^^
  File "C:\Users\HP\OneDrive\Documents\essetech\hotelapp\Hotel-website-Django\.venv\Lib\site-packages\django\template\loader_tags.py", line 159, in render
    return compiled_parent._render(context)
           ~~~~~~~~~~~~~~~~~~~~~~~^^^^^^^^^
  File "C:\Users\HP\OneDrive\Documents\essetech\hotelapp\Hotel-website-Django\.venv\Lib\site-packages\django\template\base.py", line 163, in _render
    return self.nodelist.render(context)
           ~~~~~~~~~~~~~~~~~~~~^^^^^^^^^
  File "C:\Users\HP\OneDrive\Documents\essetech\hotelapp\Hotel-website-Django\.venv\Lib\site-packages\django\template\base.py", line 1008, in render
    return SafeString("".join([node.render_annotated(context) for node in self]))
                               ~~~~~~~~~~~~~~~~~~~~~^^^^^^^^^
  File "C:\Users\HP\OneDrive\Documents\essetech\hotelapp\Hotel-website-Django\.venv\Lib\site-packages\django\template\base.py", line 969, in render_annotated
    return self.render(context)
           ~~~~~~~~~~~^^^^^^^^^
  File "C:\Users\HP\OneDrive\Documents\essetech\hotelapp\Hotel-website-Django\.venv\Lib\site-packages\django\template\loader_tags.py", line 65, in render
    result = block.nodelist.render(context)
  File "C:\Users\HP\OneDrive\Documents\essetech\hotelapp\Hotel-website-Django\.venv\Lib\site-packages\django\template\base.py", line 1008, in render
    return SafeString("".join([node.render_annotated(context) for node in self]))
                               ~~~~~~~~~~~~~~~~~~~~~^^^^^^^^^
  File "C:\Users\HP\OneDrive\Documents\essetech\hotelapp\Hotel-website-Django\.venv\Lib\site-packages\django\template\base.py", line 969, in render_annotated
    return self.render(context)
           ~~~~~~~~~~~^^^^^^^^^
  File "C:\Users\HP\OneDrive\Documents\essetech\hotelapp\Hotel-website-Django\.venv\Lib\site-packages\django\template\defaulttags.py", line 480, in render
    url = reverse(view_name, args=args, kwargs=kwargs, current_app=current_app)
  File "C:\Users\HP\OneDrive\Documents\essetech\hotelapp\Hotel-website-Django\.venv\Lib\site-packages\django\urls\base.py", line 88, in reverse
    return resolver._reverse_with_prefix(view, prefix, *args, **kwargs)
           ~~~~~~~~~~~~~~~~~~~~~~~~~~~~~^^^^^^^^^^^^^^^^^^^^^^^^^^^^^^^
  File "C:\Users\HP\OneDrive\Documents\essetech\hotelapp\Hotel-website-Django\.venv\Lib\site-packages\django\urls\resolvers.py", line 831, in _reverse_with_prefix
    raise NoReverseMatch(msg)
django.urls.exceptions.NoReverseMatch: Reverse for 'password_change' not found. 'password_change' is not a valid view function or pattern name.
ERROR 2025-07-30 21:32:03,298 basehttp 11916 14780 "GET /manage-account/ HTTP/1.1" 500 172318
INFO 2025-07-30 21:32:58,518 autoreload 11916 14092 C:\Users\HP\OneDrive\Documents\essetech\hotelapp\Hotel-website-Django\hotelapp\account\urls.py changed, reloading.
INFO 2025-07-30 21:33:00,757 autoreload 21064 6108 Watching for file changes with StatReloader
INFO 2025-07-30 21:33:03,529 basehttp 21064 7984 "GET /manage-account/ HTTP/1.1" 200 41976
INFO 2025-07-30 21:33:03,805 basehttp 21064 7984 "GET /static/css/dist/styles.css?v=1753954383 HTTP/1.1" 200 104872
INFO 2025-07-30 21:33:54,921 basehttp 21064 16884 "GET /manage-account/ HTTP/1.1" 200 41976
INFO 2025-07-30 21:33:55,433 basehttp 21064 16884 "GET /static/css/dist/styles.css?v=1753954434 HTTP/1.1" 200 104872
INFO 2025-07-30 21:33:57,443 basehttp 21064 18868 "GET /manage-account/ HTTP/1.1" 200 41976
INFO 2025-07-30 21:33:57,571 basehttp 21064 18868 "GET /static/css/dist/styles.css?v=1753954437 HTTP/1.1" 200 104872
INFO 2025-07-30 21:34:20,196 autoreload 21064 6108 C:\Users\HP\OneDrive\Documents\essetech\hotelapp\Hotel-website-Django\hotelapp\account\urls.py changed, reloading.
INFO 2025-07-30 21:34:22,659 autoreload 20496 19784 Watching for file changes with StatReloader
ERROR 2025-07-30 21:34:24,991 log 20496 20796 Internal Server Error: /manage-account/
Traceback (most recent call last):
  File "C:\Users\HP\OneDrive\Documents\essetech\hotelapp\Hotel-website-Django\.venv\Lib\site-packages\django\core\handlers\exception.py", line 55, in inner
    response = get_response(request)
  File "C:\Users\HP\OneDrive\Documents\essetech\hotelapp\Hotel-website-Django\.venv\Lib\site-packages\django\core\handlers\base.py", line 197, in _get_response
    response = wrapped_callback(request, *callback_args, **callback_kwargs)
  File "C:\Users\HP\OneDrive\Documents\essetech\hotelapp\Hotel-website-Django\hotelapp\account\views.py", line 175, in manage_account
    return render(request, 'dashboard/manage-account.html',context)
  File "C:\Users\HP\OneDrive\Documents\essetech\hotelapp\Hotel-website-Django\.venv\Lib\site-packages\django\shortcuts.py", line 25, in render
    content = loader.render_to_string(template_name, context, request, using=using)
  File "C:\Users\HP\OneDrive\Documents\essetech\hotelapp\Hotel-website-Django\.venv\Lib\site-packages\django\template\loader.py", line 62, in render_to_string
    return template.render(context, request)
           ~~~~~~~~~~~~~~~^^^^^^^^^^^^^^^^^^
  File "C:\Users\HP\OneDrive\Documents\essetech\hotelapp\Hotel-website-Django\.venv\Lib\site-packages\django\template\backends\django.py", line 107, in render
    return self.template.render(context)
           ~~~~~~~~~~~~~~~~~~~~^^^^^^^^^
  File "C:\Users\HP\OneDrive\Documents\essetech\hotelapp\Hotel-website-Django\.venv\Lib\site-packages\django\template\base.py", line 171, in render
    return self._render(context)
           ~~~~~~~~~~~~^^^^^^^^^
  File "C:\Users\HP\OneDrive\Documents\essetech\hotelapp\Hotel-website-Django\.venv\Lib\site-packages\django\template\base.py", line 163, in _render
    return self.nodelist.render(context)
           ~~~~~~~~~~~~~~~~~~~~^^^^^^^^^
  File "C:\Users\HP\OneDrive\Documents\essetech\hotelapp\Hotel-website-Django\.venv\Lib\site-packages\django\template\base.py", line 1008, in render
    return SafeString("".join([node.render_annotated(context) for node in self]))
                               ~~~~~~~~~~~~~~~~~~~~~^^^^^^^^^
  File "C:\Users\HP\OneDrive\Documents\essetech\hotelapp\Hotel-website-Django\.venv\Lib\site-packages\django\template\base.py", line 969, in render_annotated
    return self.render(context)
           ~~~~~~~~~~~^^^^^^^^^
  File "C:\Users\HP\OneDrive\Documents\essetech\hotelapp\Hotel-website-Django\.venv\Lib\site-packages\django\template\loader_tags.py", line 159, in render
    return compiled_parent._render(context)
           ~~~~~~~~~~~~~~~~~~~~~~~^^^^^^^^^
  File "C:\Users\HP\OneDrive\Documents\essetech\hotelapp\Hotel-website-Django\.venv\Lib\site-packages\django\template\base.py", line 163, in _render
    return self.nodelist.render(context)
           ~~~~~~~~~~~~~~~~~~~~^^^^^^^^^
  File "C:\Users\HP\OneDrive\Documents\essetech\hotelapp\Hotel-website-Django\.venv\Lib\site-packages\django\template\base.py", line 1008, in render
    return SafeString("".join([node.render_annotated(context) for node in self]))
                               ~~~~~~~~~~~~~~~~~~~~~^^^^^^^^^
  File "C:\Users\HP\OneDrive\Documents\essetech\hotelapp\Hotel-website-Django\.venv\Lib\site-packages\django\template\base.py", line 969, in render_annotated
    return self.render(context)
           ~~~~~~~~~~~^^^^^^^^^
  File "C:\Users\HP\OneDrive\Documents\essetech\hotelapp\Hotel-website-Django\.venv\Lib\site-packages\django\template\loader_tags.py", line 65, in render
    result = block.nodelist.render(context)
  File "C:\Users\HP\OneDrive\Documents\essetech\hotelapp\Hotel-website-Django\.venv\Lib\site-packages\django\template\base.py", line 1008, in render
    return SafeString("".join([node.render_annotated(context) for node in self]))
                               ~~~~~~~~~~~~~~~~~~~~~^^^^^^^^^
  File "C:\Users\HP\OneDrive\Documents\essetech\hotelapp\Hotel-website-Django\.venv\Lib\site-packages\django\template\base.py", line 969, in render_annotated
    return self.render(context)
           ~~~~~~~~~~~^^^^^^^^^
  File "C:\Users\HP\OneDrive\Documents\essetech\hotelapp\Hotel-website-Django\.venv\Lib\site-packages\django\template\defaulttags.py", line 480, in render
    url = reverse(view_name, args=args, kwargs=kwargs, current_app=current_app)
  File "C:\Users\HP\OneDrive\Documents\essetech\hotelapp\Hotel-website-Django\.venv\Lib\site-packages\django\urls\base.py", line 88, in reverse
    return resolver._reverse_with_prefix(view, prefix, *args, **kwargs)
           ~~~~~~~~~~~~~~~~~~~~~~~~~~~~~^^^^^^^^^^^^^^^^^^^^^^^^^^^^^^^
  File "C:\Users\HP\OneDrive\Documents\essetech\hotelapp\Hotel-website-Django\.venv\Lib\site-packages\django\urls\resolvers.py", line 831, in _reverse_with_prefix
    raise NoReverseMatch(msg)
django.urls.exceptions.NoReverseMatch: Reverse for 'password_change' not found. 'password_change' is not a valid view function or pattern name.
ERROR 2025-07-30 21:34:25,017 basehttp 20496 20796 "GET /manage-account/ HTTP/1.1" 500 172353
ERROR 2025-07-30 21:35:07,179 log 20496 14160 Internal Server Error: /manage-account/
Traceback (most recent call last):
  File "C:\Users\HP\OneDrive\Documents\essetech\hotelapp\Hotel-website-Django\.venv\Lib\site-packages\django\core\handlers\exception.py", line 55, in inner
    response = get_response(request)
  File "C:\Users\HP\OneDrive\Documents\essetech\hotelapp\Hotel-website-Django\.venv\Lib\site-packages\django\core\handlers\base.py", line 197, in _get_response
    response = wrapped_callback(request, *callback_args, **callback_kwargs)
  File "C:\Users\HP\OneDrive\Documents\essetech\hotelapp\Hotel-website-Django\hotelapp\account\views.py", line 175, in manage_account
    return render(request, 'dashboard/manage-account.html',context)
  File "C:\Users\HP\OneDrive\Documents\essetech\hotelapp\Hotel-website-Django\.venv\Lib\site-packages\django\shortcuts.py", line 25, in render
    content = loader.render_to_string(template_name, context, request, using=using)
  File "C:\Users\HP\OneDrive\Documents\essetech\hotelapp\Hotel-website-Django\.venv\Lib\site-packages\django\template\loader.py", line 62, in render_to_string
    return template.render(context, request)
           ~~~~~~~~~~~~~~~^^^^^^^^^^^^^^^^^^
  File "C:\Users\HP\OneDrive\Documents\essetech\hotelapp\Hotel-website-Django\.venv\Lib\site-packages\django\template\backends\django.py", line 107, in render
    return self.template.render(context)
           ~~~~~~~~~~~~~~~~~~~~^^^^^^^^^
  File "C:\Users\HP\OneDrive\Documents\essetech\hotelapp\Hotel-website-Django\.venv\Lib\site-packages\django\template\base.py", line 171, in render
    return self._render(context)
           ~~~~~~~~~~~~^^^^^^^^^
  File "C:\Users\HP\OneDrive\Documents\essetech\hotelapp\Hotel-website-Django\.venv\Lib\site-packages\django\template\base.py", line 163, in _render
    return self.nodelist.render(context)
           ~~~~~~~~~~~~~~~~~~~~^^^^^^^^^
  File "C:\Users\HP\OneDrive\Documents\essetech\hotelapp\Hotel-website-Django\.venv\Lib\site-packages\django\template\base.py", line 1008, in render
    return SafeString("".join([node.render_annotated(context) for node in self]))
                               ~~~~~~~~~~~~~~~~~~~~~^^^^^^^^^
  File "C:\Users\HP\OneDrive\Documents\essetech\hotelapp\Hotel-website-Django\.venv\Lib\site-packages\django\template\base.py", line 969, in render_annotated
    return self.render(context)
           ~~~~~~~~~~~^^^^^^^^^
  File "C:\Users\HP\OneDrive\Documents\essetech\hotelapp\Hotel-website-Django\.venv\Lib\site-packages\django\template\loader_tags.py", line 159, in render
    return compiled_parent._render(context)
           ~~~~~~~~~~~~~~~~~~~~~~~^^^^^^^^^
  File "C:\Users\HP\OneDrive\Documents\essetech\hotelapp\Hotel-website-Django\.venv\Lib\site-packages\django\template\base.py", line 163, in _render
    return self.nodelist.render(context)
           ~~~~~~~~~~~~~~~~~~~~^^^^^^^^^
  File "C:\Users\HP\OneDrive\Documents\essetech\hotelapp\Hotel-website-Django\.venv\Lib\site-packages\django\template\base.py", line 1008, in render
    return SafeString("".join([node.render_annotated(context) for node in self]))
                               ~~~~~~~~~~~~~~~~~~~~~^^^^^^^^^
  File "C:\Users\HP\OneDrive\Documents\essetech\hotelapp\Hotel-website-Django\.venv\Lib\site-packages\django\template\base.py", line 969, in render_annotated
    return self.render(context)
           ~~~~~~~~~~~^^^^^^^^^
  File "C:\Users\HP\OneDrive\Documents\essetech\hotelapp\Hotel-website-Django\.venv\Lib\site-packages\django\template\loader_tags.py", line 65, in render
    result = block.nodelist.render(context)
  File "C:\Users\HP\OneDrive\Documents\essetech\hotelapp\Hotel-website-Django\.venv\Lib\site-packages\django\template\base.py", line 1008, in render
    return SafeString("".join([node.render_annotated(context) for node in self]))
                               ~~~~~~~~~~~~~~~~~~~~~^^^^^^^^^
  File "C:\Users\HP\OneDrive\Documents\essetech\hotelapp\Hotel-website-Django\.venv\Lib\site-packages\django\template\base.py", line 969, in render_annotated
    return self.render(context)
           ~~~~~~~~~~~^^^^^^^^^
  File "C:\Users\HP\OneDrive\Documents\essetech\hotelapp\Hotel-website-Django\.venv\Lib\site-packages\django\template\defaulttags.py", line 480, in render
    url = reverse(view_name, args=args, kwargs=kwargs, current_app=current_app)
  File "C:\Users\HP\OneDrive\Documents\essetech\hotelapp\Hotel-website-Django\.venv\Lib\site-packages\django\urls\base.py", line 88, in reverse
    return resolver._reverse_with_prefix(view, prefix, *args, **kwargs)
           ~~~~~~~~~~~~~~~~~~~~~~~~~~~~~^^^^^^^^^^^^^^^^^^^^^^^^^^^^^^^
  File "C:\Users\HP\OneDrive\Documents\essetech\hotelapp\Hotel-website-Django\.venv\Lib\site-packages\django\urls\resolvers.py", line 831, in _reverse_with_prefix
    raise NoReverseMatch(msg)
django.urls.exceptions.NoReverseMatch: Reverse for 'password_change' not found. 'password_change' is not a valid view function or pattern name.
ERROR 2025-07-30 21:35:07,193 basehttp 20496 14160 "GET /manage-account/ HTTP/1.1" 500 172353
INFO 2025-07-30 21:35:19,062 basehttp 20496 21672 "GET /manage-account/ HTTP/1.1" 200 41959
INFO 2025-07-30 21:35:19,135 basehttp 20496 21672 "GET /static/css/style.css HTTP/1.1" 304 0
INFO 2025-07-30 21:35:19,259 basehttp 20496 14412 "GET /static/css/dist/styles.css?v=1753954519 HTTP/1.1" 200 104973
INFO 2025-07-30 21:36:16,298 basehttp 20496 21672 "GET /manage-account/ HTTP/1.1" 200 41962
INFO 2025-07-30 21:36:16,381 basehttp 20496 21672 "GET /static/css/dist/styles.css?v=1753954576 HTTP/1.1" 200 104973
ERROR 2025-07-30 21:36:18,727 log 20496 10924 Internal Server Error: /manage-account/
Traceback (most recent call last):
  File "C:\Users\HP\OneDrive\Documents\essetech\hotelapp\Hotel-website-Django\.venv\Lib\site-packages\django\core\handlers\exception.py", line 55, in inner
    response = get_response(request)
  File "C:\Users\HP\OneDrive\Documents\essetech\hotelapp\Hotel-website-Django\.venv\Lib\site-packages\django\core\handlers\base.py", line 197, in _get_response
    response = wrapped_callback(request, *callback_args, **callback_kwargs)
  File "C:\Users\HP\OneDrive\Documents\essetech\hotelapp\Hotel-website-Django\hotelapp\account\views.py", line 175, in manage_account
    return render(request, 'dashboard/manage-account.html',context)
  File "C:\Users\HP\OneDrive\Documents\essetech\hotelapp\Hotel-website-Django\.venv\Lib\site-packages\django\shortcuts.py", line 25, in render
    content = loader.render_to_string(template_name, context, request, using=using)
  File "C:\Users\HP\OneDrive\Documents\essetech\hotelapp\Hotel-website-Django\.venv\Lib\site-packages\django\template\loader.py", line 62, in render_to_string
    return template.render(context, request)
           ~~~~~~~~~~~~~~~^^^^^^^^^^^^^^^^^^
  File "C:\Users\HP\OneDrive\Documents\essetech\hotelapp\Hotel-website-Django\.venv\Lib\site-packages\django\template\backends\django.py", line 107, in render
    return self.template.render(context)
           ~~~~~~~~~~~~~~~~~~~~^^^^^^^^^
  File "C:\Users\HP\OneDrive\Documents\essetech\hotelapp\Hotel-website-Django\.venv\Lib\site-packages\django\template\base.py", line 171, in render
    return self._render(context)
           ~~~~~~~~~~~~^^^^^^^^^
  File "C:\Users\HP\OneDrive\Documents\essetech\hotelapp\Hotel-website-Django\.venv\Lib\site-packages\django\template\base.py", line 163, in _render
    return self.nodelist.render(context)
           ~~~~~~~~~~~~~~~~~~~~^^^^^^^^^
  File "C:\Users\HP\OneDrive\Documents\essetech\hotelapp\Hotel-website-Django\.venv\Lib\site-packages\django\template\base.py", line 1008, in render
    return SafeString("".join([node.render_annotated(context) for node in self]))
                               ~~~~~~~~~~~~~~~~~~~~~^^^^^^^^^
  File "C:\Users\HP\OneDrive\Documents\essetech\hotelapp\Hotel-website-Django\.venv\Lib\site-packages\django\template\base.py", line 969, in render_annotated
    return self.render(context)
           ~~~~~~~~~~~^^^^^^^^^
  File "C:\Users\HP\OneDrive\Documents\essetech\hotelapp\Hotel-website-Django\.venv\Lib\site-packages\django\template\loader_tags.py", line 159, in render
    return compiled_parent._render(context)
           ~~~~~~~~~~~~~~~~~~~~~~~^^^^^^^^^
  File "C:\Users\HP\OneDrive\Documents\essetech\hotelapp\Hotel-website-Django\.venv\Lib\site-packages\django\template\base.py", line 163, in _render
    return self.nodelist.render(context)
           ~~~~~~~~~~~~~~~~~~~~^^^^^^^^^
  File "C:\Users\HP\OneDrive\Documents\essetech\hotelapp\Hotel-website-Django\.venv\Lib\site-packages\django\template\base.py", line 1008, in render
    return SafeString("".join([node.render_annotated(context) for node in self]))
                               ~~~~~~~~~~~~~~~~~~~~~^^^^^^^^^
  File "C:\Users\HP\OneDrive\Documents\essetech\hotelapp\Hotel-website-Django\.venv\Lib\site-packages\django\template\base.py", line 969, in render_annotated
    return self.render(context)
           ~~~~~~~~~~~^^^^^^^^^
  File "C:\Users\HP\OneDrive\Documents\essetech\hotelapp\Hotel-website-Django\.venv\Lib\site-packages\django\template\loader_tags.py", line 65, in render
    result = block.nodelist.render(context)
  File "C:\Users\HP\OneDrive\Documents\essetech\hotelapp\Hotel-website-Django\.venv\Lib\site-packages\django\template\base.py", line 1008, in render
    return SafeString("".join([node.render_annotated(context) for node in self]))
                               ~~~~~~~~~~~~~~~~~~~~~^^^^^^^^^
  File "C:\Users\HP\OneDrive\Documents\essetech\hotelapp\Hotel-website-Django\.venv\Lib\site-packages\django\template\base.py", line 969, in render_annotated
    return self.render(context)
           ~~~~~~~~~~~^^^^^^^^^
  File "C:\Users\HP\OneDrive\Documents\essetech\hotelapp\Hotel-website-Django\.venv\Lib\site-packages\django\template\defaulttags.py", line 480, in render
    url = reverse(view_name, args=args, kwargs=kwargs, current_app=current_app)
  File "C:\Users\HP\OneDrive\Documents\essetech\hotelapp\Hotel-website-Django\.venv\Lib\site-packages\django\urls\base.py", line 88, in reverse
    return resolver._reverse_with_prefix(view, prefix, *args, **kwargs)
           ~~~~~~~~~~~~~~~~~~~~~~~~~~~~~^^^^^^^^^^^^^^^^^^^^^^^^^^^^^^^
  File "C:\Users\HP\OneDrive\Documents\essetech\hotelapp\Hotel-website-Django\.venv\Lib\site-packages\django\urls\resolvers.py", line 831, in _reverse_with_prefix
    raise NoReverseMatch(msg)
django.urls.exceptions.NoReverseMatch: Reverse for '' not found. '' is not a valid view function or pattern name.
ERROR 2025-07-30 21:36:18,755 basehttp 20496 10924 "GET /manage-account/ HTTP/1.1" 500 171978
ERROR 2025-07-30 21:36:20,942 log 20496 22712 Internal Server Error: /manage-account/
Traceback (most recent call last):
  File "C:\Users\HP\OneDrive\Documents\essetech\hotelapp\Hotel-website-Django\.venv\Lib\site-packages\django\core\handlers\exception.py", line 55, in inner
    response = get_response(request)
  File "C:\Users\HP\OneDrive\Documents\essetech\hotelapp\Hotel-website-Django\.venv\Lib\site-packages\django\core\handlers\base.py", line 197, in _get_response
    response = wrapped_callback(request, *callback_args, **callback_kwargs)
  File "C:\Users\HP\OneDrive\Documents\essetech\hotelapp\Hotel-website-Django\hotelapp\account\views.py", line 175, in manage_account
    return render(request, 'dashboard/manage-account.html',context)
  File "C:\Users\HP\OneDrive\Documents\essetech\hotelapp\Hotel-website-Django\.venv\Lib\site-packages\django\shortcuts.py", line 25, in render
    content = loader.render_to_string(template_name, context, request, using=using)
  File "C:\Users\HP\OneDrive\Documents\essetech\hotelapp\Hotel-website-Django\.venv\Lib\site-packages\django\template\loader.py", line 62, in render_to_string
    return template.render(context, request)
           ~~~~~~~~~~~~~~~^^^^^^^^^^^^^^^^^^
  File "C:\Users\HP\OneDrive\Documents\essetech\hotelapp\Hotel-website-Django\.venv\Lib\site-packages\django\template\backends\django.py", line 107, in render
    return self.template.render(context)
           ~~~~~~~~~~~~~~~~~~~~^^^^^^^^^
  File "C:\Users\HP\OneDrive\Documents\essetech\hotelapp\Hotel-website-Django\.venv\Lib\site-packages\django\template\base.py", line 171, in render
    return self._render(context)
           ~~~~~~~~~~~~^^^^^^^^^
  File "C:\Users\HP\OneDrive\Documents\essetech\hotelapp\Hotel-website-Django\.venv\Lib\site-packages\django\template\base.py", line 163, in _render
    return self.nodelist.render(context)
           ~~~~~~~~~~~~~~~~~~~~^^^^^^^^^
  File "C:\Users\HP\OneDrive\Documents\essetech\hotelapp\Hotel-website-Django\.venv\Lib\site-packages\django\template\base.py", line 1008, in render
    return SafeString("".join([node.render_annotated(context) for node in self]))
                               ~~~~~~~~~~~~~~~~~~~~~^^^^^^^^^
  File "C:\Users\HP\OneDrive\Documents\essetech\hotelapp\Hotel-website-Django\.venv\Lib\site-packages\django\template\base.py", line 969, in render_annotated
    return self.render(context)
           ~~~~~~~~~~~^^^^^^^^^
  File "C:\Users\HP\OneDrive\Documents\essetech\hotelapp\Hotel-website-Django\.venv\Lib\site-packages\django\template\loader_tags.py", line 159, in render
    return compiled_parent._render(context)
           ~~~~~~~~~~~~~~~~~~~~~~~^^^^^^^^^
  File "C:\Users\HP\OneDrive\Documents\essetech\hotelapp\Hotel-website-Django\.venv\Lib\site-packages\django\template\base.py", line 163, in _render
    return self.nodelist.render(context)
           ~~~~~~~~~~~~~~~~~~~~^^^^^^^^^
  File "C:\Users\HP\OneDrive\Documents\essetech\hotelapp\Hotel-website-Django\.venv\Lib\site-packages\django\template\base.py", line 1008, in render
    return SafeString("".join([node.render_annotated(context) for node in self]))
                               ~~~~~~~~~~~~~~~~~~~~~^^^^^^^^^
  File "C:\Users\HP\OneDrive\Documents\essetech\hotelapp\Hotel-website-Django\.venv\Lib\site-packages\django\template\base.py", line 969, in render_annotated
    return self.render(context)
           ~~~~~~~~~~~^^^^^^^^^
  File "C:\Users\HP\OneDrive\Documents\essetech\hotelapp\Hotel-website-Django\.venv\Lib\site-packages\django\template\loader_tags.py", line 65, in render
    result = block.nodelist.render(context)
  File "C:\Users\HP\OneDrive\Documents\essetech\hotelapp\Hotel-website-Django\.venv\Lib\site-packages\django\template\base.py", line 1008, in render
    return SafeString("".join([node.render_annotated(context) for node in self]))
                               ~~~~~~~~~~~~~~~~~~~~~^^^^^^^^^
  File "C:\Users\HP\OneDrive\Documents\essetech\hotelapp\Hotel-website-Django\.venv\Lib\site-packages\django\template\base.py", line 969, in render_annotated
    return self.render(context)
           ~~~~~~~~~~~^^^^^^^^^
  File "C:\Users\HP\OneDrive\Documents\essetech\hotelapp\Hotel-website-Django\.venv\Lib\site-packages\django\template\defaulttags.py", line 480, in render
    url = reverse(view_name, args=args, kwargs=kwargs, current_app=current_app)
  File "C:\Users\HP\OneDrive\Documents\essetech\hotelapp\Hotel-website-Django\.venv\Lib\site-packages\django\urls\base.py", line 88, in reverse
    return resolver._reverse_with_prefix(view, prefix, *args, **kwargs)
           ~~~~~~~~~~~~~~~~~~~~~~~~~~~~~^^^^^^^^^^^^^^^^^^^^^^^^^^^^^^^
  File "C:\Users\HP\OneDrive\Documents\essetech\hotelapp\Hotel-website-Django\.venv\Lib\site-packages\django\urls\resolvers.py", line 831, in _reverse_with_prefix
    raise NoReverseMatch(msg)
django.urls.exceptions.NoReverseMatch: Reverse for 'reset' not found. 'reset' is not a valid view function or pattern name.
ERROR 2025-07-30 21:36:20,958 basehttp 20496 22712 "GET /manage-account/ HTTP/1.1" 500 172093
INFO 2025-07-30 21:36:24,449 basehttp 20496 5628 "GET /manage-account/ HTTP/1.1" 200 41975
INFO 2025-07-30 21:36:24,514 basehttp 20496 5628 "GET /static/css/dist/styles.css?v=1753954584 HTTP/1.1" 200 104973
INFO 2025-07-30 21:39:07,084 basehttp 20496 16564 "GET /manage-account/ HTTP/1.1" 200 42039
INFO 2025-07-30 21:39:07,255 basehttp 20496 19000 "GET /static/js/app.js HTTP/1.1" 304 0
INFO 2025-07-30 21:39:07,262 basehttp 20496 16564 "GET /static/css/dist/styles.css?v=1753954746 HTTP/1.1" 200 104973
INFO 2025-07-30 21:39:23,646 basehttp 20496 19000 "GET /manage-account/ HTTP/1.1" 200 42039
INFO 2025-07-30 21:39:23,718 basehttp 20496 19000 "GET /static/css/dist/styles.css?v=1753954763 HTTP/1.1" 200 104973
INFO 2025-07-30 21:39:58,162 basehttp 20496 15864 "GET /manage-account/ HTTP/1.1" 200 42039
INFO 2025-07-30 21:39:58,249 basehttp 20496 15864 "GET /static/css/dist/styles.css?v=1753954798 HTTP/1.1" 200 104973
INFO 2025-07-30 21:40:04,926 basehttp 20496 23480 "GET /manage-account/ HTTP/1.1" 200 42039
INFO 2025-07-30 21:40:04,991 basehttp 20496 23480 "GET /static/css/dist/styles.css?v=1753954804 HTTP/1.1" 200 104973
INFO 2025-07-30 21:40:18,669 basehttp 20496 21676 "GET /reset_password/ HTTP/1.1" 200 7725
INFO 2025-07-30 21:40:18,776 basehttp 20496 21676 "GET /static/css/dist/styles.css?v=1753954818 HTTP/1.1" 200 104973
INFO 2025-07-30 21:40:23,379 basehttp 20496 14684 "GET /manage-hotel-account/ HTTP/1.1" 200 46801
INFO 2025-07-30 21:40:23,468 basehttp 20496 14684 "GET /static/css/dist/styles.css?v=1753954823 HTTP/1.1" 200 104973
WARNING 2025-07-30 21:40:25,612 log 20496 18508 Not Found: /api/mark-reservations-seen/
WARNING 2025-07-30 21:40:25,613 basehttp 20496 18508 "POST /api/mark-reservations-seen/ HTTP/1.1" 404 13472
INFO 2025-07-30 21:40:25,700 basehttp 20496 17832 "GET /reservation/ HTTP/1.1" 200 46814
INFO 2025-07-30 21:40:25,778 basehttp 20496 17832 "GET /static/css/dist/styles.css?v=1753954825 HTTP/1.1" 200 104973
WARNING 2025-07-30 21:40:27,235 log 20496 18508 Not Found: /api/mark-guests-seen/
WARNING 2025-07-30 21:40:27,237 basehttp 20496 18508 "POST /api/mark-guests-seen/ HTTP/1.1" 404 13454
INFO 2025-07-30 21:40:27,292 basehttp 20496 8692 "GET /guest/ HTTP/1.1" 200 24268
INFO 2025-07-30 21:40:27,377 basehttp 20496 8692 "GET /static/css/dist/styles.css?v=1753954827 HTTP/1.1" 200 104973
INFO 2025-07-30 21:40:29,024 basehttp 20496 18508 "GET /services/ HTTP/1.1" 200 33462
INFO 2025-07-30 21:40:29,111 basehttp 20496 18508 "GET /static/css/dist/styles.css?v=1753954828 HTTP/1.1" 200 104973
INFO 2025-07-30 21:40:30,657 basehttp 20496 17744 "GET /add-room/ HTTP/1.1" 200 59056
INFO 2025-07-30 21:40:30,743 basehttp 20496 17744 "GET /static/css/dist/styles.css?v=1753954830 HTTP/1.1" 200 104973
INFO 2025-07-30 21:40:32,736 basehttp 20496 22788 "GET /dashboard/ HTTP/1.1" 200 58391
INFO 2025-07-30 21:40:32,820 basehttp 20496 22788 "GET /static/css/dist/styles.css?v=1753954832 HTTP/1.1" 200 104973
INFO 2025-07-30 21:41:02,281 basehttp 20496 22700 "GET /dashboard/ HTTP/1.1" 200 58391
WARNING 2025-07-30 21:41:02,355 basehttp 20496 22700 "GET /static/css/dist/styles.css?v=1753954862 HTTP/1.1" 404 1884
INFO 2025-07-30 21:41:09,799 basehttp 20496 7328 "GET /dashboard/ HTTP/1.1" 200 58391
INFO 2025-07-30 21:41:09,853 basehttp 20496 7328 "GET /static/css/dist/styles.css?v=1753954869 HTTP/1.1" 200 81570
INFO 2025-07-30 21:54:41,846 autoreload 19668 20628 Watching for file changes with StatReloader
INFO 2025-07-30 21:54:48,254 basehttp 19668 17400 "GET /dashboard/ HTTP/1.1" 200 58391
INFO 2025-07-30 21:54:48,351 basehttp 19668 17400 "GET /static/css/style.css HTTP/1.1" 304 0
INFO 2025-07-30 21:54:48,525 basehttp 19668 19064 "GET /static/css/dist/styles.css?v=1753955688 HTTP/1.1" 200 81570
INFO 2025-07-30 21:54:48,550 basehttp 19668 17400 "GET /static/js/app.js HTTP/1.1" 200 4028
WARNING 2025-07-30 21:54:57,744 log 19668 19064 Not Found: /api/mark-reservations-seen/
WARNING 2025-07-30 21:54:57,746 basehttp 19668 19064 "POST /api/mark-reservations-seen/ HTTP/1.1" 404 13472
INFO 2025-07-30 21:54:57,898 basehttp 19668 18456 "GET /reservation/ HTTP/1.1" 200 46814
INFO 2025-07-30 21:54:57,976 basehttp 19668 18456 "GET /static/css/dist/styles.css?v=1753955697 HTTP/1.1" 200 81570
INFO 2025-07-30 21:54:57,993 basehttp 19668 19064 "GET /static/js/app.js HTTP/1.1" 304 0
INFO 2025-07-30 21:54:59,694 basehttp 19668 18456 "GET /manage-hotel-account/ HTTP/1.1" 200 46801
INFO 2025-07-30 21:54:59,781 basehttp 19668 18456 "GET /static/css/dist/styles.css?v=1753955699 HTTP/1.1" 200 81570
INFO 2025-07-30 21:55:02,383 basehttp 19668 20396 "GET /manage-account/ HTTP/1.1" 200 42039
INFO 2025-07-30 21:55:02,475 basehttp 19668 20396 "GET /static/css/dist/styles.css?v=1753955702 HTTP/1.1" 200 81570
INFO 2025-07-30 21:55:02,481 basehttp 19668 23224 "GET /static/js/app.js HTTP/1.1" 304 0
WARNING 2025-07-30 21:55:04,765 log 19668 20396 Not Found: /api/mark-guests-seen/
WARNING 2025-07-30 21:55:04,766 basehttp 19668 20396 "POST /api/mark-guests-seen/ HTTP/1.1" 404 13454
INFO 2025-07-30 21:55:04,848 basehttp 19668 18736 "GET /guest/ HTTP/1.1" 200 24268
INFO 2025-07-30 21:55:04,933 basehttp 19668 18736 "GET /static/css/dist/styles.css?v=1753955704 HTTP/1.1" 200 81570
INFO 2025-07-30 21:55:05,798 basehttp 19668 20396 "GET /services/ HTTP/1.1" 200 33462
INFO 2025-07-30 21:55:05,873 basehttp 19668 20396 "GET /static/css/dist/styles.css?v=1753955705 HTTP/1.1" 200 81570
INFO 2025-07-30 21:55:05,890 basehttp 19668 17552 "GET /static/js/app.js HTTP/1.1" 304 0
INFO 2025-07-30 21:55:09,003 basehttp 19668 20396 "GET / HTTP/1.1" 200 14762
INFO 2025-07-30 21:55:09,092 basehttp 19668 20396 "GET /static/css/dist/styles.css?v=1753955708 HTTP/1.1" 200 81570
INFO 2025-07-30 21:55:09,104 basehttp 19668 20252 "GET /static/js/app.js HTTP/1.1" 304 0
INFO 2025-07-30 21:55:11,420 basehttp 19668 20396 "GET /contact/ HTTP/1.1" 200 16709
INFO 2025-07-30 21:55:11,516 basehttp 19668 20396 "GET /static/css/dist/styles.css?v=1753955711 HTTP/1.1" 200 81570
INFO 2025-07-30 21:55:13,298 basehttp 19668 10048 "GET /my_booking/ HTTP/1.1" 200 21516
INFO 2025-07-30 21:55:13,371 basehttp 19668 10048 "GET /static/css/dist/styles.css?v=1753955713 HTTP/1.1" 200 81570
INFO 2025-07-30 21:55:13,390 basehttp 19668 21796 "GET /static/js/app.js HTTP/1.1" 304 0
INFO 2025-07-30 21:55:15,103 basehttp 19668 10048 "GET /hotel/ HTTP/1.1" 200 15958
INFO 2025-07-30 21:55:15,183 basehttp 19668 10048 "GET /static/css/dist/styles.css?v=1753955715 HTTP/1.1" 200 81570
INFO 2025-07-30 21:55:16,896 basehttp 19668 16848 "GET /about/ HTTP/1.1" 200 14661
INFO 2025-07-30 21:55:17,009 basehttp 19668 16848 "GET /static/css/dist/styles.css?v=1753955716 HTTP/1.1" 200 81570
INFO 2025-07-30 21:55:20,420 basehttp 19668 22884 "GET / HTTP/1.1" 200 14762
INFO 2025-07-30 21:55:20,513 basehttp 19668 22884 "GET /static/css/dist/styles.css?v=1753955720 HTTP/1.1" 200 81570
INFO 2025-07-30 21:55:20,522 basehttp 19668 22224 "GET /static/js/app.js HTTP/1.1" 304 0
INFO 2025-07-30 21:55:21,524 basehttp 19668 22224 "GET /hotel_rooms/ HTTP/1.1" 200 18127
INFO 2025-07-30 21:55:21,632 basehttp 19668 22224 "GET /static/css/dist/styles.css?v=1753955721 HTTP/1.1" 200 81570
INFO 2025-07-30 21:55:23,959 basehttp 19668 11872 "GET /hotel_rooms/room-list/1/ HTTP/1.1" 200 50289
INFO 2025-07-30 21:55:24,039 basehttp 19668 11872 "GET /static/css/dist/styles.css?v=1753955723 HTTP/1.1" 200 81570
INFO 2025-07-30 21:55:49,037 basehttp 19668 17752 "POST /create-booking/ HTTP/1.1" 302 0
INFO 2025-07-30 21:55:58,208 basehttp 19668 17752 "GET /verify-booking-payment/?trxref=31788070-89a9-4e79-8ec9-00629d2fad54&reference=31788070-89a9-4e79-8ec9-00629d2fad54 HTTP/1.1" 302 0
INFO 2025-07-30 21:55:58,255 basehttp 19668 17752 "GET /booking-success/?booking_id=10 HTTP/1.1" 200 7368
INFO 2025-07-30 21:55:58,358 basehttp 19668 9588 "GET /static/js/app.js HTTP/1.1" 304 0
INFO 2025-07-30 21:55:58,366 basehttp 19668 17752 "GET /static/css/dist/styles.css?v=1753955758 HTTP/1.1" 200 81570
INFO 2025-07-30 21:56:00,622 basehttp 19668 9588 "GET /hotel_rooms/ HTTP/1.1" 200 18127
INFO 2025-07-30 21:56:00,706 basehttp 19668 9588 "GET /static/css/dist/styles.css?v=1753955760 HTTP/1.1" 200 81570
INFO 2025-08-04 23:18:16,987 autoreload 9176 11724 Watching for file changes with StatReloader
INFO 2025-08-04 23:18:24,498 basehttp 9176 636 "GET / HTTP/1.1" 200 11110
INFO 2025-08-04 23:18:24,777 basehttp 9176 636 "GET /static/css/style.css HTTP/1.1" 200 25498
INFO 2025-08-04 23:18:24,781 basehttp 9176 7708 "GET /static/css/dist/styles.css?v=1754392704 HTTP/1.1" 200 81570
INFO 2025-08-04 23:18:24,815 basehttp 9176 636 "GET /static/image/assets/hotel_48dp_FILL0_wght400_GRAD0_opsz48.png HTTP/1.1" 200 4257
INFO 2025-08-04 23:18:24,881 basehttp 9176 7708 "GET /static/image/assets/backgorund1.jpg HTTP/1.1" 200 2891716
INFO 2025-08-04 23:18:24,887 basehttp 9176 636 "GET /static/js/app.js HTTP/1.1" 200 4028
INFO 2025-08-04 23:18:25,222 basehttp 9176 636 "GET /static/django-browser-reload/reload-listener.js HTTP/1.1" 200 623
INFO 2025-08-04 23:18:25,355 basehttp 9176 636 "GET /static/django-browser-reload/reload-worker.js HTTP/1.1" 200 2711
WARNING 2025-08-04 23:18:26,862 log 9176 7708 Not Found: /favicon.ico
WARNING 2025-08-04 23:18:26,864 basehttp 9176 7708 "GET /favicon.ico HTTP/1.1" 404 13423
INFO 2025-08-04 23:18:29,881 basehttp 9176 640 "GET /static/image/assets/backgorund2.jpg HTTP/1.1" 200 5584163
INFO 2025-08-05 07:50:57,301 autoreload 20828 11892 Watching for file changes with StatReloader
INFO 2025-08-05 07:51:20,670 basehttp 20828 3348 code 400, message Bad request version ('\x8f')
ERROR 2025-08-05 07:51:20,670 basehttp 20828 3348 You're accessing the development server over HTTPS, but it only supports HTTP.
INFO 2025-08-05 07:51:20,674 basehttp 20828 12472 code 400, message Bad request version ('∆x\x19IË30¢∑\x7f,’')
ERROR 2025-08-05 07:51:20,678 basehttp 20828 12472 You're accessing the development server over HTTPS, but it only supports HTTP.
INFO 2025-08-05 07:51:52,908 basehttp 20828 19680 code 400, message Bad request version ('?P‹:·ŸS®\x88ÍÎ÷gŸ\x81j5‡m&b~M7T≤w<À\x8eg\x9e,(·c6\x16ÿ}BVh{—uÿ&)aoG\x80—Oz\x8bj°\x14\x87¬«¥\x9aw\x8b\x80t\x0f\x00&ß∏q≈™\x98€#wR\x14Yª\x13\x9f\x0fÃı\x97\x01øÍGÙh\x1bV/aµÏ\x9c\x91x\xad∂W\x8f≈BDGJ’‹z\x03⁄:ø\x89\x8e÷®h´d\x88\x80$Ÿ2>*9ÙÁ\x96pa\x02›Â\x06\x00\x12\x00\x00\x00')
ERROR 2025-08-05 07:51:52,909 basehttp 20828 19680 You're accessing the development server over HTTPS, but it only supports HTTP.
INFO 2025-08-05 07:51:52,915 basehttp 20828 18736 code 400, message Bad request version ('P‚')
ERROR 2025-08-05 07:51:52,917 basehttp 20828 18736 You're accessing the development server over HTTPS, but it only supports HTTP.
INFO 2025-08-05 07:52:27,871 autoreload 9184 20800 Watching for file changes with StatReloader
INFO 2025-08-05 07:52:42,598 basehttp 9184 10392 "GET / HTTP/1.1" 200 11110
INFO 2025-08-05 07:52:42,856 basehttp 9184 10392 "GET /static/css/style.css HTTP/1.1" 200 25498
INFO 2025-08-05 07:52:42,859 basehttp 9184 11768 "GET /static/css/dist/styles.css?v=1754423562 HTTP/1.1" 200 81570
INFO 2025-08-05 07:52:42,865 basehttp 9184 4936 "GET /static/image/assets/hotel_48dp_FILL0_wght400_GRAD0_opsz48.png HTTP/1.1" 200 4257
INFO 2025-08-05 07:52:42,874 basehttp 9184 4936 "GET /static/js/app.js HTTP/1.1" 200 4028
INFO 2025-08-05 07:52:42,968 basehttp 9184 21420 "GET /static/image/assets/backgorund1.jpg HTTP/1.1" 200 2891716
INFO 2025-08-05 07:52:43,264 basehttp 9184 21420 "GET /static/django-browser-reload/reload-listener.js HTTP/1.1" 200 623
INFO 2025-08-05 07:52:43,406 basehttp 9184 21420 "GET /static/django-browser-reload/reload-worker.js HTTP/1.1" 200 2711
WARNING 2025-08-05 07:52:44,779 log 9184 4936 Not Found: /favicon.ico
WARNING 2025-08-05 07:52:44,780 basehttp 9184 4936 "GET /favicon.ico HTTP/1.1" 404 13423
INFO 2025-08-05 07:52:46,322 basehttp 9184 4936 "GET /hotel_rooms/ HTTP/1.1" 200 14633
INFO 2025-08-05 07:52:46,421 basehttp 9184 4936 "GET /static/css/dist/styles.css?v=1754423566 HTTP/1.1" 200 81570
INFO 2025-08-05 07:52:46,634 basehttp 9184 11768 "GET /static/image/assets/dinner1.jpg HTTP/1.1" 200 8822182
INFO 2025-08-05 07:52:51,687 basehttp 9184 11768 "GET /hotel_rooms/room-list/1/ HTTP/1.1" 200 46779
INFO 2025-08-05 07:52:51,735 basehttp 9184 11768 "GET /static/css/dist/styles.css?v=1754423571 HTTP/1.1" 200 81570
INFO 2025-08-05 07:52:59,991 basehttp 9184 10392 "GET /sign_up/ HTTP/1.1" 200 16069
INFO 2025-08-05 07:53:00,068 basehttp 9184 10392 "GET /static/css/dist/styles.css?v=1754423579 HTTP/1.1" 200 81570
INFO 2025-08-05 07:53:03,996 basehttp 9184 20100 "GET /login/ HTTP/1.1" 200 11508
INFO 2025-08-05 07:53:04,038 basehttp 9184 20100 "GET /static/css/dist/styles.css?v=1754423583 HTTP/1.1" 200 81570
INFO 2025-08-05 07:53:23,027 basehttp 9184 7704 "POST /login/ HTTP/1.1" 200 11853
INFO 2025-08-05 07:53:23,055 basehttp 9184 7704 "GET /static/css/dist/styles.css?v=1754423603 HTTP/1.1" 200 81570
INFO 2025-08-05 07:53:39,429 basehttp 9184 11120 "POST /login/ HTTP/1.1" 200 11853
INFO 2025-08-05 07:53:39,461 basehttp 9184 11120 "GET /static/css/dist/styles.css?v=1754423619 HTTP/1.1" 200 81570
INFO 2025-08-05 07:53:49,594 basehttp 9184 12860 "POST /login/ HTTP/1.1" 302 0
INFO 2025-08-05 07:53:49,620 basehttp 9184 12860 "GET / HTTP/1.1" 200 16585
INFO 2025-08-05 07:53:49,671 basehttp 9184 12860 "GET /static/css/dist/styles.css?v=1754423629 HTTP/1.1" 200 81570
INFO 2025-08-05 07:53:49,724 basehttp 9184 16604 "GET /media/default.png HTTP/1.1" 200 9321
INFO 2025-08-05 07:53:53,028 basehttp 9184 12860 "GET /static/image/assets/backgorund2.jpg HTTP/1.1" 200 5584163
INFO 2025-08-05 07:53:56,006 basehttp 9184 12860 "GET /static/image/assets/backgorund3.jpg HTTP/1.1" 200 3059321
INFO 2025-08-05 07:53:59,007 basehttp 9184 12860 "GET /static/image/assets/backgorund4.jpg HTTP/1.1" 200 2375845
INFO 2025-08-05 07:54:00,699 basehttp 9184 12860 "GET /my_booking/ HTTP/1.1" 200 32334
INFO 2025-08-05 07:54:00,768 basehttp 9184 12860 "GET /static/css/dist/styles.css?v=1754423640 HTTP/1.1" 200 81570
INFO 2025-08-05 07:54:06,287 basehttp 9184 21812 "GET /contact/ HTTP/1.1" 200 16481
INFO 2025-08-05 07:54:06,350 basehttp 9184 21812 "GET /static/css/dist/styles.css?v=1754423646 HTTP/1.1" 200 81570
INFO 2025-08-05 07:54:06,386 basehttp 9184 7332 "GET /static/image/assets/undraw_conversation_15p8.svg HTTP/1.1" 200 24075
INFO 2025-08-05 07:54:11,508 basehttp 9184 21812 "POST /contact/ HTTP/1.1" 200 18084
INFO 2025-08-05 07:54:11,544 basehttp 9184 21812 "GET /static/css/dist/styles.css?v=1754423651 HTTP/1.1" 200 81570
INFO 2025-08-05 07:54:31,479 basehttp 9184 6972 "GET /hotel/ HTTP/1.1" 200 15730
INFO 2025-08-05 07:54:31,548 basehttp 9184 6972 "GET /static/css/dist/styles.css?v=1754423671 HTTP/1.1" 200 81570
INFO 2025-08-05 07:54:39,499 basehttp 9184 19208 "GET /hotel/services/1/ HTTP/1.1" 200 18439
INFO 2025-08-05 07:54:39,550 basehttp 9184 19208 "GET /static/css/dist/styles.css?v=1754423679 HTTP/1.1" 200 81570
INFO 2025-08-05 07:54:42,192 basehttp 9184 15156 "GET /hotel_rooms/room-list/1/ HTTP/1.1" 200 50039
INFO 2025-08-05 07:54:42,277 basehttp 9184 15156 "GET /static/css/dist/styles.css?v=1754423682 HTTP/1.1" 200 81570
INFO 2025-08-05 07:55:24,178 basehttp 9184 6044 "POST /create-booking/ HTTP/1.1" 302 0
INFO 2025-08-05 07:55:39,839 basehttp 9184 6044 "GET /verify-booking-payment/?trxref=e1b626e1-bab4-4d63-846a-c04ab089de15&reference=e1b626e1-bab4-4d63-846a-c04ab089de15 HTTP/1.1" 302 0
INFO 2025-08-05 07:55:39,883 basehttp 9184 6044 "GET /booking-success/?booking_id=11 HTTP/1.1" 200 7368
INFO 2025-08-05 07:55:39,974 basehttp 9184 6044 "GET /static/css/dist/styles.css?v=1754423739 HTTP/1.1" 200 81570
INFO 2025-08-05 07:55:54,147 basehttp 9184 14264 "GET /my_booking/ HTTP/1.1" 200 36107
INFO 2025-08-05 07:55:54,194 basehttp 9184 14264 "GET /static/css/dist/styles.css?v=1754423754 HTTP/1.1" 200 81570
INFO 2025-08-05 07:56:08,279 basehttp 9184 9012 "GET /hotel/ HTTP/1.1" 200 15730
INFO 2025-08-05 07:56:08,324 basehttp 9184 9012 "GET /static/css/dist/styles.css?v=1754423768 HTTP/1.1" 200 81570
INFO 2025-08-05 07:56:11,016 basehttp 9184 18744 "GET /about/ HTTP/1.1" 200 14433
INFO 2025-08-05 07:56:11,069 basehttp 9184 18744 "GET /static/css/dist/styles.css?v=1754423771 HTTP/1.1" 200 81570
INFO 2025-08-05 07:56:11,155 basehttp 9184 19272 "GET /static/image/assets/backgorund5.jpg HTTP/1.1" 200 2664367
INFO 2025-08-05 07:56:16,028 basehttp 9184 18744 "GET / HTTP/1.1" 200 14538
INFO 2025-08-05 07:56:16,081 basehttp 9184 18744 "GET /static/css/dist/styles.css?v=1754423776 HTTP/1.1" 200 81570
INFO 2025-08-05 07:56:28,961 basehttp 9184 8060 "GET /logout_user/ HTTP/1.1" 302 0
INFO 2025-08-05 07:56:28,990 basehttp 9184 8060 "GET / HTTP/1.1" 200 13159
INFO 2025-08-05 07:56:29,051 basehttp 9184 8060 "GET /static/css/dist/styles.css?v=1754423788 HTTP/1.1" 200 81570
INFO 2025-08-05 07:56:30,926 basehttp 9184 15728 "GET /sign_up/ HTTP/1.1" 200 16069
INFO 2025-08-05 07:56:31,029 basehttp 9184 15728 "GET /static/css/dist/styles.css?v=1754423790 HTTP/1.1" 200 81570
INFO 2025-08-05 07:56:41,171 basehttp 9184 15668 "GET /login/ HTTP/1.1" 200 11508
INFO 2025-08-05 07:56:41,219 basehttp 9184 15668 "GET /static/css/dist/styles.css?v=1754423801 HTTP/1.1" 200 81570
INFO 2025-08-05 07:56:45,042 basehttp 9184 11728 "GET /reset_password/ HTTP/1.1" 200 7725
INFO 2025-08-05 07:56:45,106 basehttp 9184 11728 "GET /static/css/dist/styles.css?v=1754423805 HTTP/1.1" 200 81570
INFO 2025-08-05 07:57:28,959 basehttp 9184 19796 "GET /reset_password/ HTTP/1.1" 200 7725
INFO 2025-08-05 07:57:29,016 basehttp 9184 19796 "GET /static/css/dist/styles.css?v=1754423848 HTTP/1.1" 200 81570
INFO 2025-08-05 07:58:05,059 basehttp 9184 3672 "GET /login/ HTTP/1.1" 200 11508
INFO 2025-08-05 07:58:05,131 basehttp 9184 3672 "GET /static/css/dist/styles.css?v=1754423885 HTTP/1.1" 200 81570
INFO 2025-08-05 07:58:13,840 basehttp 9184 13792 "GET / HTTP/1.1" 200 11110
INFO 2025-08-05 07:58:13,909 basehttp 9184 13792 "GET /static/css/dist/styles.css?v=1754423893 HTTP/1.1" 200 81570
INFO 2025-08-05 07:58:29,193 basehttp 9184 21952 "GET /static/image/assets/room.jpg HTTP/1.1" 200 4812369
INFO 2025-08-05 07:58:46,346 basehttp 9184 21952 "GET / HTTP/1.1" 200 11110
INFO 2025-08-05 07:58:46,423 basehttp 9184 21952 "GET /static/css/style.css HTTP/1.1" 200 25498
INFO 2025-08-05 07:58:46,429 basehttp 9184 18164 "GET /static/image/assets/hotel_48dp_FILL0_wght400_GRAD0_opsz48.png HTTP/1.1" 200 4257
INFO 2025-08-05 07:58:46,433 basehttp 9184 3048 "GET /static/css/dist/styles.css?v=1754423926 HTTP/1.1" 200 81570
INFO 2025-08-05 07:58:46,471 basehttp 9184 3048 "GET /static/js/app.js HTTP/1.1" 200 4028
INFO 2025-08-05 07:58:46,482 basehttp 9184 20464 "GET /static/image/assets/backgorund1.jpg HTTP/1.1" 200 2891716
INFO 2025-08-05 07:58:46,547 basehttp 9184 20464 "GET /static/django-browser-reload/reload-listener.js HTTP/1.1" 200 623
INFO 2025-08-05 07:58:47,228 basehttp 9184 20464 "GET /static/image/assets/room.jpg HTTP/1.1" 200 4812369
INFO 2025-08-05 07:58:50,304 basehttp 9184 20464 "GET /static/image/assets/backgorund2.jpg HTTP/1.1" 200 5584163
INFO 2025-08-05 07:58:52,463 basehttp 9184 20464 "GET / HTTP/1.1" 200 11110
INFO 2025-08-05 07:58:52,502 basehttp 9184 20464 "GET /static/css/dist/styles.css?v=1754423932 HTTP/1.1" 200 81570
INFO 2025-08-05 07:58:56,338 basehttp 9184 20464 "GET /static/image/assets/backgorund3.jpg HTTP/1.1" 200 3059321
INFO 2025-08-05 07:58:59,292 basehttp 9184 20464 "GET /static/image/assets/backgorund4.jpg HTTP/1.1" 200 2375845
INFO 2025-08-05 07:59:02,309 basehttp 9184 20464 "GET /static/image/assets/backgorund5.jpg HTTP/1.1" 200 2664367
ERROR 2025-08-05 07:59:02,971 forms 9184 9480 Failed to send password reset email to 2
Traceback (most recent call last):
  File "C:\Users\HP\OneDrive\Documents\essetech\hotelapp\Hotel-website-Django\.venv\Lib\site-packages\django\contrib\auth\forms.py", line 424, in send_mail
    email_message.send()
    ~~~~~~~~~~~~~~~~~~^^
  File "C:\Users\HP\OneDrive\Documents\essetech\hotelapp\Hotel-website-Django\.venv\Lib\site-packages\django\core\mail\message.py", line 301, in send
    return self.get_connection(fail_silently).send_messages([self])
           ~~~~~~~~~~~~~~~~~~~~~~~~~~~~~~~~~~~~~~~~~~~~~~~~^^^^^^^^
  File "C:\Users\HP\OneDrive\Documents\essetech\hotelapp\Hotel-website-Django\.venv\Lib\site-packages\django\core\mail\backends\smtp.py", line 128, in send_messages
    new_conn_created = self.open()
  File "C:\Users\HP\OneDrive\Documents\essetech\hotelapp\Hotel-website-Django\.venv\Lib\site-packages\django\core\mail\backends\smtp.py", line 86, in open
    self.connection = self.connection_class(
                      ~~~~~~~~~~~~~~~~~~~~~^
        self.host, self.port, **connection_params
        ^^^^^^^^^^^^^^^^^^^^^^^^^^^^^^^^^^^^^^^^^
    )
    ^
  File "C:\Users\HP\AppData\Local\Programs\Python\Python313\Lib\smtplib.py", line 255, in __init__
    (code, msg) = self.connect(host, port)
                  ~~~~~~~~~~~~^^^^^^^^^^^^
  File "C:\Users\HP\AppData\Local\Programs\Python\Python313\Lib\smtplib.py", line 343, in connect
    (code, msg) = self.getreply()
                  ~~~~~~~~~~~~~^^
  File "C:\Users\HP\AppData\Local\Programs\Python\Python313\Lib\smtplib.py", line 405, in getreply
    raise SMTPServerDisconnected("Connection unexpectedly closed")
smtplib.SMTPServerDisconnected: Connection unexpectedly closed
INFO 2025-08-05 07:59:03,076 basehttp 9184 9480 - Broken pipe from ('127.0.0.1', 56303)
INFO 2025-08-05 07:59:05,387 basehttp 9184 20464 "GET /static/image/assets/room.jpg HTTP/1.1" 200 4812369
INFO 2025-08-05 07:59:20,816 basehttp 9184 20464 "GET /hotel_rooms/ HTTP/1.1" 200 14633
INFO 2025-08-05 07:59:20,901 basehttp 9184 20464 "GET /static/css/dist/styles.css?v=1754423960 HTTP/1.1" 200 81570
INFO 2025-08-05 07:59:21,156 basehttp 9184 3048 "GET /static/image/assets/dinner1.jpg HTTP/1.1" 200 8822182
INFO 2025-08-05 07:59:33,200 basehttp 9184 3048 "GET /hotel_rooms/room-list/1/ HTTP/1.1" 200 46779
INFO 2025-08-05 07:59:33,241 basehttp 9184 3048 "GET /static/css/dist/styles.css?v=1754423973 HTTP/1.1" 200 81570
INFO 2025-08-05 07:59:38,380 basehttp 9184 3048 "GET /static/image/assets/backgorund5.jpg HTTP/1.1" 200 2664367
INFO 2025-08-05 07:59:41,370 basehttp 9184 3048 "GET /static/image/assets/room.jpg HTTP/1.1" 200 4812369
INFO 2025-08-05 07:59:44,409 basehttp 9184 3048 "GET /static/image/assets/backgorund1.jpg HTTP/1.1" 200 2891716
INFO 2025-08-05 07:59:45,794 basehttp 9184 3048 "GET /hotel_rooms/room-list/1/ HTTP/1.1" 200 46779
INFO 2025-08-05 07:59:45,809 basehttp 9184 3048 "GET /static/css/dist/styles.css?v=1754423985 HTTP/1.1" 200 81570
INFO 2025-08-05 07:59:49,489 basehttp 9184 3048 "GET /sign_up/ HTTP/1.1" 200 16069
INFO 2025-08-05 07:59:49,538 basehttp 9184 3048 "GET /static/css/dist/styles.css?v=1754423989 HTTP/1.1" 200 81570
INFO 2025-08-05 07:59:50,485 basehttp 9184 3048 "GET /static/image/assets/backgorund3.jpg HTTP/1.1" 200 3059321
INFO 2025-08-05 07:59:56,437 basehttp 9184 3048 "GET /static/image/assets/backgorund5.jpg HTTP/1.1" 200 2664367
INFO 2025-08-05 07:59:56,760 basehttp 9184 3048 "GET /login/ HTTP/1.1" 200 11508
INFO 2025-08-05 07:59:56,804 basehttp 9184 3048 "GET /static/css/dist/styles.css?v=1754423996 HTTP/1.1" 200 81570
INFO 2025-08-05 07:59:59,463 basehttp 9184 3048 "GET /static/image/assets/room.jpg HTTP/1.1" 200 4812369
INFO 2025-08-05 08:00:01,595 basehttp 9184 3048 "GET /sign_up/ HTTP/1.1" 200 16069
INFO 2025-08-05 08:00:01,635 basehttp 9184 3048 "GET /static/css/dist/styles.css?v=1754424001 HTTP/1.1" 200 81570
INFO 2025-08-05 08:00:02,468 basehttp 9184 3048 "GET /static/image/assets/backgorund1.jpg HTTP/1.1" 200 2891716
INFO 2025-08-05 08:00:07,526 basehttp 9184 3048 "GET /login/ HTTP/1.1" 200 11508
INFO 2025-08-05 08:00:07,576 basehttp 9184 3048 "GET /static/css/dist/styles.css?v=1754424007 HTTP/1.1" 200 81570
INFO 2025-08-05 08:00:08,075 basehttp 9184 3048 "GET /sign_up/ HTTP/1.1" 200 16069
INFO 2025-08-05 08:00:08,159 basehttp 9184 3048 "GET /static/css/dist/styles.css?v=1754424008 HTTP/1.1" 200 81570
INFO 2025-08-05 08:00:08,517 basehttp 9184 3048 "GET /static/image/assets/backgorund3.jpg HTTP/1.1" 200 3059321
INFO 2025-08-05 08:00:08,974 basehttp 9184 3048 "GET /hotel_rooms/room-list/1/ HTTP/1.1" 200 46779
INFO 2025-08-05 08:00:10,655 basehttp 9184 3048 "GET / HTTP/1.1" 200 11110
INFO 2025-08-05 08:00:10,695 basehttp 9184 3048 "GET /static/css/dist/styles.css?v=1754424010 HTTP/1.1" 200 81570
INFO 2025-08-05 08:00:10,772 basehttp 9184 20464 "GET /static/image/assets/backgorund1.jpg HTTP/1.1" 200 2891716
INFO 2025-08-05 08:00:14,459 basehttp 9184 20464 "GET /static/image/assets/backgorund5.jpg HTTP/1.1" 200 2664367
INFO 2025-08-05 08:00:17,487 basehttp 9184 20464 "GET /static/image/assets/room.jpg HTTP/1.1" 200 4812369
INFO 2025-08-05 08:00:28,442 basehttp 9184 20464 "GET / HTTP/1.1" 200 11110
INFO 2025-08-05 08:00:28,544 basehttp 9184 20464 "GET /static/css/dist/styles.css?v=1754424028 HTTP/1.1" 200 81570
INFO 2025-08-07 00:24:57,813 autoreload 16188 8040 Watching for file changes with StatReloader
INFO 2025-08-07 00:41:26,072 autoreload 18128 2928 Watching for file changes with StatReloader
INFO 2025-09-06 01:19:26,784 autoreload 19656 13980 Watching for file changes with StatReloader
INFO 2025-09-06 01:19:50,799 basehttp 19656 18896 "GET / HTTP/1.1" 200 11110
INFO 2025-09-06 01:19:50,967 basehttp 19656 18896 "GET /static/css/style.css HTTP/1.1" 200 25498
INFO 2025-09-06 01:19:50,967 basehttp 19656 19776 "GET /static/css/dist/styles.css?v=1757164790 HTTP/1.1" 200 104504
INFO 2025-09-06 01:19:50,984 basehttp 19656 18896 "GET /static/image/assets/hotel_48dp_FILL0_wght400_GRAD0_opsz48.png HTTP/1.1" 200 4257
INFO 2025-09-06 01:19:50,993 basehttp 19656 18896 "GET /static/js/app.js HTTP/1.1" 200 4028
INFO 2025-09-06 01:19:51,030 basehttp 19656 19776 "GET /static/image/assets/backgorund1.jpg HTTP/1.1" 200 2891716
INFO 2025-09-06 01:20:12,753 basehttp 19656 6444 "GET /static/django-browser-reload/reload-listener.js HTTP/1.1" 200 623
INFO 2025-09-06 01:20:12,775 basehttp 19656 6444 "GET /static/django-browser-reload/reload-worker.js HTTP/1.1" 200 2711
WARNING 2025-09-06 01:20:13,005 log 19656 6896 Not Found: /favicon.ico
WARNING 2025-09-06 01:20:13,006 basehttp 19656 6896 "GET /favicon.ico HTTP/1.1" 404 13423
INFO 2025-09-06 01:20:16,054 basehttp 19656 6896 "GET /static/image/assets/backgorund2.jpg HTTP/1.1" 200 5584163
INFO 2025-09-06 01:20:19,101 basehttp 19656 6896 "GET /static/image/assets/backgorund3.jpg HTTP/1.1" 200 3059321
INFO 2025-09-06 01:20:22,060 basehttp 19656 6896 "GET /static/image/assets/backgorund4.jpg HTTP/1.1" 200 2375845
INFO 2025-09-06 01:20:25,053 basehttp 19656 6896 "GET /static/image/assets/backgorund5.jpg HTTP/1.1" 200 2664367
INFO 2025-09-06 01:20:28,176 basehttp 19656 6896 "GET /static/image/assets/room.jpg HTTP/1.1" 200 4812369
INFO 2025-09-06 01:21:22,385 basehttp 19656 17160 "GET / HTTP/1.1" 200 11110
INFO 2025-09-06 01:21:22,467 basehttp 19656 17160 "GET /static/css/dist/styles.css?v=1757164882 HTTP/1.1" 200 104504
INFO 2025-09-06 01:21:50,480 basehttp 19656 17508 "GET /sign_up/ HTTP/1.1" 200 16069
INFO 2025-09-06 01:21:50,553 basehttp 19656 17508 "GET /static/css/dist/styles.css?v=1757164910 HTTP/1.1" 200 104504
INFO 2025-09-06 01:22:01,072 basehttp 19656 19752 "GET /contact/ HTTP/1.1" 200 13215
INFO 2025-09-06 01:22:01,127 basehttp 19656 19752 "GET /static/css/dist/styles.css?v=1757164921 HTTP/1.1" 200 104504
INFO 2025-09-06 01:22:01,166 basehttp 19656 11960 "GET /static/image/assets/undraw_conversation_15p8.svg HTTP/1.1" 200 24075
INFO 2025-09-06 01:22:08,403 basehttp 19656 19752 "GET /admin/ HTTP/1.1" 302 0
INFO 2025-09-06 01:22:08,636 basehttp 19656 19752 "GET /admin/login/?next=/admin/ HTTP/1.1" 200 4350
INFO 2025-09-06 01:22:08,697 basehttp 19656 19752 "GET /static/admin/css/base.css HTTP/1.1" 200 22092
INFO 2025-09-06 01:22:08,704 basehttp 19656 8516 "GET /static/admin/css/dark_mode.css HTTP/1.1" 200 2804
INFO 2025-09-06 01:22:08,714 basehttp 19656 11760 "GET /static/admin/css/nav_sidebar.css HTTP/1.1" 200 2810
INFO 2025-09-06 01:22:08,721 basehttp 19656 19908 "GET /static/admin/css/login.css HTTP/1.1" 200 951
INFO 2025-09-06 01:22:08,731 basehttp 19656 24544 "GET /static/admin/css/responsive.css HTTP/1.1" 200 17972
INFO 2025-09-06 01:22:08,732 basehttp 19656 5276 "GET /static/admin/js/theme.js HTTP/1.1" 200 1653
INFO 2025-09-06 01:22:08,744 basehttp 19656 24544 "GET /static/admin/js/nav_sidebar.js HTTP/1.1" 200 3063
INFO 2025-09-06 01:22:32,587 basehttp 19656 5276 "POST /admin/login/?next=/admin/ HTTP/1.1" 302 0
INFO 2025-09-06 01:22:32,658 basehttp 19656 5276 "GET /admin/ HTTP/1.1" 200 17522
INFO 2025-09-06 01:22:32,713 basehttp 19656 5276 "GET /static/admin/css/dashboard.css HTTP/1.1" 200 441
INFO 2025-09-06 01:22:32,729 basehttp 19656 5276 "GET /static/admin/img/icon-addlink.svg HTTP/1.1" 200 331
INFO 2025-09-06 01:22:32,734 basehttp 19656 11760 "GET /static/admin/img/icon-deletelink.svg HTTP/1.1" 200 392
INFO 2025-09-06 01:22:32,748 basehttp 19656 19908 "GET /static/admin/img/icon-changelink.svg HTTP/1.1" 200 380
INFO 2025-09-06 01:22:42,295 basehttp 19656 11760 "GET /admin/core/lead/ HTTP/1.1" 200 16951
INFO 2025-09-06 01:22:42,351 basehttp 19656 11760 "GET /static/admin/css/changelists.css HTTP/1.1" 200 6878
INFO 2025-09-06 01:22:42,383 basehttp 19656 19752 "GET /static/admin/js/core.js HTTP/1.1" 200 6208
INFO 2025-09-06 01:22:42,384 basehttp 19656 11760 "GET /static/admin/js/jquery.init.js HTTP/1.1" 200 347
INFO 2025-09-06 01:22:42,390 basehttp 19656 5184 "GET /static/admin/js/admin/RelatedObjectLookups.js HTTP/1.1" 200 9097
INFO 2025-09-06 01:22:42,396 basehttp 19656 16436 "GET /static/admin/js/actions.js HTTP/1.1" 200 8076
INFO 2025-09-06 01:22:42,406 basehttp 19656 19752 "GET /static/admin/js/urlify.js HTTP/1.1" 200 7887
INFO 2025-09-06 01:22:42,412 basehttp 19656 11760 "GET /static/admin/js/prepopulate.js HTTP/1.1" 200 1531
INFO 2025-09-06 01:22:42,427 basehttp 19656 5276 "GET /admin/jsi18n/ HTTP/1.1" 200 3342
INFO 2025-09-06 01:22:42,448 basehttp 19656 16436 "GET /static/admin/img/search.svg HTTP/1.1" 200 458
INFO 2025-09-06 01:22:42,575 basehttp 19656 8516 "GET /static/admin/js/vendor/jquery/jquery.js HTTP/1.1" 200 285314
INFO 2025-09-06 01:22:42,586 basehttp 19656 8516 "GET /static/admin/js/filters.js HTTP/1.1" 200 978
INFO 2025-09-06 01:22:42,696 basehttp 19656 5184 "GET /static/admin/js/vendor/xregexp/xregexp.js HTTP/1.1" 200 325171
INFO 2025-09-06 01:22:42,731 basehttp 19656 5184 "GET /static/admin/img/tooltag-add.svg HTTP/1.1" 200 331
INFO 2025-09-06 01:22:42,745 basehttp 19656 16436 "GET /static/admin/img/icon-viewlink.svg HTTP/1.1" 200 581
INFO 2025-09-06 01:22:42,746 basehttp 19656 8516 "GET /static/admin/img/sorting-icons.svg HTTP/1.1" 200 1097
INFO 2025-09-06 01:24:52,233 basehttp 19656 16436 "GET /admin/core/booking/ HTTP/1.1" 200 15827
INFO 2025-09-06 01:24:52,326 basehttp 19656 16436 "GET /admin/jsi18n/ HTTP/1.1" 200 3342
INFO 2025-09-06 01:25:54,041 basehttp 19656 4776 "GET /admin/auth/user/ HTTP/1.1" 200 18531
INFO 2025-09-06 01:25:54,156 basehttp 19656 1304 "GET /static/admin/img/icon-no.svg HTTP/1.1" 200 560
INFO 2025-09-06 01:25:54,165 basehttp 19656 4776 "GET /admin/jsi18n/ HTTP/1.1" 200 3342
INFO 2025-09-06 01:25:54,175 basehttp 19656 5876 "GET /static/admin/img/icon-yes.svg HTTP/1.1" 200 436
INFO 2025-09-06 01:30:20,203 autoreload 19656 13980 C:\Users\HP\OneDrive\Documents\essetech\hotelapp\Hotel-website-Django\hotelapp\core\models.py changed, reloading.
INFO 2025-09-06 01:30:23,317 autoreload 16736 8188 Watching for file changes with StatReloader
INFO 2025-09-06 01:30:24,709 basehttp 16736 22344 "GET /admin/auth/user/ HTTP/1.1" 200 18531
INFO 2025-09-06 01:30:24,838 basehttp 16736 22344 "GET /admin/jsi18n/ HTTP/1.1" 200 3342
INFO 2025-09-06 01:30:33,570 autoreload 16736 8188 C:\Users\HP\OneDrive\Documents\essetech\hotelapp\Hotel-website-Django\hotelapp\core\models.py changed, reloading.
INFO 2025-09-06 01:30:35,021 autoreload 17444 12228 Watching for file changes with StatReloader
INFO 2025-09-06 01:30:35,956 basehttp 17444 13720 "GET /admin/auth/user/ HTTP/1.1" 200 18531
INFO 2025-09-06 01:30:36,010 basehttp 17444 13720 "GET /admin/jsi18n/ HTTP/1.1" 200 3342
INFO 2025-09-06 01:30:39,529 autoreload 17444 12228 C:\Users\HP\OneDrive\Documents\essetech\hotelapp\Hotel-website-Django\hotelapp\core\models.py changed, reloading.
INFO 2025-09-06 01:30:40,732 autoreload 23000 18440 Watching for file changes with StatReloader
INFO 2025-09-06 01:30:42,050 autoreload 23000 18440 C:\Users\HP\OneDrive\Documents\essetech\hotelapp\Hotel-website-Django\hotelapp\core\models.py changed, reloading.
INFO 2025-09-06 01:30:42,819 autoreload 5316 1588 Watching for file changes with StatReloader
INFO 2025-09-06 01:30:44,301 autoreload 5316 1588 C:\Users\HP\OneDrive\Documents\essetech\hotelapp\Hotel-website-Django\hotelapp\core\models.py changed, reloading.
INFO 2025-09-06 01:30:45,513 autoreload 20356 9004 Watching for file changes with StatReloader
INFO 2025-09-06 01:30:46,919 autoreload 20356 9004 C:\Users\HP\OneDrive\Documents\essetech\hotelapp\Hotel-website-Django\hotelapp\core\models.py changed, reloading.
INFO 2025-09-06 01:30:47,846 autoreload 20252 7232 Watching for file changes with StatReloader
INFO 2025-09-06 01:30:49,086 autoreload 20252 7232 C:\Users\HP\OneDrive\Documents\essetech\hotelapp\Hotel-website-Django\hotelapp\core\models.py changed, reloading.
INFO 2025-09-06 01:30:50,932 autoreload 10912 4328 Watching for file changes with StatReloader
INFO 2025-09-06 01:30:54,040 autoreload 10912 4328 C:\Users\HP\OneDrive\Documents\essetech\hotelapp\Hotel-website-Django\hotelapp\core\models.py changed, reloading.
INFO 2025-09-06 01:30:55,035 autoreload 6612 16900 Watching for file changes with StatReloader
INFO 2025-09-06 01:30:56,355 autoreload 6612 16900 C:\Users\HP\OneDrive\Documents\essetech\hotelapp\Hotel-website-Django\hotelapp\core\models.py changed, reloading.
INFO 2025-09-06 01:30:58,574 autoreload 24544 1616 Watching for file changes with StatReloader
INFO 2025-09-06 01:31:00,992 autoreload 24544 1616 C:\Users\HP\OneDrive\Documents\essetech\hotelapp\Hotel-website-Django\hotelapp\core\models.py changed, reloading.
INFO 2025-09-06 01:31:01,906 autoreload 15852 16284 Watching for file changes with StatReloader
INFO 2025-09-06 01:31:04,227 autoreload 15852 16284 C:\Users\HP\OneDrive\Documents\essetech\hotelapp\Hotel-website-Django\hotelapp\core\models.py changed, reloading.
INFO 2025-09-06 01:31:05,544 autoreload 9920 8204 Watching for file changes with StatReloader
INFO 2025-09-06 01:31:06,854 autoreload 9920 8204 C:\Users\HP\OneDrive\Documents\essetech\hotelapp\Hotel-website-Django\hotelapp\core\models.py changed, reloading.
INFO 2025-09-06 01:31:08,246 autoreload 16520 23744 Watching for file changes with StatReloader
INFO 2025-09-06 01:31:09,711 autoreload 16520 23744 C:\Users\HP\OneDrive\Documents\essetech\hotelapp\Hotel-website-Django\hotelapp\core\models.py changed, reloading.
INFO 2025-09-06 01:31:10,852 autoreload 10036 4580 Watching for file changes with StatReloader
INFO 2025-09-06 01:31:12,171 autoreload 10036 4580 C:\Users\HP\OneDrive\Documents\essetech\hotelapp\Hotel-website-Django\hotelapp\core\models.py changed, reloading.
INFO 2025-09-06 01:31:13,120 autoreload 23608 11376 Watching for file changes with StatReloader
INFO 2025-09-06 01:31:14,548 autoreload 23608 11376 C:\Users\HP\OneDrive\Documents\essetech\hotelapp\Hotel-website-Django\hotelapp\core\models.py changed, reloading.
INFO 2025-09-06 01:31:15,678 autoreload 3536 21180 Watching for file changes with StatReloader
INFO 2025-09-06 01:31:19,562 autoreload 3536 21180 C:\Users\HP\OneDrive\Documents\essetech\hotelapp\Hotel-website-Django\hotelapp\core\models.py changed, reloading.
INFO 2025-09-06 01:31:20,801 autoreload 10984 21656 Watching for file changes with StatReloader
INFO 2025-09-06 01:31:33,647 autoreload 10984 21656 C:\Users\HP\OneDrive\Documents\essetech\hotelapp\Hotel-website-Django\hotelapp\core\models.py changed, reloading.
INFO 2025-09-06 01:31:34,595 autoreload 7032 18008 Watching for file changes with StatReloader
INFO 2025-09-06 01:31:37,916 autoreload 7032 18008 C:\Users\HP\OneDrive\Documents\essetech\hotelapp\Hotel-website-Django\hotelapp\core\models.py changed, reloading.
INFO 2025-09-06 01:31:38,670 autoreload 6368 17224 Watching for file changes with StatReloader
INFO 2025-09-06 01:31:40,765 autoreload 6368 17224 C:\Users\HP\OneDrive\Documents\essetech\hotelapp\Hotel-website-Django\hotelapp\core\models.py changed, reloading.
INFO 2025-09-06 01:31:41,612 autoreload 7968 18720 Watching for file changes with StatReloader
INFO 2025-09-06 01:39:14,977 autoreload 7968 18720 C:\Users\HP\OneDrive\Documents\essetech\hotelapp\Hotel-website-Django\hotelapp\core\models.py changed, reloading.
INFO 2025-09-06 01:39:16,663 autoreload 1508 14256 Watching for file changes with StatReloader
INFO 2025-09-06 01:39:20,045 autoreload 1508 14256 C:\Users\HP\OneDrive\Documents\essetech\hotelapp\Hotel-website-Django\hotelapp\core\models.py changed, reloading.
INFO 2025-09-06 01:39:21,240 autoreload 14664 16136 Watching for file changes with StatReloader
INFO 2025-09-06 01:39:23,542 autoreload 14664 16136 C:\Users\HP\OneDrive\Documents\essetech\hotelapp\Hotel-website-Django\hotelapp\core\models.py changed, reloading.
INFO 2025-09-06 01:39:24,303 autoreload 19884 24572 Watching for file changes with StatReloader
INFO 2025-09-06 01:39:28,446 autoreload 19884 24572 C:\Users\HP\OneDrive\Documents\essetech\hotelapp\Hotel-website-Django\hotelapp\core\models.py changed, reloading.
INFO 2025-09-06 01:39:29,265 autoreload 17284 18584 Watching for file changes with StatReloader
INFO 2025-09-06 01:40:29,411 autoreload 17284 18584 C:\Users\HP\OneDrive\Documents\essetech\hotelapp\Hotel-website-Django\hotelapp\core\models.py changed, reloading.
INFO 2025-09-06 01:40:30,417 autoreload 14236 12412 Watching for file changes with StatReloader
INFO 2025-09-06 01:43:25,146 autoreload 14236 12412 C:\Users\HP\OneDrive\Documents\essetech\hotelapp\Hotel-website-Django\hotelapp\core\models.py changed, reloading.
INFO 2025-09-06 01:43:26,013 autoreload 18612 16136 Watching for file changes with StatReloader
INFO 2025-09-06 01:43:27,350 autoreload 18612 16136 C:\Users\HP\OneDrive\Documents\essetech\hotelapp\Hotel-website-Django\hotelapp\core\models.py changed, reloading.
INFO 2025-09-06 01:43:28,495 autoreload 6056 11596 Watching for file changes with StatReloader
INFO 2025-09-06 01:43:32,897 autoreload 6056 11596 C:\Users\HP\OneDrive\Documents\essetech\hotelapp\Hotel-website-Django\hotelapp\core\models.py changed, reloading.
INFO 2025-09-06 01:43:33,987 autoreload 10700 18388 Watching for file changes with StatReloader
INFO 2025-09-06 01:43:36,341 autoreload 10700 18388 C:\Users\HP\OneDrive\Documents\essetech\hotelapp\Hotel-website-Django\hotelapp\core\models.py changed, reloading.
INFO 2025-09-06 01:43:37,041 autoreload 972 24436 Watching for file changes with StatReloader
INFO 2025-09-06 01:43:38,372 autoreload 972 24436 C:\Users\HP\OneDrive\Documents\essetech\hotelapp\Hotel-website-Django\hotelapp\core\models.py changed, reloading.
INFO 2025-09-06 01:43:39,297 autoreload 17812 15684 Watching for file changes with StatReloader
INFO 2025-09-06 01:43:40,594 autoreload 17812 15684 C:\Users\HP\OneDrive\Documents\essetech\hotelapp\Hotel-website-Django\hotelapp\core\models.py changed, reloading.
INFO 2025-09-06 01:43:41,335 autoreload 13072 12636 Watching for file changes with StatReloader
INFO 2025-09-06 01:43:47,598 autoreload 13072 12636 C:\Users\HP\OneDrive\Documents\essetech\hotelapp\Hotel-website-Django\hotelapp\core\models.py changed, reloading.
INFO 2025-09-06 01:43:48,659 autoreload 9336 17044 Watching for file changes with StatReloader
INFO 2025-09-06 01:44:03,945 autoreload 9336 17044 C:\Users\HP\OneDrive\Documents\essetech\hotelapp\Hotel-website-Django\hotelapp\core\models.py changed, reloading.
INFO 2025-09-06 01:44:05,027 autoreload 1604 4416 Watching for file changes with StatReloader
INFO 2025-09-06 01:44:06,304 autoreload 1604 4416 C:\Users\HP\OneDrive\Documents\essetech\hotelapp\Hotel-website-Django\hotelapp\core\models.py changed, reloading.
INFO 2025-09-06 01:44:07,775 autoreload 8796 9748 Watching for file changes with StatReloader
INFO 2025-09-06 01:44:16,263 autoreload 8796 9748 C:\Users\HP\OneDrive\Documents\essetech\hotelapp\Hotel-website-Django\hotelapp\core\models.py changed, reloading.
INFO 2025-09-06 01:44:17,118 autoreload 21608 1452 Watching for file changes with StatReloader
INFO 2025-09-06 01:44:20,203 autoreload 21608 1452 C:\Users\HP\OneDrive\Documents\essetech\hotelapp\Hotel-website-Django\hotelapp\core\models.py changed, reloading.
INFO 2025-09-06 01:44:21,227 autoreload 14392 8396 Watching for file changes with StatReloader
INFO 2025-09-06 01:44:26,459 autoreload 14392 8396 C:\Users\HP\OneDrive\Documents\essetech\hotelapp\Hotel-website-Django\hotelapp\core\models.py changed, reloading.
INFO 2025-09-06 01:44:27,327 autoreload 7396 3640 Watching for file changes with StatReloader
INFO 2025-09-06 01:44:29,581 autoreload 7396 3640 C:\Users\HP\OneDrive\Documents\essetech\hotelapp\Hotel-website-Django\hotelapp\core\models.py changed, reloading.
INFO 2025-09-06 01:44:30,576 autoreload 4280 21692 Watching for file changes with StatReloader
INFO 2025-09-06 01:44:31,838 autoreload 4280 21692 C:\Users\HP\OneDrive\Documents\essetech\hotelapp\Hotel-website-Django\hotelapp\core\models.py changed, reloading.
INFO 2025-09-06 01:44:32,619 autoreload 17916 8276 Watching for file changes with StatReloader
INFO 2025-09-06 01:45:01,679 autoreload 17916 8276 C:\Users\HP\OneDrive\Documents\essetech\hotelapp\Hotel-website-Django\hotelapp\core\models.py changed, reloading.
INFO 2025-09-06 01:45:02,448 autoreload 10264 14068 Watching for file changes with StatReloader
INFO 2025-09-06 01:45:14,998 autoreload 10264 14068 C:\Users\HP\OneDrive\Documents\essetech\hotelapp\Hotel-website-Django\hotelapp\core\models.py changed, reloading.
INFO 2025-09-06 01:45:16,455 autoreload 17860 19628 Watching for file changes with StatReloader
INFO 2025-09-06 01:45:18,599 autoreload 17860 19628 C:\Users\HP\OneDrive\Documents\essetech\hotelapp\Hotel-website-Django\hotelapp\core\models.py changed, reloading.
INFO 2025-09-06 01:45:19,305 autoreload 15152 5140 Watching for file changes with StatReloader
INFO 2025-09-06 01:45:36,158 autoreload 15152 5140 C:\Users\HP\OneDrive\Documents\essetech\hotelapp\Hotel-website-Django\hotelapp\core\models.py changed, reloading.
INFO 2025-09-06 01:45:37,027 autoreload 11980 22184 Watching for file changes with StatReloader
INFO 2025-09-06 01:45:47,590 autoreload 11980 22184 C:\Users\HP\OneDrive\Documents\essetech\hotelapp\Hotel-website-Django\hotelapp\core\models.py changed, reloading.
INFO 2025-09-06 01:45:48,306 autoreload 2756 9008 Watching for file changes with StatReloader
INFO 2025-09-06 01:45:49,585 autoreload 2756 9008 C:\Users\HP\OneDrive\Documents\essetech\hotelapp\Hotel-website-Django\hotelapp\core\models.py changed, reloading.
INFO 2025-09-06 01:45:50,296 autoreload 20964 4672 Watching for file changes with StatReloader
INFO 2025-09-06 01:46:01,838 autoreload 20964 4672 C:\Users\HP\OneDrive\Documents\essetech\hotelapp\Hotel-website-Django\hotelapp\core\models.py changed, reloading.
INFO 2025-09-06 01:46:03,092 autoreload 19432 23980 Watching for file changes with StatReloader
INFO 2025-09-06 01:46:05,500 autoreload 19432 23980 C:\Users\HP\OneDrive\Documents\essetech\hotelapp\Hotel-website-Django\hotelapp\core\models.py changed, reloading.
INFO 2025-09-06 01:46:06,139 autoreload 23088 21532 Watching for file changes with StatReloader
INFO 2025-09-06 01:46:12,633 autoreload 23088 21532 C:\Users\HP\OneDrive\Documents\essetech\hotelapp\Hotel-website-Django\hotelapp\core\models.py changed, reloading.
INFO 2025-09-06 01:46:13,529 autoreload 16064 24080 Watching for file changes with StatReloader
INFO 2025-09-06 01:46:19,894 autoreload 16064 24080 C:\Users\HP\OneDrive\Documents\essetech\hotelapp\Hotel-website-Django\hotelapp\core\models.py changed, reloading.
INFO 2025-09-06 01:46:20,640 autoreload 2584 19100 Watching for file changes with StatReloader
INFO 2025-09-06 01:46:22,964 autoreload 2584 19100 C:\Users\HP\OneDrive\Documents\essetech\hotelapp\Hotel-website-Django\hotelapp\core\models.py changed, reloading.
INFO 2025-09-06 01:46:23,917 autoreload 21672 15344 Watching for file changes with StatReloader
INFO 2025-09-06 01:46:28,204 autoreload 21672 15344 C:\Users\HP\OneDrive\Documents\essetech\hotelapp\Hotel-website-Django\hotelapp\core\models.py changed, reloading.
INFO 2025-09-06 01:46:28,980 autoreload 15096 20036 Watching for file changes with StatReloader
INFO 2025-09-06 01:46:39,412 autoreload 15096 20036 C:\Users\HP\OneDrive\Documents\essetech\hotelapp\Hotel-website-Django\hotelapp\core\models.py changed, reloading.
INFO 2025-09-06 01:46:40,563 autoreload 24052 24228 Watching for file changes with StatReloader
INFO 2025-09-06 01:46:43,063 autoreload 24052 24228 C:\Users\HP\OneDrive\Documents\essetech\hotelapp\Hotel-website-Django\hotelapp\core\models.py changed, reloading.
INFO 2025-09-06 01:46:43,867 autoreload 4396 2620 Watching for file changes with StatReloader
INFO 2025-09-06 01:46:49,227 autoreload 4396 2620 C:\Users\HP\OneDrive\Documents\essetech\hotelapp\Hotel-website-Django\hotelapp\core\models.py changed, reloading.
INFO 2025-09-06 01:46:49,887 autoreload 6496 19408 Watching for file changes with StatReloader
INFO 2025-09-06 01:46:52,191 autoreload 6496 19408 C:\Users\HP\OneDrive\Documents\essetech\hotelapp\Hotel-website-Django\hotelapp\core\models.py changed, reloading.
INFO 2025-09-06 01:46:52,902 autoreload 172 22460 Watching for file changes with StatReloader
INFO 2025-09-06 01:47:00,354 autoreload 172 22460 C:\Users\HP\OneDrive\Documents\essetech\hotelapp\Hotel-website-Django\hotelapp\core\models.py changed, reloading.
INFO 2025-09-06 01:47:01,022 autoreload 16792 12504 Watching for file changes with StatReloader
INFO 2025-09-06 01:47:07,414 autoreload 16792 12504 C:\Users\HP\OneDrive\Documents\essetech\hotelapp\Hotel-website-Django\hotelapp\core\models.py changed, reloading.
INFO 2025-09-06 01:47:08,378 autoreload 5832 6720 Watching for file changes with StatReloader
INFO 2025-09-06 01:47:21,004 autoreload 5832 6720 C:\Users\HP\OneDrive\Documents\essetech\hotelapp\Hotel-website-Django\hotelapp\core\models.py changed, reloading.
INFO 2025-09-06 01:47:22,077 autoreload 10904 8084 Watching for file changes with StatReloader
INFO 2025-09-06 01:47:25,352 autoreload 10904 8084 C:\Users\HP\OneDrive\Documents\essetech\hotelapp\Hotel-website-Django\hotelapp\core\models.py changed, reloading.
INFO 2025-09-06 01:47:26,354 autoreload 15824 18232 Watching for file changes with StatReloader
INFO 2025-09-06 01:48:56,176 autoreload 15824 18232 C:\Users\HP\OneDrive\Documents\essetech\hotelapp\Hotel-website-Django\hotelapp\core\models.py changed, reloading.
INFO 2025-09-06 01:48:56,994 autoreload 17832 8152 Watching for file changes with StatReloader
INFO 2025-09-06 01:49:34,990 autoreload 17832 8152 C:\Users\HP\OneDrive\Documents\essetech\hotelapp\Hotel-website-Django\hotelapp\core\models.py changed, reloading.
INFO 2025-09-06 01:49:35,801 autoreload 16672 19596 Watching for file changes with StatReloader
INFO 2025-09-06 01:52:54,819 autoreload 16672 19596 C:\Users\HP\OneDrive\Documents\essetech\hotelapp\Hotel-website-Django\hotelapp\hotelapp\settings.py changed, reloading.
INFO 2025-09-06 01:52:55,625 autoreload 5248 7804 Watching for file changes with StatReloader
INFO 2025-09-06 01:52:56,910 autoreload 5248 7804 C:\Users\HP\OneDrive\Documents\essetech\hotelapp\Hotel-website-Django\hotelapp\hotelapp\settings.py changed, reloading.
INFO 2025-09-06 01:52:57,866 autoreload 17376 19452 Watching for file changes with StatReloader
INFO 2025-09-06 02:13:02,943 autoreload 23216 3736 Watching for file changes with StatReloader
INFO 2025-09-06 02:13:25,571 basehttp 23216 24200 "GET / HTTP/1.1" 200 11110
INFO 2025-09-06 02:13:25,792 basehttp 23216 24200 "GET /static/css/dist/styles.css?v=1757168005 HTTP/1.1" 200 104504
INFO 2025-09-06 02:13:33,024 basehttp 23216 8592 "GET /hotel_rooms/ HTTP/1.1" 200 14633
INFO 2025-09-06 02:13:33,107 basehttp 23216 8592 "GET /static/css/dist/styles.css?v=1757168013 HTTP/1.1" 200 104504
INFO 2025-09-06 02:13:33,579 basehttp 23216 7080 "GET /static/image/assets/dinner1.jpg HTTP/1.1" 200 8822182
INFO 2025-09-06 02:13:39,921 basehttp 23216 13508 "GET / HTTP/1.1" 200 11110
INFO 2025-09-06 02:13:39,997 basehttp 23216 13508 "GET /static/css/dist/styles.css?v=1757168019 HTTP/1.1" 200 104504
INFO 2025-09-06 02:13:47,853 basehttp 23216 14100 "GET /admin/ HTTP/1.1" 302 0
INFO 2025-09-06 02:13:47,969 basehttp 23216 14100 "GET /admin/login/?next=/admin/ HTTP/1.1" 200 4350
ERROR 2025-09-06 02:13:58,490 log 23216 10904 Internal Server Error: /admin/login/
Traceback (most recent call last):
  File "C:\Users\HP\OneDrive\Documents\essetech\hotelapp\Hotel-website-Django\.venv\Lib\site-packages\django\db\backends\utils.py", line 105, in _execute
    return self.cursor.execute(sql, params)
           ~~~~~~~~~~~~~~~~~~~^^^^^^^^^^^^^
  File "C:\Users\HP\OneDrive\Documents\essetech\hotelapp\Hotel-website-Django\.venv\Lib\site-packages\django\db\backends\sqlite3\base.py", line 354, in execute
    return super().execute(query, params)
           ~~~~~~~~~~~~~~~^^^^^^^^^^^^^^^
sqlite3.OperationalError: no such table: core_customuser

The above exception was the direct cause of the following exception:

Traceback (most recent call last):
  File "C:\Users\HP\OneDrive\Documents\essetech\hotelapp\Hotel-website-Django\.venv\Lib\site-packages\django\core\handlers\exception.py", line 55, in inner
    response = get_response(request)
  File "C:\Users\HP\OneDrive\Documents\essetech\hotelapp\Hotel-website-Django\.venv\Lib\site-packages\django\core\handlers\base.py", line 197, in _get_response
    response = wrapped_callback(request, *callback_args, **callback_kwargs)
  File "C:\Users\HP\OneDrive\Documents\essetech\hotelapp\Hotel-website-Django\.venv\Lib\site-packages\django\utils\decorators.py", line 48, in _wrapper
    return bound_method(*args, **kwargs)
  File "C:\Users\HP\OneDrive\Documents\essetech\hotelapp\Hotel-website-Django\.venv\Lib\site-packages\django\views\decorators\cache.py", line 80, in _view_wrapper
    response = view_func(request, *args, **kwargs)
  File "C:\Users\HP\OneDrive\Documents\essetech\hotelapp\Hotel-website-Django\.venv\Lib\site-packages\django\contrib\admin\sites.py", line 444, in login
    return LoginView.as_view(**defaults)(request)
           ~~~~~~~~~~~~~~~~~~~~~~~~~~~~~^^^^^^^^^
  File "C:\Users\HP\OneDrive\Documents\essetech\hotelapp\Hotel-website-Django\.venv\Lib\site-packages\django\views\generic\base.py", line 104, in view
    return self.dispatch(request, *args, **kwargs)
           ~~~~~~~~~~~~~^^^^^^^^^^^^^^^^^^^^^^^^^^
  File "C:\Users\HP\OneDrive\Documents\essetech\hotelapp\Hotel-website-Django\.venv\Lib\site-packages\django\utils\decorators.py", line 48, in _wrapper
    return bound_method(*args, **kwargs)
  File "C:\Users\HP\OneDrive\Documents\essetech\hotelapp\Hotel-website-Django\.venv\Lib\site-packages\django\utils\decorators.py", line 48, in _wrapper
    return bound_method(*args, **kwargs)
  File "C:\Users\HP\OneDrive\Documents\essetech\hotelapp\Hotel-website-Django\.venv\Lib\site-packages\django\views\decorators\debug.py", line 143, in sensitive_post_parameters_wrapper
    return view(request, *args, **kwargs)
  File "C:\Users\HP\OneDrive\Documents\essetech\hotelapp\Hotel-website-Django\.venv\Lib\site-packages\django\utils\decorators.py", line 48, in _wrapper
    return bound_method(*args, **kwargs)
  File "C:\Users\HP\OneDrive\Documents\essetech\hotelapp\Hotel-website-Django\.venv\Lib\site-packages\django\utils\decorators.py", line 188, in _view_wrapper
    result = _process_exception(request, e)
  File "C:\Users\HP\OneDrive\Documents\essetech\hotelapp\Hotel-website-Django\.venv\Lib\site-packages\django\utils\decorators.py", line 186, in _view_wrapper
    response = view_func(request, *args, **kwargs)
  File "C:\Users\HP\OneDrive\Documents\essetech\hotelapp\Hotel-website-Django\.venv\Lib\site-packages\django\utils\decorators.py", line 48, in _wrapper
    return bound_method(*args, **kwargs)
  File "C:\Users\HP\OneDrive\Documents\essetech\hotelapp\Hotel-website-Django\.venv\Lib\site-packages\django\views\decorators\cache.py", line 80, in _view_wrapper
    response = view_func(request, *args, **kwargs)
  File "C:\Users\HP\OneDrive\Documents\essetech\hotelapp\Hotel-website-Django\.venv\Lib\site-packages\django\contrib\auth\views.py", line 89, in dispatch
    return super().dispatch(request, *args, **kwargs)
           ~~~~~~~~~~~~~~~~^^^^^^^^^^^^^^^^^^^^^^^^^^
  File "C:\Users\HP\OneDrive\Documents\essetech\hotelapp\Hotel-website-Django\.venv\Lib\site-packages\django\views\generic\base.py", line 143, in dispatch
    return handler(request, *args, **kwargs)
  File "C:\Users\HP\OneDrive\Documents\essetech\hotelapp\Hotel-website-Django\.venv\Lib\site-packages\django\views\generic\edit.py", line 150, in post
    if form.is_valid():
       ~~~~~~~~~~~~~^^
  File "C:\Users\HP\OneDrive\Documents\essetech\hotelapp\Hotel-website-Django\.venv\Lib\site-packages\django\forms\forms.py", line 197, in is_valid
    return self.is_bound and not self.errors
                                 ^^^^^^^^^^^
  File "C:\Users\HP\OneDrive\Documents\essetech\hotelapp\Hotel-website-Django\.venv\Lib\site-packages\django\forms\forms.py", line 192, in errors
    self.full_clean()
    ~~~~~~~~~~~~~~~^^
  File "C:\Users\HP\OneDrive\Documents\essetech\hotelapp\Hotel-website-Django\.venv\Lib\site-packages\django\forms\forms.py", line 326, in full_clean
    self._clean_form()
    ~~~~~~~~~~~~~~~~^^
  File "C:\Users\HP\OneDrive\Documents\essetech\hotelapp\Hotel-website-Django\.venv\Lib\site-packages\django\forms\forms.py", line 342, in _clean_form
    cleaned_data = self.clean()
  File "C:\Users\HP\OneDrive\Documents\essetech\hotelapp\Hotel-website-Django\.venv\Lib\site-packages\django\contrib\auth\forms.py", line 356, in clean
    self.user_cache = authenticate(
                      ~~~~~~~~~~~~^
        self.request, username=username, password=password
        ^^^^^^^^^^^^^^^^^^^^^^^^^^^^^^^^^^^^^^^^^^^^^^^^^^
    )
    ^
  File "C:\Users\HP\OneDrive\Documents\essetech\hotelapp\Hotel-website-Django\.venv\Lib\site-packages\django\views\decorators\debug.py", line 75, in sensitive_variables_wrapper
    return func(*func_args, **func_kwargs)
  File "C:\Users\HP\OneDrive\Documents\essetech\hotelapp\Hotel-website-Django\.venv\Lib\site-packages\django\contrib\auth\__init__.py", line 79, in authenticate
    user = backend.authenticate(request, **credentials)
  File "C:\Users\HP\OneDrive\Documents\essetech\hotelapp\Hotel-website-Django\.venv\Lib\site-packages\django\contrib\auth\backends.py", line 42, in authenticate
    user = UserModel._default_manager.get_by_natural_key(username)
  File "C:\Users\HP\OneDrive\Documents\essetech\hotelapp\Hotel-website-Django\.venv\Lib\site-packages\django\contrib\auth\base_user.py", line 37, in get_by_natural_key
    return self.get(**{self.model.USERNAME_FIELD: username})
           ~~~~~~~~^^^^^^^^^^^^^^^^^^^^^^^^^^^^^^^^^^^^^^^^^
  File "C:\Users\HP\OneDrive\Documents\essetech\hotelapp\Hotel-website-Django\.venv\Lib\site-packages\django\db\models\manager.py", line 87, in manager_method
    return getattr(self.get_queryset(), name)(*args, **kwargs)
           ~~~~~~~~~~~~~~~~~~~~~~~~~~~~~~~~~~^^^^^^^^^^^^^^^^^
  File "C:\Users\HP\OneDrive\Documents\essetech\hotelapp\Hotel-website-Django\.venv\Lib\site-packages\django\db\models\query.py", line 645, in get
    num = len(clone)
  File "C:\Users\HP\OneDrive\Documents\essetech\hotelapp\Hotel-website-Django\.venv\Lib\site-packages\django\db\models\query.py", line 382, in __len__
    self._fetch_all()
    ~~~~~~~~~~~~~~~^^
  File "C:\Users\HP\OneDrive\Documents\essetech\hotelapp\Hotel-website-Django\.venv\Lib\site-packages\django\db\models\query.py", line 1928, in _fetch_all
    self._result_cache = list(self._iterable_class(self))
                         ~~~~^^^^^^^^^^^^^^^^^^^^^^^^^^^^
  File "C:\Users\HP\OneDrive\Documents\essetech\hotelapp\Hotel-website-Django\.venv\Lib\site-packages\django\db\models\query.py", line 91, in __iter__
    results = compiler.execute_sql(
        chunked_fetch=self.chunked_fetch, chunk_size=self.chunk_size
    )
  File "C:\Users\HP\OneDrive\Documents\essetech\hotelapp\Hotel-website-Django\.venv\Lib\site-packages\django\db\models\sql\compiler.py", line 1574, in execute_sql
    cursor.execute(sql, params)
    ~~~~~~~~~~~~~~^^^^^^^^^^^^^
  File "C:\Users\HP\OneDrive\Documents\essetech\hotelapp\Hotel-website-Django\.venv\Lib\site-packages\django\db\backends\utils.py", line 122, in execute
    return super().execute(sql, params)
           ~~~~~~~~~~~~~~~^^^^^^^^^^^^^
  File "C:\Users\HP\OneDrive\Documents\essetech\hotelapp\Hotel-website-Django\.venv\Lib\site-packages\django\db\backends\utils.py", line 79, in execute
    return self._execute_with_wrappers(
           ~~~~~~~~~~~~~~~~~~~~~~~~~~~^
        sql, params, many=False, executor=self._execute
        ^^^^^^^^^^^^^^^^^^^^^^^^^^^^^^^^^^^^^^^^^^^^^^^
    )
    ^
  File "C:\Users\HP\OneDrive\Documents\essetech\hotelapp\Hotel-website-Django\.venv\Lib\site-packages\django\db\backends\utils.py", line 92, in _execute_with_wrappers
    return executor(sql, params, many, context)
  File "C:\Users\HP\OneDrive\Documents\essetech\hotelapp\Hotel-website-Django\.venv\Lib\site-packages\django\db\backends\utils.py", line 100, in _execute
    with self.db.wrap_database_errors:
         ^^^^^^^^^^^^^^^^^^^^^^^^^^^^
  File "C:\Users\HP\OneDrive\Documents\essetech\hotelapp\Hotel-website-Django\.venv\Lib\site-packages\django\db\utils.py", line 91, in __exit__
    raise dj_exc_value.with_traceback(traceback) from exc_value
  File "C:\Users\HP\OneDrive\Documents\essetech\hotelapp\Hotel-website-Django\.venv\Lib\site-packages\django\db\backends\utils.py", line 105, in _execute
    return self.cursor.execute(sql, params)
           ~~~~~~~~~~~~~~~~~~~^^^^^^^^^^^^^
  File "C:\Users\HP\OneDrive\Documents\essetech\hotelapp\Hotel-website-Django\.venv\Lib\site-packages\django\db\backends\sqlite3\base.py", line 354, in execute
    return super().execute(query, params)
           ~~~~~~~~~~~~~~~^^^^^^^^^^^^^^^
django.db.utils.OperationalError: no such table: core_customuser
ERROR 2025-09-06 02:13:58,506 basehttp 23216 10904 "POST /admin/login/?next=/admin/ HTTP/1.1" 500 261743
INFO 2025-09-06 02:16:45,061 autoreload 20220 14704 Watching for file changes with StatReloader
INFO 2025-09-06 02:16:47,739 basehttp 20220 19144 "POST /admin/login/?next=/admin/ HTTP/1.1" 200 4514
INFO 2025-09-06 02:17:01,825 basehttp 20220 4032 "GET / HTTP/1.1" 200 11110
INFO 2025-09-06 02:17:01,960 basehttp 20220 4032 "GET /static/css/dist/styles.css?v=1757168221 HTTP/1.1" 200 104504
INFO 2025-09-06 02:17:07,595 basehttp 20220 15060 "GET /admin/ HTTP/1.1" 302 0
INFO 2025-09-06 02:17:07,650 basehttp 20220 15060 "GET /admin/login/?next=/admin/ HTTP/1.1" 200 4350
INFO 2025-09-06 02:17:15,576 basehttp 20220 19660 "POST /admin/login/?next=/admin/ HTTP/1.1" 200 4514
INFO 2025-09-06 02:18:00,075 autoreload 4384 7176 Watching for file changes with StatReloader
INFO 2025-09-06 02:18:01,712 basehttp 4384 15616 "POST /admin/login/?next=/admin/ HTTP/1.1" 302 0
INFO 2025-09-06 02:18:01,818 basehttp 4384 15616 "GET /admin/ HTTP/1.1" 200 14187
INFO 2025-09-06 02:18:29,011 basehttp 4384 13332 "GET / HTTP/1.1" 200 14512
INFO 2025-09-06 02:18:29,136 basehttp 4384 13332 "GET /static/css/dist/styles.css?v=1757168308 HTTP/1.1" 200 104504
INFO 2025-09-06 02:18:41,303 basehttp 4384 15872 "GET /admin/ HTTP/1.1" 200 14187
INFO 2025-09-06 02:19:06,520 basehttp 4384 8820 "GET /admin/core/customuser/ HTTP/1.1" 200 17448
INFO 2025-09-06 02:19:06,636 basehttp 4384 8820 "GET /admin/jsi18n/ HTTP/1.1" 200 3342
INFO 2025-09-06 02:20:03,653 basehttp 4384 13156 "GET /admin/core/staff/ HTTP/1.1" 200 13247
INFO 2025-09-06 02:20:03,779 basehttp 4384 13156 "GET /admin/jsi18n/ HTTP/1.1" 200 3342
INFO 2025-09-06 02:20:06,847 basehttp 4384 21980 "GET /admin/core/service/ HTTP/1.1" 200 15172
INFO 2025-09-06 02:20:06,974 basehttp 4384 21980 "GET /admin/jsi18n/ HTTP/1.1" 200 3342
INFO 2025-09-06 02:20:09,375 basehttp 4384 14312 "GET /admin/core/room/ HTTP/1.1" 200 15323
INFO 2025-09-06 02:20:09,464 basehttp 4384 14312 "GET /admin/jsi18n/ HTTP/1.1" 200 3342
INFO 2025-09-06 02:20:11,155 basehttp 4384 17764 "GET /admin/core/reservation/ HTTP/1.1" 200 13291
INFO 2025-09-06 02:20:11,267 basehttp 4384 17764 "GET /admin/jsi18n/ HTTP/1.1" 200 3342
INFO 2025-09-06 02:20:13,020 basehttp 4384 22132 "GET /admin/core/rating/ HTTP/1.1" 200 13256
INFO 2025-09-06 02:20:13,097 basehttp 4384 22132 "GET /admin/jsi18n/ HTTP/1.1" 200 3342
INFO 2025-09-06 02:20:16,910 basehttp 4384 14588 "GET /admin/core/ourroomsimage/ HTTP/1.1" 200 13315
INFO 2025-09-06 02:20:16,984 basehttp 4384 14588 "GET /admin/jsi18n/ HTTP/1.1" 200 3342
INFO 2025-09-06 02:20:19,673 basehttp 4384 9536 "GET /admin/core/booking/ HTTP/1.1" 200 13298
INFO 2025-09-06 02:20:19,779 basehttp 4384 9536 "GET /admin/jsi18n/ HTTP/1.1" 200 3342
INFO 2025-09-06 02:20:22,055 basehttp 4384 9660 "GET /admin/core/manager/ HTTP/1.1" 200 13588
INFO 2025-09-06 02:20:22,136 basehttp 4384 9660 "GET /admin/jsi18n/ HTTP/1.1" 200 3342
INFO 2025-09-06 02:20:24,774 basehttp 4384 18360 "GET /admin/core/lead/ HTTP/1.1" 200 14873
INFO 2025-09-06 02:20:24,849 basehttp 4384 18360 "GET /admin/jsi18n/ HTTP/1.1" 200 3342
INFO 2025-09-06 02:20:27,139 basehttp 4384 20016 "GET /admin/core/hotel/ HTTP/1.1" 200 15124
INFO 2025-09-06 02:20:27,230 basehttp 4384 20016 "GET /admin/jsi18n/ HTTP/1.1" 200 3342
INFO 2025-09-06 02:20:29,108 basehttp 4384 23048 "GET /admin/core/guest/ HTTP/1.1" 200 13249
INFO 2025-09-06 02:20:29,205 basehttp 4384 23048 "GET /admin/jsi18n/ HTTP/1.1" 200 3342
INFO 2025-09-06 02:20:32,429 basehttp 4384 19872 "GET /admin/core/customuser/ HTTP/1.1" 200 17448
INFO 2025-09-06 02:20:32,532 basehttp 4384 19872 "GET /admin/jsi18n/ HTTP/1.1" 200 3342
INFO 2025-09-06 02:20:34,595 basehttp 4384 16936 "GET /admin/core/customuser/add/ HTTP/1.1" 200 17989
INFO 2025-09-06 02:20:34,672 basehttp 4384 16936 "GET /static/admin/css/forms.css HTTP/1.1" 200 8794
INFO 2025-09-06 02:20:34,690 basehttp 4384 16452 "GET /static/admin/css/unusable_password_field.css HTTP/1.1" 200 663
INFO 2025-09-06 02:20:34,706 basehttp 4384 16936 "GET /static/admin/css/widgets.css HTTP/1.1" 200 11564
INFO 2025-09-06 02:20:34,738 basehttp 4384 18452 "GET /admin/jsi18n/ HTTP/1.1" 200 3342
INFO 2025-09-06 02:20:34,752 basehttp 4384 19216 "GET /static/admin/js/prepopulate_init.js HTTP/1.1" 200 586
INFO 2025-09-06 02:20:34,779 basehttp 4384 19216 "GET /static/admin/js/unusable_password_field.js HTTP/1.1" 200 1480
INFO 2025-09-06 02:20:34,856 basehttp 4384 18452 "GET /static/admin/js/change_form.js HTTP/1.1" 200 606
INFO 2025-09-06 02:24:28,433 autoreload 4384 7176 C:\Users\HP\OneDrive\Documents\essetech\hotelapp\Hotel-website-Django\hotelapp\core\admin.py changed, reloading.
INFO 2025-09-06 02:24:30,280 autoreload 20968 17160 Watching for file changes with StatReloader
INFO 2025-09-06 02:24:31,565 autoreload 20968 17160 C:\Users\HP\OneDrive\Documents\essetech\hotelapp\Hotel-website-Django\hotelapp\core\admin.py changed, reloading.
INFO 2025-09-06 02:24:32,633 autoreload 15640 2788 Watching for file changes with StatReloader
INFO 2025-09-06 02:24:53,047 autoreload 15640 2788 C:\Users\HP\OneDrive\Documents\essetech\hotelapp\Hotel-website-Django\hotelapp\core\admin.py changed, reloading.
INFO 2025-09-06 02:24:54,041 autoreload 18624 13820 Watching for file changes with StatReloader
INFO 2025-09-06 02:25:27,872 autoreload 18624 13820 C:\Users\HP\OneDrive\Documents\essetech\hotelapp\Hotel-website-Django\hotelapp\core\admin.py changed, reloading.
INFO 2025-09-06 02:25:28,904 autoreload 8660 24516 Watching for file changes with StatReloader
INFO 2025-09-06 02:25:40,122 autoreload 19556 11920 Watching for file changes with StatReloader
INFO 2025-09-06 02:26:03,384 autoreload 19556 11920 C:\Users\HP\OneDrive\Documents\essetech\hotelapp\Hotel-website-Django\hotelapp\core\admin.py changed, reloading.
INFO 2025-09-06 02:26:04,359 autoreload 14184 4292 Watching for file changes with StatReloader
INFO 2025-09-06 02:26:05,534 basehttp 14184 1064 "GET /admin/core/customuser/add/ HTTP/1.1" 200 17989
INFO 2025-09-06 02:26:05,663 basehttp 14184 1064 "GET /admin/jsi18n/ HTTP/1.1" 200 3342
INFO 2025-09-06 02:26:39,892 autoreload 14184 4292 C:\Users\HP\OneDrive\Documents\essetech\hotelapp\Hotel-website-Django\hotelapp\core\admin.py changed, reloading.
INFO 2025-09-06 02:26:43,507 autoreload 9692 9620 Watching for file changes with StatReloader
INFO 2025-09-06 02:26:45,788 basehttp 9692 12036 "GET /admin/core/customuser/add/ HTTP/1.1" 200 17989
INFO 2025-09-06 02:26:46,757 basehttp 9692 12036 "GET /admin/jsi18n/ HTTP/1.1" 200 3342
INFO 2025-09-06 02:26:53,064 autoreload 9692 9620 C:\Users\HP\OneDrive\Documents\essetech\hotelapp\Hotel-website-Django\hotelapp\core\admin.py changed, reloading.
INFO 2025-09-06 02:26:56,180 autoreload 16836 12472 Watching for file changes with StatReloader
INFO 2025-09-06 02:26:57,551 basehttp 16836 13700 "GET /admin/core/customuser/add/ HTTP/1.1" 200 27317
INFO 2025-09-06 02:26:57,711 basehttp 16836 13700 "GET /admin/jsi18n/ HTTP/1.1" 200 3342
INFO 2025-09-06 02:26:57,937 basehttp 16836 10060 "GET /static/admin/js/inlines.js HTTP/1.1" 200 15526
INFO 2025-09-06 02:26:58,069 basehttp 16836 10060 "GET /static/admin/img/inline-delete.svg HTTP/1.1" 200 560
INFO 2025-09-06 02:27:01,607 basehttp 16836 13700 "GET /admin/core/customuser/add/ HTTP/1.1" 200 27317
INFO 2025-09-06 02:27:01,700 basehttp 16836 13700 "GET /admin/jsi18n/ HTTP/1.1" 200 3342
INFO 2025-09-06 02:27:06,137 basehttp 16836 12868 "GET /admin/core/hotel/add/?_to_field=id&_popup=1 HTTP/1.1" 200 11800
INFO 2025-09-06 02:27:06,231 basehttp 16836 12868 "GET /admin/jsi18n/ HTTP/1.1" 200 3342
INFO 2025-09-06 02:27:06,288 basehttp 16836 18500 "GET /static/admin/js/SelectFilter2.js HTTP/1.1" 200 15502
INFO 2025-09-06 02:27:06,295 basehttp 16836 17232 "GET /static/admin/js/SelectBox.js HTTP/1.1" 200 4530
INFO 2025-09-06 02:27:06,424 basehttp 16836 17232 "GET /static/admin/img/selector-icons.svg HTTP/1.1" 200 3291
INFO 2025-09-06 02:31:01,756 autoreload 16836 12472 C:\Users\HP\OneDrive\Documents\essetech\hotelapp\Hotel-website-Django\hotelapp\account\views.py changed, reloading.
INFO 2025-09-06 02:31:03,083 autoreload 4108 12248 Watching for file changes with StatReloader
INFO 2025-09-06 02:34:28,544 autoreload 4108 12248 C:\Users\HP\OneDrive\Documents\essetech\hotelapp\Hotel-website-Django\hotelapp\account\views.py changed, reloading.
INFO 2025-09-06 02:34:30,852 autoreload 17544 1104 Watching for file changes with StatReloader
INFO 2025-09-06 02:34:35,473 autoreload 17544 1104 C:\Users\HP\OneDrive\Documents\essetech\hotelapp\Hotel-website-Django\hotelapp\account\views.py changed, reloading.
INFO 2025-09-06 02:34:36,593 autoreload 2440 9996 Watching for file changes with StatReloader
INFO 2025-09-06 02:34:39,475 autoreload 2440 9996 C:\Users\HP\OneDrive\Documents\essetech\hotelapp\Hotel-website-Django\hotelapp\account\views.py changed, reloading.
INFO 2025-09-06 02:34:40,492 autoreload 18820 14832 Watching for file changes with StatReloader
INFO 2025-09-06 02:34:45,923 autoreload 18820 14832 C:\Users\HP\OneDrive\Documents\essetech\hotelapp\Hotel-website-Django\hotelapp\account\views.py changed, reloading.
INFO 2025-09-06 02:34:47,352 autoreload 18156 18372 Watching for file changes with StatReloader
INFO 2025-09-06 02:35:37,456 autoreload 18156 18372 C:\Users\HP\OneDrive\Documents\essetech\hotelapp\Hotel-website-Django\hotelapp\account\views.py changed, reloading.
INFO 2025-09-06 02:35:39,737 autoreload 17880 8976 Watching for file changes with StatReloader
INFO 2025-09-06 02:35:43,095 autoreload 17880 8976 C:\Users\HP\OneDrive\Documents\essetech\hotelapp\Hotel-website-Django\hotelapp\account\views.py changed, reloading.
INFO 2025-09-06 02:35:44,787 autoreload 2088 15464 Watching for file changes with StatReloader
INFO 2025-09-06 02:35:49,635 autoreload 2088 15464 C:\Users\HP\OneDrive\Documents\essetech\hotelapp\Hotel-website-Django\hotelapp\account\views.py changed, reloading.
INFO 2025-09-06 02:35:50,577 autoreload 22120 19712 Watching for file changes with StatReloader
INFO 2025-09-06 02:36:51,518 autoreload 22120 19712 C:\Users\HP\OneDrive\Documents\essetech\hotelapp\Hotel-website-Django\hotelapp\account\views.py changed, reloading.
INFO 2025-09-06 02:36:52,761 autoreload 4248 22888 Watching for file changes with StatReloader
INFO 2025-09-06 02:36:56,134 autoreload 4248 22888 C:\Users\HP\OneDrive\Documents\essetech\hotelapp\Hotel-website-Django\hotelapp\account\views.py changed, reloading.
INFO 2025-09-06 02:36:57,834 autoreload 3008 8436 Watching for file changes with StatReloader
INFO 2025-09-06 02:37:03,249 autoreload 3008 8436 C:\Users\HP\OneDrive\Documents\essetech\hotelapp\Hotel-website-Django\hotelapp\account\views.py changed, reloading.
INFO 2025-09-06 02:37:04,589 autoreload 7960 13844 Watching for file changes with StatReloader
INFO 2025-09-06 02:37:08,069 autoreload 7960 13844 C:\Users\HP\OneDrive\Documents\essetech\hotelapp\Hotel-website-Django\hotelapp\account\views.py changed, reloading.
INFO 2025-09-06 02:37:09,072 autoreload 18952 8756 Watching for file changes with StatReloader
INFO 2025-09-06 02:37:11,385 autoreload 18952 8756 C:\Users\HP\OneDrive\Documents\essetech\hotelapp\Hotel-website-Django\hotelapp\account\views.py changed, reloading.
INFO 2025-09-06 02:37:12,314 autoreload 1644 3512 Watching for file changes with StatReloader
INFO 2025-09-06 02:37:18,423 autoreload 1644 3512 C:\Users\HP\OneDrive\Documents\essetech\hotelapp\Hotel-website-Django\hotelapp\account\views.py changed, reloading.
INFO 2025-09-06 02:37:19,865 autoreload 17884 22480 Watching for file changes with StatReloader
INFO 2025-09-06 02:37:24,711 autoreload 17884 22480 C:\Users\HP\OneDrive\Documents\essetech\hotelapp\Hotel-website-Django\hotelapp\account\views.py changed, reloading.
INFO 2025-09-06 02:37:25,853 autoreload 15292 5108 Watching for file changes with StatReloader
INFO 2025-09-06 02:37:30,812 autoreload 15292 5108 C:\Users\HP\OneDrive\Documents\essetech\hotelapp\Hotel-website-Django\hotelapp\account\views.py changed, reloading.
INFO 2025-09-06 02:37:31,720 autoreload 3352 6448 Watching for file changes with StatReloader
INFO 2025-09-06 02:38:04,322 autoreload 3352 6448 C:\Users\HP\OneDrive\Documents\essetech\hotelapp\Hotel-website-Django\hotelapp\account\views.py changed, reloading.
INFO 2025-09-06 02:38:05,483 autoreload 14480 15028 Watching for file changes with StatReloader
INFO 2025-09-06 02:38:10,795 autoreload 14480 15028 C:\Users\HP\OneDrive\Documents\essetech\hotelapp\Hotel-website-Django\hotelapp\account\views.py changed, reloading.
INFO 2025-09-06 02:38:11,658 autoreload 17796 9684 Watching for file changes with StatReloader
INFO 2025-09-06 02:39:10,562 autoreload 17796 9684 C:\Users\HP\OneDrive\Documents\essetech\hotelapp\Hotel-website-Django\hotelapp\core\admin.py changed, reloading.
INFO 2025-09-06 02:39:11,749 autoreload 21176 24120 Watching for file changes with StatReloader
INFO 2025-09-06 02:39:19,003 basehttp 21176 13884 "GET /admin/core/customuser/add/ HTTP/1.1" 200 26711
INFO 2025-09-06 02:39:19,074 basehttp 21176 13884 "GET /admin/jsi18n/ HTTP/1.1" 200 3342
INFO 2025-09-06 02:40:50,825 basehttp 21176 7436 "GET /admin/core/hotel/add/?_to_field=id&_popup=1 HTTP/1.1" 200 11800
INFO 2025-09-06 02:40:50,906 basehttp 21176 7436 "GET /admin/jsi18n/ HTTP/1.1" 200 3342
INFO 2025-09-06 02:42:56,145 basehttp 21176 7436 "POST /admin/core/hotel/add/?_to_field=id&_popup=1 HTTP/1.1" 200 523
INFO 2025-09-06 02:42:56,193 basehttp 21176 7436 "GET /static/admin/js/popup_response.js HTTP/1.1" 200 532
INFO 2025-09-06 02:43:06,135 basehttp 21176 7436 "POST /admin/core/customuser/add/ HTTP/1.1" 302 0
INFO 2025-09-06 02:43:06,295 basehttp 21176 7436 "GET /admin/core/customuser/2/change/ HTTP/1.1" 200 41392
INFO 2025-09-06 02:43:06,408 basehttp 21176 7436 "GET /static/admin/js/calendar.js HTTP/1.1" 200 9141
INFO 2025-09-06 02:43:06,413 basehttp 21176 22500 "GET /admin/jsi18n/ HTTP/1.1" 200 3342
INFO 2025-09-06 02:43:06,471 basehttp 21176 9392 "GET /static/admin/js/admin/DateTimeShortcuts.js HTTP/1.1" 200 19319
INFO 2025-09-06 02:43:06,611 basehttp 21176 7436 "GET /static/admin/img/icon-unknown-alt.svg HTTP/1.1" 200 655
INFO 2025-09-06 02:43:06,612 basehttp 21176 22500 "GET /static/admin/img/icon-unknown.svg HTTP/1.1" 200 655
INFO 2025-09-06 02:43:06,620 basehttp 21176 4868 "GET /static/admin/img/icon-clock.svg HTTP/1.1" 200 677
INFO 2025-09-06 02:43:06,672 basehttp 21176 3692 "GET /static/admin/img/icon-calendar.svg HTTP/1.1" 200 1086
INFO 2025-09-06 02:43:25,263 basehttp 21176 3692 "GET /admin/core/manager/ HTTP/1.1" 200 15671
INFO 2025-09-06 02:43:25,344 basehttp 21176 3692 "GET /admin/jsi18n/ HTTP/1.1" 200 3342
INFO 2025-09-06 02:43:29,032 basehttp 21176 4868 "GET / HTTP/1.1" 200 14512
INFO 2025-09-06 02:43:29,097 basehttp 21176 4868 "GET /static/css/dist/styles.css?v=1757169809 HTTP/1.1" 200 104504
INFO 2025-09-06 02:43:34,958 basehttp 21176 7436 "GET /logout_user/ HTTP/1.1" 302 0
INFO 2025-09-06 02:43:34,986 basehttp 21176 7436 "GET / HTTP/1.1" 200 13159
INFO 2025-09-06 02:43:35,084 basehttp 21176 7436 "GET /static/css/dist/styles.css?v=1757169814 HTTP/1.1" 200 104504
INFO 2025-09-06 02:43:37,336 basehttp 21176 22500 "GET /sign_up/ HTTP/1.1" 200 16069
INFO 2025-09-06 02:43:37,427 basehttp 21176 22500 "GET /static/css/dist/styles.css?v=1757169817 HTTP/1.1" 200 104504
INFO 2025-09-06 02:43:39,862 basehttp 21176 17636 "GET /login/ HTTP/1.1" 200 11508
INFO 2025-09-06 02:43:39,911 basehttp 21176 17636 "GET /static/css/dist/styles.css?v=1757169819 HTTP/1.1" 200 104504
INFO 2025-09-06 02:44:00,960 basehttp 21176 7180 "POST /login/ HTTP/1.1" 302 0
INFO 2025-09-06 02:44:00,987 basehttp 21176 7180 "GET / HTTP/1.1" 200 16775
INFO 2025-09-06 02:44:01,054 basehttp 21176 7180 "GET /static/css/dist/styles.css?v=1757169840 HTTP/1.1" 200 104504
INFO 2025-09-06 02:45:30,302 autoreload 21176 24120 C:\Users\HP\OneDrive\Documents\essetech\hotelapp\Hotel-website-Django\hotelapp\account\views.py changed, reloading.
INFO 2025-09-06 02:45:31,511 autoreload 11928 23960 Watching for file changes with StatReloader
INFO 2025-09-06 02:45:32,620 basehttp 11928 7344 "GET / HTTP/1.1" 200 14728
INFO 2025-09-06 02:45:32,745 basehttp 11928 7344 "GET /static/css/dist/styles.css?v=1757169932 HTTP/1.1" 200 104504
INFO 2025-09-06 02:45:55,389 basehttp 11928 13096 "GET /logout_user/ HTTP/1.1" 302 0
INFO 2025-09-06 02:45:55,412 basehttp 11928 13096 "GET / HTTP/1.1" 200 13159
INFO 2025-09-06 02:45:55,462 basehttp 11928 13096 "GET /static/css/dist/styles.css?v=1757169955 HTTP/1.1" 200 104504
INFO 2025-09-06 02:45:57,455 basehttp 11928 21404 "GET /sign_up/ HTTP/1.1" 200 16069
INFO 2025-09-06 02:45:57,546 basehttp 11928 21404 "GET /static/css/dist/styles.css?v=1757169957 HTTP/1.1" 200 104504
INFO 2025-09-06 02:45:59,359 basehttp 11928 14860 "GET /login/ HTTP/1.1" 200 11508
INFO 2025-09-06 02:45:59,442 basehttp 11928 14860 "GET /static/css/dist/styles.css?v=1757169959 HTTP/1.1" 200 104504
INFO 2025-09-06 02:46:13,811 basehttp 11928 12080 "POST /login/ HTTP/1.1" 302 0
INFO 2025-09-06 02:46:14,029 basehttp 11928 12080 "GET /dashboard/ HTTP/1.1" 200 56171
INFO 2025-09-06 02:46:14,083 basehttp 11928 12080 "GET /static/css/dist/styles.css?v=1757169973 HTTP/1.1" 200 104504
INFO 2025-09-06 02:46:48,546 basehttp 11928 22760 "GET /add-room/ HTTP/1.1" 200 40800
INFO 2025-09-06 02:46:48,630 basehttp 11928 22760 "GET /static/css/dist/styles.css?v=1757170008 HTTP/1.1" 200 104504
INFO 2025-09-06 02:47:21,862 basehttp 11928 16488 "GET /services/ HTTP/1.1" 200 31397
INFO 2025-09-06 02:47:21,976 basehttp 11928 16488 "GET /static/css/dist/styles.css?v=1757170041 HTTP/1.1" 200 104504
INFO 2025-09-06 02:47:23,855 basehttp 11928 16028 "GET /services/ HTTP/1.1" 200 31397
INFO 2025-09-06 02:47:23,918 basehttp 11928 16028 "GET /static/css/dist/styles.css?v=1757170043 HTTP/1.1" 200 104504
WARNING 2025-09-06 02:47:25,717 log 11928 18940 Not Found: /api/mark-guests-seen/
WARNING 2025-09-06 02:47:25,719 basehttp 11928 18940 "POST /api/mark-guests-seen/ HTTP/1.1" 404 13454
INFO 2025-09-06 02:47:25,752 basehttp 11928 8564 "GET /guest/ HTTP/1.1" 200 20208
INFO 2025-09-06 02:47:25,811 basehttp 11928 8564 "GET /static/css/dist/styles.css?v=1757170045 HTTP/1.1" 200 104504
WARNING 2025-09-06 02:47:37,431 log 11928 18940 Not Found: /api/mark-reservations-seen/
WARNING 2025-09-06 02:47:37,431 basehttp 11928 18940 "POST /api/mark-reservations-seen/ HTTP/1.1" 404 13472
INFO 2025-09-06 02:47:37,490 basehttp 11928 23052 "GET /reservation/ HTTP/1.1" 200 40192
INFO 2025-09-06 02:47:37,534 basehttp 11928 23052 "GET /static/css/dist/styles.css?v=1757170057 HTTP/1.1" 200 104504
INFO 2025-09-06 02:47:46,679 basehttp 11928 18940 "GET /manage-hotel-account/ HTTP/1.1" 200 44371
INFO 2025-09-06 02:47:46,733 basehttp 11928 18940 "GET /static/css/dist/styles.css?v=1757170066 HTTP/1.1" 200 104504
INFO 2025-09-06 02:48:05,283 basehttp 11928 20240 "POST /manage-hotel-account/ HTTP/1.1" 302 0
INFO 2025-09-06 02:48:05,316 basehttp 11928 20240 "GET /manage-hotel-account/ HTTP/1.1" 200 47325
INFO 2025-09-06 02:48:05,362 basehttp 11928 20240 "GET /static/css/dist/styles.css?v=1757170085 HTTP/1.1" 200 104504
INFO 2025-09-06 02:48:14,122 basehttp 11928 9980 "POST /manage-hotel-account/ HTTP/1.1" 302 0
INFO 2025-09-06 02:48:14,171 basehttp 11928 9980 "GET /manage-hotel-account/ HTTP/1.1" 200 48113
INFO 2025-09-06 02:48:14,217 basehttp 11928 9980 "GET /static/css/dist/styles.css?v=1757170094 HTTP/1.1" 200 104504
INFO 2025-09-06 02:48:27,019 basehttp 11928 17336 "POST /manage-hotel-account/ HTTP/1.1" 302 0
INFO 2025-09-06 02:48:27,054 basehttp 11928 17336 "GET /manage-hotel-account/ HTTP/1.1" 200 48915
INFO 2025-09-06 02:48:27,090 basehttp 11928 17336 "GET /static/css/dist/styles.css?v=1757170107 HTTP/1.1" 200 104504
INFO 2025-09-06 02:48:55,161 basehttp 11928 16408 "POST /manage-hotel-account/ HTTP/1.1" 302 0
INFO 2025-09-06 02:48:55,201 basehttp 11928 16408 "GET /manage-hotel-account/ HTTP/1.1" 200 48927
INFO 2025-09-06 02:48:55,250 basehttp 11928 16408 "GET /static/css/dist/styles.css?v=1757170135 HTTP/1.1" 200 104504
ERROR 2025-09-06 02:48:56,934 log 11928 14380 Internal Server Error: /manage-account/
Traceback (most recent call last):
  File "C:\Users\HP\OneDrive\Documents\essetech\hotelapp\Hotel-website-Django\.venv\Lib\site-packages\django\core\handlers\exception.py", line 55, in inner
    response = get_response(request)
  File "C:\Users\HP\OneDrive\Documents\essetech\hotelapp\Hotel-website-Django\.venv\Lib\site-packages\django\core\handlers\base.py", line 197, in _get_response
    response = wrapped_callback(request, *callback_args, **callback_kwargs)
  File "C:\Users\HP\OneDrive\Documents\essetech\hotelapp\Hotel-website-Django\hotelapp\account\views.py", line 178, in manage_account
    p_form = UserUpdateForm(instance=request.user.profilemodel)
                                     ^^^^^^^^^^^^^^^^^^^^^^^^^
  File "C:\Users\HP\OneDrive\Documents\essetech\hotelapp\Hotel-website-Django\.venv\Lib\site-packages\django\utils\functional.py", line 253, in inner
    return func(_wrapped, *args)
  File "C:\Users\HP\OneDrive\Documents\essetech\hotelapp\Hotel-website-Django\.venv\Lib\site-packages\django\db\models\fields\related_descriptors.py", line 531, in __get__
    raise self.RelatedObjectDoesNotExist(
    ...<2 lines>...
    )
core.models.CustomUser.profilemodel.RelatedObjectDoesNotExist: CustomUser has no profilemodel.
ERROR 2025-09-06 02:48:56,941 basehttp 11928 14380 "GET /manage-account/ HTTP/1.1" 500 83911
INFO 2025-09-06 02:55:00,820 autoreload 11928 23960 C:\Users\HP\OneDrive\Documents\essetech\hotelapp\Hotel-website-Django\hotelapp\account\models.py changed, reloading.
INFO 2025-09-06 02:55:02,045 autoreload 9676 19208 Watching for file changes with StatReloader
ERROR 2025-09-06 02:55:03,177 log 9676 1356 Internal Server Error: /manage-account/
Traceback (most recent call last):
  File "C:\Users\HP\OneDrive\Documents\essetech\hotelapp\Hotel-website-Django\.venv\Lib\site-packages\django\core\handlers\exception.py", line 55, in inner
    response = get_response(request)
  File "C:\Users\HP\OneDrive\Documents\essetech\hotelapp\Hotel-website-Django\.venv\Lib\site-packages\django\core\handlers\base.py", line 197, in _get_response
    response = wrapped_callback(request, *callback_args, **callback_kwargs)
  File "C:\Users\HP\OneDrive\Documents\essetech\hotelapp\Hotel-website-Django\hotelapp\account\views.py", line 178, in manage_account
    p_form = UserUpdateForm(instance=request.user.profilemodel)
                                     ^^^^^^^^^^^^^^^^^^^^^^^^^
  File "C:\Users\HP\OneDrive\Documents\essetech\hotelapp\Hotel-website-Django\.venv\Lib\site-packages\django\utils\functional.py", line 253, in inner
    return func(_wrapped, *args)
AttributeError: 'CustomUser' object has no attribute 'profilemodel'
ERROR 2025-09-06 02:55:03,256 basehttp 9676 1356 "GET /manage-account/ HTTP/1.1" 500 79195
INFO 2025-09-06 02:55:19,860 autoreload 9676 19208 C:\Users\HP\OneDrive\Documents\essetech\hotelapp\Hotel-website-Django\hotelapp\account\models.py changed, reloading.
INFO 2025-09-06 02:55:20,896 autoreload 14276 3372 Watching for file changes with StatReloader
ERROR 2025-09-06 02:55:22,147 log 14276 13376 Internal Server Error: /manage-account/
Traceback (most recent call last):
  File "C:\Users\HP\OneDrive\Documents\essetech\hotelapp\Hotel-website-Django\.venv\Lib\site-packages\django\core\handlers\exception.py", line 55, in inner
    response = get_response(request)
  File "C:\Users\HP\OneDrive\Documents\essetech\hotelapp\Hotel-website-Django\.venv\Lib\site-packages\django\core\handlers\base.py", line 197, in _get_response
    response = wrapped_callback(request, *callback_args, **callback_kwargs)
  File "C:\Users\HP\OneDrive\Documents\essetech\hotelapp\Hotel-website-Django\hotelapp\account\views.py", line 178, in manage_account
    p_form = UserUpdateForm(instance=request.user.profilemodel)
                                     ^^^^^^^^^^^^^^^^^^^^^^^^^
  File "C:\Users\HP\OneDrive\Documents\essetech\hotelapp\Hotel-website-Django\.venv\Lib\site-packages\django\utils\functional.py", line 253, in inner
    return func(_wrapped, *args)
  File "C:\Users\HP\OneDrive\Documents\essetech\hotelapp\Hotel-website-Django\.venv\Lib\site-packages\django\db\models\fields\related_descriptors.py", line 531, in __get__
    raise self.RelatedObjectDoesNotExist(
    ...<2 lines>...
    )
core.models.CustomUser.profilemodel.RelatedObjectDoesNotExist: CustomUser has no profilemodel.
ERROR 2025-09-06 02:55:22,240 basehttp 14276 13376 "GET /manage-account/ HTTP/1.1" 500 83911
INFO 2025-09-06 02:56:23,719 autoreload 14276 3372 C:\Users\HP\OneDrive\Documents\essetech\hotelapp\Hotel-website-Django\hotelapp\account\signals.py changed, reloading.
INFO 2025-09-06 02:56:24,969 autoreload 2752 12576 Watching for file changes with StatReloader
INFO 2025-09-06 02:56:26,235 autoreload 2752 12576 C:\Users\HP\OneDrive\Documents\essetech\hotelapp\Hotel-website-Django\hotelapp\account\signals.py changed, reloading.
INFO 2025-09-06 02:56:27,149 autoreload 24100 10192 Watching for file changes with StatReloader
INFO 2025-09-06 02:56:51,982 autoreload 24100 10192 C:\Users\HP\OneDrive\Documents\essetech\hotelapp\Hotel-website-Django\hotelapp\account\signals.py changed, reloading.
INFO 2025-09-06 02:56:52,826 autoreload 11536 18840 Watching for file changes with StatReloader
INFO 2025-09-06 02:57:01,277 autoreload 11536 18840 C:\Users\HP\OneDrive\Documents\essetech\hotelapp\Hotel-website-Django\hotelapp\account\signals.py changed, reloading.
INFO 2025-09-06 02:57:02,071 autoreload 18232 15072 Watching for file changes with StatReloader
ERROR 2025-09-06 02:57:02,940 log 18232 17832 Internal Server Error: /manage-account/
Traceback (most recent call last):
  File "C:\Users\HP\OneDrive\Documents\essetech\hotelapp\Hotel-website-Django\.venv\Lib\site-packages\django\core\handlers\exception.py", line 55, in inner
    response = get_response(request)
  File "C:\Users\HP\OneDrive\Documents\essetech\hotelapp\Hotel-website-Django\.venv\Lib\site-packages\django\core\handlers\base.py", line 197, in _get_response
    response = wrapped_callback(request, *callback_args, **callback_kwargs)
  File "C:\Users\HP\OneDrive\Documents\essetech\hotelapp\Hotel-website-Django\hotelapp\account\views.py", line 178, in manage_account
    p_form = UserUpdateForm(instance=request.user.profilemodel)
                                     ^^^^^^^^^^^^^^^^^^^^^^^^^
  File "C:\Users\HP\OneDrive\Documents\essetech\hotelapp\Hotel-website-Django\.venv\Lib\site-packages\django\utils\functional.py", line 253, in inner
    return func(_wrapped, *args)
  File "C:\Users\HP\OneDrive\Documents\essetech\hotelapp\Hotel-website-Django\.venv\Lib\site-packages\django\db\models\fields\related_descriptors.py", line 531, in __get__
    raise self.RelatedObjectDoesNotExist(
    ...<2 lines>...
    )
core.models.CustomUser.profilemodel.RelatedObjectDoesNotExist: CustomUser has no profilemodel.
ERROR 2025-09-06 02:57:02,976 basehttp 18232 17832 "GET /manage-account/ HTTP/1.1" 500 83911
INFO 2025-09-06 02:58:22,550 autoreload 3284 11404 Watching for file changes with StatReloader
ERROR 2025-09-06 02:58:23,401 log 3284 3372 Internal Server Error: /manage-account/
Traceback (most recent call last):
  File "C:\Users\HP\OneDrive\Documents\essetech\hotelapp\Hotel-website-Django\.venv\Lib\site-packages\django\core\handlers\exception.py", line 55, in inner
    response = get_response(request)
  File "C:\Users\HP\OneDrive\Documents\essetech\hotelapp\Hotel-website-Django\.venv\Lib\site-packages\django\core\handlers\base.py", line 197, in _get_response
    response = wrapped_callback(request, *callback_args, **callback_kwargs)
  File "C:\Users\HP\OneDrive\Documents\essetech\hotelapp\Hotel-website-Django\hotelapp\account\views.py", line 178, in manage_account
    p_form = UserUpdateForm(instance=request.user.profilemodel)
                                     ^^^^^^^^^^^^^^^^^^^^^^^^^
  File "C:\Users\HP\OneDrive\Documents\essetech\hotelapp\Hotel-website-Django\.venv\Lib\site-packages\django\utils\functional.py", line 253, in inner
    return func(_wrapped, *args)
  File "C:\Users\HP\OneDrive\Documents\essetech\hotelapp\Hotel-website-Django\.venv\Lib\site-packages\django\db\models\fields\related_descriptors.py", line 531, in __get__
    raise self.RelatedObjectDoesNotExist(
    ...<2 lines>...
    )
core.models.CustomUser.profilemodel.RelatedObjectDoesNotExist: CustomUser has no profilemodel.
ERROR 2025-09-06 02:58:23,441 basehttp 3284 3372 "GET /manage-account/ HTTP/1.1" 500 83911
INFO 2025-09-06 03:01:37,868 autoreload 3284 11404 C:\Users\HP\OneDrive\Documents\essetech\hotelapp\Hotel-website-Django\hotelapp\account\signals.py changed, reloading.
INFO 2025-09-06 03:01:39,282 autoreload 10304 23504 Watching for file changes with StatReloader
ERROR 2025-09-06 03:01:40,137 log 10304 19332 Internal Server Error: /manage-account/
Traceback (most recent call last):
  File "C:\Users\HP\OneDrive\Documents\essetech\hotelapp\Hotel-website-Django\.venv\Lib\site-packages\django\core\handlers\exception.py", line 55, in inner
    response = get_response(request)
  File "C:\Users\HP\OneDrive\Documents\essetech\hotelapp\Hotel-website-Django\.venv\Lib\site-packages\django\core\handlers\base.py", line 197, in _get_response
    response = wrapped_callback(request, *callback_args, **callback_kwargs)
  File "C:\Users\HP\OneDrive\Documents\essetech\hotelapp\Hotel-website-Django\hotelapp\account\views.py", line 178, in manage_account
    p_form = UserUpdateForm(instance=request.user.profilemodel)
                                     ^^^^^^^^^^^^^^^^^^^^^^^^^
  File "C:\Users\HP\OneDrive\Documents\essetech\hotelapp\Hotel-website-Django\.venv\Lib\site-packages\django\utils\functional.py", line 253, in inner
    return func(_wrapped, *args)
  File "C:\Users\HP\OneDrive\Documents\essetech\hotelapp\Hotel-website-Django\.venv\Lib\site-packages\django\db\models\fields\related_descriptors.py", line 531, in __get__
    raise self.RelatedObjectDoesNotExist(
    ...<2 lines>...
    )
core.models.CustomUser.profilemodel.RelatedObjectDoesNotExist: CustomUser has no profilemodel.
ERROR 2025-09-06 03:01:40,170 basehttp 10304 19332 "GET /manage-account/ HTTP/1.1" 500 83911
INFO 2025-09-06 03:02:16,941 autoreload 10304 23504 C:\Users\HP\OneDrive\Documents\essetech\hotelapp\Hotel-website-Django\hotelapp\account\views.py changed, reloading.
INFO 2025-09-06 03:02:19,230 autoreload 15888 24544 Watching for file changes with StatReloader
ERROR 2025-09-06 03:02:20,202 log 15888 24092 Internal Server Error: /manage-account/
Traceback (most recent call last):
  File "C:\Users\HP\OneDrive\Documents\essetech\hotelapp\Hotel-website-Django\.venv\Lib\site-packages\django\core\handlers\exception.py", line 55, in inner
    response = get_response(request)
  File "C:\Users\HP\OneDrive\Documents\essetech\hotelapp\Hotel-website-Django\.venv\Lib\site-packages\django\core\handlers\base.py", line 197, in _get_response
    response = wrapped_callback(request, *callback_args, **callback_kwargs)
  File "C:\Users\HP\OneDrive\Documents\essetech\hotelapp\Hotel-website-Django\hotelapp\account\views.py", line 170, in manage_account
    profile, created = ProfileModel.objects.get_or_create(user=request.user)
                       ^^^^^^^^^^^^
NameError: name 'ProfileModel' is not defined
ERROR 2025-09-06 03:02:20,232 basehttp 15888 24092 "GET /manage-account/ HTTP/1.1" 500 75021
INFO 2025-09-06 03:02:33,108 autoreload 15888 24544 C:\Users\HP\OneDrive\Documents\essetech\hotelapp\Hotel-website-Django\hotelapp\account\views.py changed, reloading.
INFO 2025-09-06 03:02:33,921 autoreload 7496 7228 Watching for file changes with StatReloader
ERROR 2025-09-06 03:02:35,075 log 7496 21200 Internal Server Error: /manage-account/
Traceback (most recent call last):
  File "C:\Users\HP\OneDrive\Documents\essetech\hotelapp\Hotel-website-Django\.venv\Lib\site-packages\django\core\handlers\exception.py", line 55, in inner
    response = get_response(request)
  File "C:\Users\HP\OneDrive\Documents\essetech\hotelapp\Hotel-website-Django\.venv\Lib\site-packages\django\core\handlers\base.py", line 197, in _get_response
    response = wrapped_callback(request, *callback_args, **callback_kwargs)
  File "C:\Users\HP\OneDrive\Documents\essetech\hotelapp\Hotel-website-Django\hotelapp\account\views.py", line 171, in manage_account
    profile, created = ProfileModel.objects.get_or_create(user=request.user)
                       ^^^^^^^^^^^^
NameError: name 'ProfileModel' is not defined
ERROR 2025-09-06 03:02:35,124 basehttp 7496 21200 "GET /manage-account/ HTTP/1.1" 500 75021
INFO 2025-09-06 03:02:38,202 autoreload 7496 7228 C:\Users\HP\OneDrive\Documents\essetech\hotelapp\Hotel-website-Django\hotelapp\account\views.py changed, reloading.
INFO 2025-09-06 03:02:39,208 autoreload 18400 17196 Watching for file changes with StatReloader
INFO 2025-09-06 03:02:40,416 basehttp 18400 8544 "GET /manage-account/ HTTP/1.1" 200 41949
INFO 2025-09-06 03:02:40,523 basehttp 18400 8544 "GET /static/css/dist/styles.css?v=1757170960 HTTP/1.1" 200 104504
INFO 2025-09-06 03:02:40,559 basehttp 18400 18996 "GET /media/default.png HTTP/1.1" 200 9321
INFO 2025-09-06 03:03:10,096 basehttp 18400 6056 "GET /reset_password/ HTTP/1.1" 200 7725
INFO 2025-09-06 03:03:10,175 basehttp 18400 6056 "GET /static/css/dist/styles.css?v=1757170990 HTTP/1.1" 200 104504
INFO 2025-09-06 03:04:03,380 basehttp 18400 13964 "GET /manage-account/ HTTP/1.1" 200 41949
INFO 2025-09-06 03:04:03,457 basehttp 18400 13964 "GET /static/css/dist/styles.css?v=1757171043 HTTP/1.1" 200 104504
INFO 2025-09-06 03:04:15,585 basehttp 18400 14420 "GET /manage-hotel-account/ HTTP/1.1" 200 47572
INFO 2025-09-06 03:04:15,641 basehttp 18400 14420 "GET /static/css/dist/styles.css?v=1757171055 HTTP/1.1" 200 104504
INFO 2025-09-06 03:06:44,042 basehttp 18400 22832 "GET /manage-hotel-account/ HTTP/1.1" 200 47573
INFO 2025-09-06 03:06:44,139 basehttp 18400 22832 "GET /static/css/dist/styles.css?v=1757171203 HTTP/1.1" 200 104504
INFO 2025-09-06 03:06:46,286 basehttp 18400 16296 "GET /manage-hotel-account/ HTTP/1.1" 200 47577
INFO 2025-09-06 03:06:46,328 basehttp 18400 16296 "GET /static/css/dist/styles.css?v=1757171206 HTTP/1.1" 200 104504
INFO 2025-09-06 03:06:49,569 basehttp 18400 12448 "GET /manage-hotel-account/ HTTP/1.1" 200 47581
INFO 2025-09-06 03:06:49,605 basehttp 18400 12448 "GET /static/css/dist/styles.css?v=1757171209 HTTP/1.1" 200 104504
INFO 2025-09-06 03:06:51,754 basehttp 18400 3272 "GET /manage-hotel-account/ HTTP/1.1" 200 47583
INFO 2025-09-06 03:06:51,795 basehttp 18400 3272 "GET /static/css/dist/styles.css?v=1757171211 HTTP/1.1" 200 104504
INFO 2025-09-06 03:06:55,028 basehttp 18400 10788 "GET /manage-hotel-account/ HTTP/1.1" 200 47587
INFO 2025-09-06 03:06:55,118 basehttp 18400 10788 "GET /static/css/dist/styles.css?v=1757171214 HTTP/1.1" 200 104538
INFO 2025-09-06 03:06:56,023 basehttp 18400 18072 "GET /manage-hotel-account/ HTTP/1.1" 200 47589
INFO 2025-09-06 03:06:56,058 basehttp 18400 18072 "GET /static/css/dist/styles.css?v=1757171215 HTTP/1.1" 200 104538
INFO 2025-09-06 03:06:57,101 basehttp 18400 3008 "GET /manage-hotel-account/ HTTP/1.1" 200 47589
INFO 2025-09-06 03:06:57,161 basehttp 18400 3008 "GET /static/css/dist/styles.css?v=1757171217 HTTP/1.1" 200 104576
INFO 2025-09-06 03:06:58,412 basehttp 18400 7964 "GET /manage-hotel-account/ HTTP/1.1" 200 47584
INFO 2025-09-06 03:06:58,465 basehttp 18400 7964 "GET /static/css/dist/styles.css?v=1757171218 HTTP/1.1" 200 104576
INFO 2025-09-06 03:07:03,791 basehttp 18400 21964 "GET /manage-hotel-account/ HTTP/1.1" 200 47588
INFO 2025-09-06 03:07:03,831 basehttp 18400 21964 "GET /static/css/dist/styles.css?v=1757171223 HTTP/1.1" 200 104576
INFO 2025-09-06 03:07:04,858 basehttp 18400 20320 "GET /manage-hotel-account/ HTTP/1.1" 200 47590
INFO 2025-09-06 03:07:04,912 basehttp 18400 20320 "GET /static/css/dist/styles.css?v=1757171224 HTTP/1.1" 200 104576
INFO 2025-09-06 03:07:07,955 basehttp 18400 20140 "GET /manage-hotel-account/ HTTP/1.1" 200 47595
INFO 2025-09-06 03:07:07,985 basehttp 18400 20140 "GET /static/css/dist/styles.css?v=1757171227 HTTP/1.1" 200 104576
INFO 2025-09-06 03:07:16,101 basehttp 18400 4328 "GET /manage-hotel-account/ HTTP/1.1" 200 47595
INFO 2025-09-06 03:07:16,138 basehttp 18400 4328 "GET /static/css/dist/styles.css?v=1757171236 HTTP/1.1" 200 104576
INFO 2025-09-06 03:07:35,945 basehttp 18400 23452 "GET /manage-hotel-account/ HTTP/1.1" 200 47573
INFO 2025-09-06 03:07:35,989 basehttp 18400 23452 "GET /static/css/dist/styles.css?v=1757171255 HTTP/1.1" 200 104576
INFO 2025-09-06 03:07:36,985 basehttp 18400 14832 "GET /manage-hotel-account/ HTTP/1.1" 200 47572
INFO 2025-09-06 03:07:37,014 basehttp 18400 14832 "GET /static/css/dist/styles.css?v=1757171256 HTTP/1.1" 200 104576
INFO 2025-09-06 03:07:42,678 basehttp 18400 20212 "GET /manage-hotel-account/ HTTP/1.1" 200 47573
INFO 2025-09-06 03:07:42,715 basehttp 18400 20212 "GET /static/css/dist/styles.css?v=1757171262 HTTP/1.1" 200 104576
INFO 2025-09-06 03:07:44,750 basehttp 18400 22496 "GET /manage-hotel-account/ HTTP/1.1" 200 47595
INFO 2025-09-06 03:07:44,796 basehttp 18400 22496 "GET /static/css/dist/styles.css?v=1757171264 HTTP/1.1" 200 104576
WARNING 2025-09-06 03:08:19,369 log 18400 11948 Not Found: /api/mark-reservations-seen/
WARNING 2025-09-06 03:08:19,371 basehttp 18400 11948 "POST /api/mark-reservations-seen/ HTTP/1.1" 404 13472
INFO 2025-09-06 03:08:19,463 basehttp 18400 7124 "GET /reservation/ HTTP/1.1" 200 40192
INFO 2025-09-06 03:08:19,524 basehttp 18400 7124 "GET /static/css/dist/styles.css?v=1757171299 HTTP/1.1" 200 104576
INFO 2025-09-06 03:08:50,620 basehttp 18400 11948 "GET /add-room/ HTTP/1.1" 200 40909
INFO 2025-09-06 03:08:50,672 basehttp 18400 11948 "GET /static/css/dist/styles.css?v=1757171330 HTTP/1.1" 200 104576
INFO 2025-09-06 03:10:00,866 basehttp 18400 4936 "POST /add-room/ HTTP/1.1" 302 0
INFO 2025-09-06 03:10:00,949 basehttp 18400 4936 "GET /dashboard/ HTTP/1.1" 200 56171
INFO 2025-09-06 03:10:00,997 basehttp 18400 4936 "GET /static/css/dist/styles.css?v=1757171400 HTTP/1.1" 200 104576
INFO 2025-09-06 03:10:05,922 basehttp 18400 18092 "GET /add-room/ HTTP/1.1" 200 43130
INFO 2025-09-06 03:10:05,967 basehttp 18400 18092 "GET /static/css/dist/styles.css?v=1757171405 HTTP/1.1" 200 104576
INFO 2025-09-06 03:10:08,535 basehttp 18400 15048 "GET /add_room_detail/1/ HTTP/1.1" 200 25454
INFO 2025-09-06 03:10:08,600 basehttp 18400 15048 "GET /static/css/dist/styles.css?v=1757171408 HTTP/1.1" 200 104576
INFO 2025-09-06 03:10:17,686 basehttp 18400 14368 "GET /edit_room/1/edit/ HTTP/1.1" 200 25324
INFO 2025-09-06 03:10:17,724 basehttp 18400 14368 "GET /static/css/dist/styles.css?v=1757171417 HTTP/1.1" 200 104576
INFO 2025-09-06 03:10:59,719 basehttp 18400 6400 "GET /edit_room/1/edit/ HTTP/1.1" 200 25325
INFO 2025-09-06 03:10:59,779 basehttp 18400 6400 "GET /static/css/dist/styles.css?v=1757171459 HTTP/1.1" 200 104576
INFO 2025-09-06 03:11:00,673 basehttp 18400 23716 "GET /edit_room/1/edit/ HTTP/1.1" 200 25347
INFO 2025-09-06 03:11:00,722 basehttp 18400 23716 "GET /static/css/dist/styles.css?v=1757171460 HTTP/1.1" 200 104576
INFO 2025-09-06 03:11:12,401 basehttp 18400 14908 "POST /edit_room/1/edit/ HTTP/1.1" 302 0
INFO 2025-09-06 03:11:12,450 basehttp 18400 14908 "GET /add_room_detail/1/ HTTP/1.1" 200 27135
INFO 2025-09-06 03:11:12,499 basehttp 18400 14908 "GET /static/css/dist/styles.css?v=1757171472 HTTP/1.1" 200 104576
INFO 2025-09-06 03:11:22,892 basehttp 18400 21084 "GET /add-room/ HTTP/1.1" 200 43130
INFO 2025-09-06 03:11:22,950 basehttp 18400 21084 "GET /static/css/dist/styles.css?v=1757171482 HTTP/1.1" 200 104576
INFO 2025-09-06 03:12:17,092 basehttp 18400 7436 "POST /add-room/ HTTP/1.1" 302 0
INFO 2025-09-06 03:12:17,189 basehttp 18400 7436 "GET /dashboard/ HTTP/1.1" 200 56171
INFO 2025-09-06 03:12:17,242 basehttp 18400 7436 "GET /static/css/dist/styles.css?v=1757171537 HTTP/1.1" 200 104576
INFO 2025-09-06 03:12:19,868 basehttp 18400 10244 "GET /add-room/ HTTP/1.1" 200 48427
INFO 2025-09-06 03:12:19,913 basehttp 18400 10244 "GET /static/css/dist/styles.css?v=1757171539 HTTP/1.1" 200 104576
INFO 2025-09-06 03:13:09,934 basehttp 18400 21808 "POST /add-room/ HTTP/1.1" 302 0
INFO 2025-09-06 03:13:09,989 basehttp 18400 21808 "GET /dashboard/ HTTP/1.1" 200 56171
INFO 2025-09-06 03:13:10,037 basehttp 18400 21808 "GET /static/css/dist/styles.css?v=1757171589 HTTP/1.1" 200 104576
INFO 2025-09-06 03:13:18,067 basehttp 18400 22448 "GET /add-room/ HTTP/1.1" 200 53724
INFO 2025-09-06 03:13:18,135 basehttp 18400 22448 "GET /static/css/dist/styles.css?v=1757171598 HTTP/1.1" 200 104576
INFO 2025-09-06 03:13:54,159 basehttp 18400 21496 "POST /add-room/ HTTP/1.1" 302 0
INFO 2025-09-06 03:13:54,250 basehttp 18400 21496 "GET /dashboard/ HTTP/1.1" 200 56171
INFO 2025-09-06 03:13:54,299 basehttp 18400 21496 "GET /static/css/dist/styles.css?v=1757171634 HTTP/1.1" 200 104576
INFO 2025-09-06 03:13:57,093 basehttp 18400 7344 "GET /services/ HTTP/1.1" 200 31397
INFO 2025-09-06 03:13:57,135 basehttp 18400 7344 "GET /static/css/dist/styles.css?v=1757171637 HTTP/1.1" 200 104576
INFO 2025-09-06 03:13:58,527 basehttp 18400 17976 "GET /services/ HTTP/1.1" 200 31397
INFO 2025-09-06 03:13:58,596 basehttp 18400 17976 "GET /static/css/dist/styles.css?v=1757171638 HTTP/1.1" 200 104576
INFO 2025-09-06 03:15:07,286 basehttp 18400 3880 "POST /services/ HTTP/1.1" 302 0
INFO 2025-09-06 03:15:07,340 basehttp 18400 3880 "GET /services/ HTTP/1.1" 200 35186
INFO 2025-09-06 03:15:07,387 basehttp 18400 3880 "GET /static/css/dist/styles.css?v=1757171707 HTTP/1.1" 200 104576
INFO 2025-09-06 03:15:48,992 basehttp 18400 13160 "POST /services/ HTTP/1.1" 302 0
INFO 2025-09-06 03:15:49,064 basehttp 18400 13160 "GET /services/ HTTP/1.1" 200 37581
INFO 2025-09-06 03:15:49,118 basehttp 18400 13160 "GET /static/css/dist/styles.css?v=1757171749 HTTP/1.1" 200 104576
INFO 2025-09-06 03:16:42,395 basehttp 18400 20880 "POST /services/ HTTP/1.1" 302 0
INFO 2025-09-06 03:16:42,454 basehttp 18400 20880 "GET /services/ HTTP/1.1" 200 40049
INFO 2025-09-06 03:16:42,506 basehttp 18400 20880 "GET /static/css/dist/styles.css?v=1757171802 HTTP/1.1" 200 104576
WARNING 2025-09-06 03:16:50,198 log 18400 3216 Not Found: /api/mark-reservations-seen/
WARNING 2025-09-06 03:16:50,199 basehttp 18400 3216 "POST /api/mark-reservations-seen/ HTTP/1.1" 404 13472
INFO 2025-09-06 03:16:50,220 basehttp 18400 20432 "GET /reservation/ HTTP/1.1" 200 40373
INFO 2025-09-06 03:16:50,260 basehttp 18400 20432 "GET /static/css/dist/styles.css?v=1757171810 HTTP/1.1" 200 104576
INFO 2025-09-06 03:17:55,482 basehttp 18400 3216 "POST /reservation/ HTTP/1.1" 302 0
INFO 2025-09-06 03:17:55,562 basehttp 18400 3216 "GET /reservation/ HTTP/1.1" 200 48164
INFO 2025-09-06 03:17:55,627 basehttp 18400 3216 "GET /static/css/dist/styles.css?v=1757171875 HTTP/1.1" 200 104576
INFO 2025-09-06 03:18:02,511 basehttp 18400 17284 "POST /reservation/ HTTP/1.1" 200 48158
INFO 2025-09-06 03:18:02,572 basehttp 18400 17284 "GET /static/css/dist/styles.css?v=1757171882 HTTP/1.1" 200 104576
INFO 2025-09-06 03:18:08,875 basehttp 18400 14808 "GET /manage-hotel-account/ HTTP/1.1" 200 47595
INFO 2025-09-06 03:18:08,922 basehttp 18400 14808 "GET /static/css/dist/styles.css?v=1757171888 HTTP/1.1" 200 104576
INFO 2025-09-06 03:18:10,503 basehttp 18400 21868 "GET /manage-account/ HTTP/1.1" 200 41949
INFO 2025-09-06 03:18:10,543 basehttp 18400 21868 "GET /static/css/dist/styles.css?v=1757171890 HTTP/1.1" 200 104576
INFO 2025-09-06 03:18:20,013 basehttp 18400 1416 "GET /dashboard/ HTTP/1.1" 200 54831
INFO 2025-09-06 03:18:20,061 basehttp 18400 9736 "GET /static/css/dist/styles.css?v=1757171899 HTTP/1.1" 200 104576
INFO 2025-09-06 03:20:26,820 basehttp 18400 23308 "POST /dashboard/ HTTP/1.1" 302 0
INFO 2025-09-06 03:20:26,916 basehttp 18400 23308 "GET /dashboard/ HTTP/1.1" 200 59719
INFO 2025-09-06 03:20:26,955 basehttp 18400 23308 "GET /static/css/dist/styles.css?v=1757172026 HTTP/1.1" 200 104576
INFO 2025-09-06 03:20:42,182 basehttp 18400 21216 "GET /manage-account/ HTTP/1.1" 200 41949
INFO 2025-09-06 03:20:42,279 basehttp 18400 21216 "GET /static/css/dist/styles.css?v=1757172042 HTTP/1.1" 200 104576
INFO 2025-09-06 03:21:09,436 basehttp 18400 1416 "POST /manage-account/ HTTP/1.1" 302 0
INFO 2025-09-06 03:21:09,533 basehttp 18400 1416 "GET /profile/ HTTP/1.1" 200 23801
INFO 2025-09-06 03:21:09,565 basehttp 18400 1416 "GET /static/css/dist/styles.css?v=1757172069 HTTP/1.1" 200 104576
INFO 2025-09-06 03:21:09,611 basehttp 18400 7780 "GET /media/profile/ph_29158_105569.jpg HTTP/1.1" 200 177105
INFO 2025-09-06 03:21:20,733 basehttp 18400 7780 "GET / HTTP/1.1" 200 14770
INFO 2025-09-06 03:21:20,773 basehttp 18400 7780 "GET /static/css/dist/styles.css?v=1757172080 HTTP/1.1" 200 104576
INFO 2025-09-06 03:21:20,798 basehttp 18400 23452 "GET /media/profile/ph_29158_105569.jpg HTTP/1.1" 304 0
INFO 2025-09-06 03:21:28,436 basehttp 18400 7780 "GET /dashboard/ HTTP/1.1" 200 58371
INFO 2025-09-06 03:21:28,508 basehttp 18400 7780 "GET /static/css/dist/styles.css?v=1757172088 HTTP/1.1" 200 104576
INFO 2025-09-06 03:21:39,948 basehttp 18400 23868 "GET / HTTP/1.1" 200 14770
INFO 2025-09-06 03:21:39,987 basehttp 18400 23868 "GET /static/css/dist/styles.css?v=1757172099 HTTP/1.1" 200 104576
INFO 2025-09-06 03:21:40,010 basehttp 18400 23868 "GET /media/profile/ph_29158_105569.jpg HTTP/1.1" 304 0
INFO 2025-09-06 03:21:41,871 basehttp 18400 12228 "GET /hotel_rooms/ HTTP/1.1" 200 18150
INFO 2025-09-06 03:21:41,934 basehttp 18400 12228 "GET /static/css/dist/styles.css?v=1757172101 HTTP/1.1" 200 104576
INFO 2025-09-06 03:21:43,665 basehttp 18400 15780 "GET /hotel_rooms/room-list/1/ HTTP/1.1" 200 50270
INFO 2025-09-06 03:21:43,715 basehttp 18400 15780 "GET /static/css/dist/styles.css?v=1757172103 HTTP/1.1" 200 104576
INFO 2025-09-06 03:21:43,735 basehttp 18400 7556 "GET /media/profile/ph_29158_105569.jpg HTTP/1.1" 304 0
INFO 2025-09-06 03:22:38,283 basehttp 18400 15780 "POST /create-booking/ HTTP/1.1" 302 0
INFO 2025-09-06 03:22:58,008 basehttp 18400 15780 "GET /verify-booking-payment/?trxref=6fdbf4bc-cc6f-44bb-bfdf-d211e39ad811&reference=6fdbf4bc-cc6f-44bb-bfdf-d211e39ad811 HTTP/1.1" 302 0
INFO 2025-09-06 03:22:58,094 basehttp 18400 15780 "GET /booking-success/?booking_id=1 HTTP/1.1" 200 7367
INFO 2025-09-06 03:22:58,161 basehttp 18400 15780 "GET /static/css/dist/styles.css?v=1757172178 HTTP/1.1" 200 104576
INFO 2025-09-06 03:23:11,944 basehttp 18400 2576 "GET /my_booking/ HTTP/1.1" 200 25030
INFO 2025-09-06 03:23:12,003 basehttp 18400 2576 "GET /static/css/dist/styles.css?v=1757172191 HTTP/1.1" 200 104576
INFO 2025-09-06 03:23:12,023 basehttp 18400 16740 "GET /media/profile/ph_29158_105569.jpg HTTP/1.1" 304 0
INFO 2025-09-06 03:23:18,247 basehttp 18400 2576 "GET /my_booking/ HTTP/1.1" 200 25030
INFO 2025-09-06 03:23:18,270 basehttp 18400 2576 "GET /static/css/dist/styles.css?v=1757172198 HTTP/1.1" 200 104576
INFO 2025-09-06 03:23:20,906 basehttp 18400 18040 "GET /hotel/ HTTP/1.1" 200 15981
INFO 2025-09-06 03:23:20,948 basehttp 18400 18040 "GET /static/css/dist/styles.css?v=1757172200 HTTP/1.1" 200 104576
INFO 2025-09-06 03:23:23,276 basehttp 18400 12140 "GET /hotel/services/1/ HTTP/1.1" 200 21656
INFO 2025-09-06 03:23:23,313 basehttp 18400 12140 "GET /static/css/dist/styles.css?v=1757172203 HTTP/1.1" 200 104576
INFO 2025-09-06 03:23:25,749 basehttp 18400 18840 "GET /hotel_rooms/room-list/1/ HTTP/1.1" 200 50270
INFO 2025-09-06 03:23:25,811 basehttp 18400 18840 "GET /static/css/dist/styles.css?v=1757172205 HTTP/1.1" 200 104576
INFO 2025-09-06 03:23:25,849 basehttp 18400 15556 "GET /media/profile/ph_29158_105569.jpg HTTP/1.1" 304 0
INFO 2025-09-06 03:23:29,873 basehttp 18400 18840 "GET /my_booking/ HTTP/1.1" 200 25030
INFO 2025-09-06 03:23:29,961 basehttp 18400 18840 "GET /static/css/dist/styles.css?v=1757172209 HTTP/1.1" 200 104576
INFO 2025-09-06 03:23:32,893 basehttp 18400 18184 "GET /hotel/ HTTP/1.1" 200 15981
INFO 2025-09-06 03:23:32,972 basehttp 18400 18184 "GET /static/css/dist/styles.css?v=1757172212 HTTP/1.1" 200 104576
INFO 2025-09-06 03:23:36,641 basehttp 18400 21484 "GET /about/ HTTP/1.1" 200 14677
INFO 2025-09-06 03:23:36,716 basehttp 18400 21484 "GET /static/css/dist/styles.css?v=1757172216 HTTP/1.1" 200 104576
INFO 2025-09-06 03:23:38,921 basehttp 18400 21040 "GET / HTTP/1.1" 200 14770
INFO 2025-09-06 03:23:39,000 basehttp 18400 21040 "GET /static/css/dist/styles.css?v=1757172218 HTTP/1.1" 200 104576
INFO 2025-09-06 03:23:39,030 basehttp 18400 4276 "GET /media/profile/ph_29158_105569.jpg HTTP/1.1" 304 0
INFO 2025-09-06 03:23:41,122 basehttp 18400 21040 "GET /hotel_rooms/ HTTP/1.1" 200 18150
INFO 2025-09-06 03:23:41,219 basehttp 18400 21040 "GET /static/css/dist/styles.css?v=1757172221 HTTP/1.1" 200 104576
INFO 2025-09-06 03:23:46,409 basehttp 18400 8084 "GET /dashboard/ HTTP/1.1" 200 58371
INFO 2025-09-06 03:23:46,467 basehttp 18400 8084 "GET /static/css/dist/styles.css?v=1757172226 HTTP/1.1" 200 104576
WARNING 2025-09-06 03:23:55,949 log 18400 4216 Not Found: /api/mark-guests-seen/
WARNING 2025-09-06 03:23:55,951 basehttp 18400 4216 "POST /api/mark-guests-seen/ HTTP/1.1" 404 13454
INFO 2025-09-06 03:23:55,979 basehttp 18400 8016 "GET /guest/ HTTP/1.1" 200 21371
INFO 2025-09-06 03:23:56,047 basehttp 18400 8016 "GET /static/css/dist/styles.css?v=1757172235 HTTP/1.1" 200 104576
INFO 2025-09-06 03:27:34,385 basehttp 18400 4216 "GET /guest/ HTTP/1.1" 200 21371
INFO 2025-09-06 03:27:34,444 basehttp 18400 4216 "GET /static/css/dist/styles.css?v=1757172454 HTTP/1.1" 200 104576
INFO 2025-09-06 03:27:56,571 basehttp 18400 23400 "GET /guest/ HTTP/1.1" 200 21371
INFO 2025-09-06 03:27:56,638 basehttp 18400 23400 "GET /static/css/dist/styles.css?v=1757172476 HTTP/1.1" 200 104468
INFO 2025-09-06 03:28:08,129 basehttp 18400 24312 "GET /guest/ HTTP/1.1" 200 21371
WARNING 2025-09-06 03:28:08,187 basehttp 18400 24312 "GET /static/css/dist/styles.css?v=1757172488 HTTP/1.1" 404 1884
INFO 2025-09-06 03:28:11,256 basehttp 18400 8248 "GET /guest/ HTTP/1.1" 200 21371
INFO 2025-09-06 03:28:11,288 basehttp 18400 8248 "GET /static/css/dist/styles.css?v=1757172491 HTTP/1.1" 200 81543
INFO 2025-09-08 05:28:43,933 autoreload 20836 6596 Watching for file changes with StatReloader
INFO 2025-09-08 05:29:20,087 basehttp 20836 10152 "GET /guest/ HTTP/1.1" 302 0
INFO 2025-09-08 05:29:20,314 basehttp 20836 10152 "GET /login/?next=/guest/ HTTP/1.1" 200 11875
INFO 2025-09-08 05:29:20,429 basehttp 20836 10152 "GET /static/css/dist/styles.css?v=1757352560 HTTP/1.1" 200 81543
INFO 2025-09-08 05:29:43,455 basehttp 20836 14492 "POST /login/?next=/guest/ HTTP/1.1" 302 0
INFO 2025-09-08 05:29:43,635 basehttp 20836 14492 "GET /dashboard/ HTTP/1.1" 200 60997
INFO 2025-09-08 05:29:43,684 basehttp 20836 14492 "GET /static/css/dist/styles.css?v=1757352583 HTTP/1.1" 200 81543
WARNING 2025-09-08 05:29:55,930 log 20836 20196 Not Found: /api/mark-reservations-seen/
WARNING 2025-09-08 05:29:55,931 basehttp 20836 20196 "POST /api/mark-reservations-seen/ HTTP/1.1" 404 13472
INFO 2025-09-08 05:29:56,103 basehttp 20836 6860 "GET /reservation/ HTTP/1.1" 200 46802
INFO 2025-09-08 05:29:56,221 basehttp 20836 6860 "GET /static/css/dist/styles.css?v=1757352595 HTTP/1.1" 200 81543
WARNING 2025-09-08 05:30:01,547 log 20836 20196 Not Found: /api/mark-guests-seen/
WARNING 2025-09-08 05:30:01,548 basehttp 20836 20196 "POST /api/mark-guests-seen/ HTTP/1.1" 404 13454
INFO 2025-09-08 05:30:01,583 basehttp 20836 19392 "GET /guest/ HTTP/1.1" 200 21371
INFO 2025-09-08 05:30:01,646 basehttp 20836 19392 "GET /static/css/dist/styles.css?v=1757352601 HTTP/1.1" 200 81543
INFO 2025-09-08 05:30:04,189 basehttp 20836 20196 "GET /manage-hotel-account/ HTTP/1.1" 200 47595
INFO 2025-09-08 05:30:04,249 basehttp 20836 20196 "GET /static/css/dist/styles.css?v=1757352604 HTTP/1.1" 200 81543
INFO 2025-09-08 05:30:45,153 basehttp 20836 19116 "POST /manage-hotel-account/ HTTP/1.1" 302 0
INFO 2025-09-08 05:30:45,202 basehttp 20836 19116 "GET /manage-hotel-account/ HTTP/1.1" 200 49740
INFO 2025-09-08 05:30:45,253 basehttp 20836 19116 "GET /static/css/dist/styles.css?v=1757352645 HTTP/1.1" 200 81543
INFO 2025-09-08 05:31:13,335 basehttp 20836 17524 "GET /manage-hotel-account/ HTTP/1.1" 200 48397
INFO 2025-09-08 05:31:13,392 basehttp 20836 17524 "GET /static/css/dist/styles.css?v=1757352673 HTTP/1.1" 200 81543
INFO 2025-09-08 05:31:18,193 basehttp 20836 22736 "GET /dashboard/ HTTP/1.1" 200 58371
INFO 2025-09-08 05:31:18,255 basehttp 20836 22736 "GET /static/css/dist/styles.css?v=1757352678 HTTP/1.1" 200 81543
INFO 2025-09-08 05:31:24,732 basehttp 20836 7088 "GET /edit_staff/1/ HTTP/1.1" 200 27363
INFO 2025-09-08 05:31:24,831 basehttp 20836 7088 "GET /static/css/dist/styles.css?v=1757352684 HTTP/1.1" 200 81543
INFO 2025-09-08 05:32:00,361 basehttp 20836 12956 "GET /edit_staff/1/ HTTP/1.1" 200 27363
INFO 2025-09-08 05:32:00,435 basehttp 20836 12956 "GET /static/css/dist/styles.css?v=1757352720 HTTP/1.1" 200 104468
INFO 2025-09-08 05:32:51,625 basehttp 20836 11152 "GET /edit_staff/1/ HTTP/1.1" 200 27366
INFO 2025-09-08 05:32:51,689 basehttp 20836 11152 "GET /static/css/dist/styles.css?v=1757352771 HTTP/1.1" 200 104468
INFO 2025-09-08 05:32:53,851 basehttp 20836 9728 "GET /edit_staff/1/ HTTP/1.1" 200 27369
INFO 2025-09-08 05:32:53,896 basehttp 20836 9728 "GET /static/css/dist/styles.css?v=1757352773 HTTP/1.1" 200 104468
INFO 2025-09-08 05:32:56,037 basehttp 20836 9248 "GET /edit_staff/1/ HTTP/1.1" 200 27370
INFO 2025-09-08 05:32:56,071 basehttp 20836 9248 "GET /static/css/dist/styles.css?v=1757352776 HTTP/1.1" 200 104468
INFO 2025-09-08 05:32:59,397 basehttp 20836 13084 "GET /edit_staff/1/ HTTP/1.1" 200 27374
INFO 2025-09-08 05:32:59,479 basehttp 20836 13084 "GET /static/css/dist/styles.css?v=1757352779 HTTP/1.1" 200 104468
INFO 2025-09-08 05:33:01,784 basehttp 20836 22088 "GET /edit_staff/1/ HTTP/1.1" 200 27376
INFO 2025-09-08 05:33:01,852 basehttp 20836 22088 "GET /static/css/dist/styles.css?v=1757352781 HTTP/1.1" 200 104468
INFO 2025-09-08 05:33:04,893 basehttp 20836 10068 "GET /edit_staff/1/ HTTP/1.1" 200 27381
INFO 2025-09-08 05:33:04,920 basehttp 20836 10068 "GET /static/css/dist/styles.css?v=1757352784 HTTP/1.1" 200 104468
INFO 2025-09-08 05:33:09,237 basehttp 20836 4028 "GET /edit_staff/1/ HTTP/1.1" 200 27396
INFO 2025-09-08 05:33:09,309 basehttp 20836 4028 "GET /static/css/dist/styles.css?v=1757352789 HTTP/1.1" 200 104468
INFO 2025-09-08 05:33:12,438 basehttp 20836 23428 "GET /edit_staff/1/ HTTP/1.1" 200 27396
INFO 2025-09-08 05:33:12,481 basehttp 20836 23428 "GET /static/css/dist/styles.css?v=1757352792 HTTP/1.1" 200 104468
INFO 2025-09-08 05:35:36,739 basehttp 20836 10476 "GET /edit_staff/1/ HTTP/1.1" 200 27400
INFO 2025-09-08 05:35:36,793 basehttp 20836 10476 "GET /static/css/dist/styles.css?v=1757352936 HTTP/1.1" 200 104468
INFO 2025-09-08 05:35:43,085 basehttp 20836 7372 "GET /edit_staff/1/ HTTP/1.1" 200 27396
INFO 2025-09-08 05:35:43,138 basehttp 20836 7372 "GET /static/css/dist/styles.css?v=1757352943 HTTP/1.1" 200 104468
INFO 2025-09-08 05:36:39,506 autoreload 20836 6596 C:\Users\HP\OneDrive\Documents\essetech\hotelapp\Hotel-website-Django\hotelapp\account\forms.py changed, reloading.
INFO 2025-09-08 05:36:40,531 autoreload 15948 22004 Watching for file changes with StatReloader
INFO 2025-09-08 05:36:42,047 basehttp 15948 5296 "GET /edit_staff/1/ HTTP/1.1" 200 27397
INFO 2025-09-08 05:36:42,192 basehttp 15948 5296 "GET /static/css/dist/styles.css?v=1757353001 HTTP/1.1" 200 104468
INFO 2025-09-08 05:36:59,395 autoreload 15948 22004 C:\Users\HP\OneDrive\Documents\essetech\hotelapp\Hotel-website-Django\hotelapp\account\forms.py changed, reloading.
INFO 2025-09-08 05:37:00,955 autoreload 7724 17512 Watching for file changes with StatReloader
INFO 2025-09-08 05:37:01,856 basehttp 7724 22192 "GET /edit_staff/1/ HTTP/1.1" 200 27398
INFO 2025-09-08 05:37:01,966 basehttp 7724 22192 "GET /static/css/dist/styles.css?v=1757353021 HTTP/1.1" 200 104468
INFO 2025-09-08 05:37:13,518 basehttp 7724 8992 "POST /edit_staff/1/ HTTP/1.1" 200 27713
INFO 2025-09-08 05:37:13,569 basehttp 7724 8992 "GET /static/css/dist/styles.css?v=1757353033 HTTP/1.1" 200 104468
INFO 2025-09-08 05:38:12,642 basehttp 7724 14224 "POST /edit_staff/1/ HTTP/1.1" 200 27742
INFO 2025-09-08 05:38:12,694 basehttp 7724 14224 "GET /static/css/dist/styles.css?v=1757353092 HTTP/1.1" 200 104468
INFO 2025-09-08 05:38:17,914 basehttp 7724 4136 "POST /edit_staff/1/ HTTP/1.1" 200 27744
INFO 2025-09-08 05:38:17,970 basehttp 7724 4136 "GET /static/css/dist/styles.css?v=1757353097 HTTP/1.1" 200 104468
INFO 2025-09-08 05:38:18,992 basehttp 7724 10036 "POST /edit_staff/1/ HTTP/1.1" 200 27749
INFO 2025-09-08 05:38:19,019 basehttp 7724 10036 "GET /static/css/dist/styles.css?v=1757353098 HTTP/1.1" 200 104468
INFO 2025-09-08 05:38:24,312 basehttp 7724 14364 "POST /edit_staff/1/ HTTP/1.1" 200 27760
INFO 2025-09-08 05:38:24,354 basehttp 7724 14364 "GET /static/css/dist/styles.css?v=1757353104 HTTP/1.1" 200 104468
INFO 2025-09-08 05:38:27,553 basehttp 7724 15592 "POST /edit_staff/1/ HTTP/1.1" 200 27789
INFO 2025-09-08 05:38:27,587 basehttp 7724 15592 "GET /static/css/dist/styles.css?v=1757353107 HTTP/1.1" 200 104468
INFO 2025-09-08 05:38:30,783 basehttp 7724 17436 "POST /edit_staff/1/ HTTP/1.1" 200 27953
INFO 2025-09-08 05:38:30,830 basehttp 7724 17436 "GET /static/css/dist/styles.css?v=1757353110 HTTP/1.1" 200 104468
INFO 2025-09-08 05:38:31,814 basehttp 7724 12300 "POST /edit_staff/1/ HTTP/1.1" 200 27955
INFO 2025-09-08 05:38:31,856 basehttp 7724 12300 "GET /static/css/dist/styles.css?v=1757353111 HTTP/1.1" 200 104468
INFO 2025-09-08 05:38:32,857 basehttp 7724 19392 "POST /edit_staff/1/ HTTP/1.1" 200 27988
INFO 2025-09-08 05:38:32,903 basehttp 7724 19392 "GET /static/css/dist/styles.css?v=1757353112 HTTP/1.1" 200 104468
INFO 2025-09-08 05:38:33,887 basehttp 7724 14916 "POST /edit_staff/1/ HTTP/1.1" 200 27990
INFO 2025-09-08 05:38:33,932 basehttp 7724 14916 "GET /static/css/dist/styles.css?v=1757353113 HTTP/1.1" 200 104468
INFO 2025-09-08 05:38:38,954 basehttp 7724 22332 "GET /edit_staff/1/ HTTP/1.1" 200 27675
INFO 2025-09-08 05:38:38,999 basehttp 7724 22332 "GET /static/css/dist/styles.css?v=1757353118 HTTP/1.1" 200 104468
ERROR 2025-09-08 05:39:02,258 log 7724 1292 Internal Server Error: /edit_staff/1/
Traceback (most recent call last):
  File "C:\Users\HP\OneDrive\Documents\essetech\hotelapp\Hotel-website-Django\.venv\Lib\site-packages\django\core\handlers\exception.py", line 55, in inner
    response = get_response(request)
  File "C:\Users\HP\OneDrive\Documents\essetech\hotelapp\Hotel-website-Django\.venv\Lib\site-packages\django\core\handlers\base.py", line 197, in _get_response
    response = wrapped_callback(request, *callback_args, **callback_kwargs)
  File "C:\Users\HP\OneDrive\Documents\essetech\hotelapp\Hotel-website-Django\.venv\Lib\site-packages\django\contrib\auth\decorators.py", line 60, in _view_wrapper
    return view_func(request, *args, **kwargs)
  File "C:\Users\HP\OneDrive\Documents\essetech\hotelapp\Hotel-website-Django\hotelapp\account\views.py", line 574, in edit_staff
    return render(request, 'dashboard/edit-staff.html', context)
  File "C:\Users\HP\OneDrive\Documents\essetech\hotelapp\Hotel-website-Django\.venv\Lib\site-packages\django\shortcuts.py", line 25, in render
    content = loader.render_to_string(template_name, context, request, using=using)
  File "C:\Users\HP\OneDrive\Documents\essetech\hotelapp\Hotel-website-Django\.venv\Lib\site-packages\django\template\loader.py", line 61, in render_to_string
    template = get_template(template_name, using=using)
  File "C:\Users\HP\OneDrive\Documents\essetech\hotelapp\Hotel-website-Django\.venv\Lib\site-packages\django\template\loader.py", line 15, in get_template
    return engine.get_template(template_name)
           ~~~~~~~~~~~~~~~~~~~^^^^^^^^^^^^^^^
  File "C:\Users\HP\OneDrive\Documents\essetech\hotelapp\Hotel-website-Django\.venv\Lib\site-packages\django\template\backends\django.py", line 79, in get_template
    return Template(self.engine.get_template(template_name), self)
                    ~~~~~~~~~~~~~~~~~~~~~~~~^^^^^^^^^^^^^^^
  File "C:\Users\HP\OneDrive\Documents\essetech\hotelapp\Hotel-website-Django\.venv\Lib\site-packages\django\template\engine.py", line 177, in get_template
    template, origin = self.find_template(template_name)
                       ~~~~~~~~~~~~~~~~~~^^^^^^^^^^^^^^^
  File "C:\Users\HP\OneDrive\Documents\essetech\hotelapp\Hotel-website-Django\.venv\Lib\site-packages\django\template\engine.py", line 159, in find_template
    template = loader.get_template(name, skip=skip)
  File "C:\Users\HP\OneDrive\Documents\essetech\hotelapp\Hotel-website-Django\.venv\Lib\site-packages\django\template\loaders\cached.py", line 57, in get_template
    template = super().get_template(template_name, skip)
  File "C:\Users\HP\OneDrive\Documents\essetech\hotelapp\Hotel-website-Django\.venv\Lib\site-packages\django\template\loaders\base.py", line 28, in get_template
    return Template(
        contents,
    ...<2 lines>...
        self.engine,
    )
  File "C:\Users\HP\OneDrive\Documents\essetech\hotelapp\Hotel-website-Django\.venv\Lib\site-packages\django\template\base.py", line 154, in __init__
    self.nodelist = self.compile_nodelist()
                    ~~~~~~~~~~~~~~~~~~~~~^^
  File "C:\Users\HP\OneDrive\Documents\essetech\hotelapp\Hotel-website-Django\.venv\Lib\site-packages\django\template\base.py", line 196, in compile_nodelist
    nodelist = parser.parse()
  File "C:\Users\HP\OneDrive\Documents\essetech\hotelapp\Hotel-website-Django\.venv\Lib\site-packages\django\template\base.py", line 518, in parse
    raise self.error(token, e)
  File "C:\Users\HP\OneDrive\Documents\essetech\hotelapp\Hotel-website-Django\.venv\Lib\site-packages\django\template\base.py", line 516, in parse
    compiled_result = compile_func(self, token)
  File "C:\Users\HP\OneDrive\Documents\essetech\hotelapp\Hotel-website-Django\.venv\Lib\site-packages\django\template\loader_tags.py", line 295, in do_extends
    nodelist = parser.parse()
  File "C:\Users\HP\OneDrive\Documents\essetech\hotelapp\Hotel-website-Django\.venv\Lib\site-packages\django\template\base.py", line 518, in parse
    raise self.error(token, e)
  File "C:\Users\HP\OneDrive\Documents\essetech\hotelapp\Hotel-website-Django\.venv\Lib\site-packages\django\template\base.py", line 516, in parse
    compiled_result = compile_func(self, token)
  File "C:\Users\HP\OneDrive\Documents\essetech\hotelapp\Hotel-website-Django\.venv\Lib\site-packages\django\template\loader_tags.py", line 234, in do_block
    nodelist = parser.parse(("endblock",))
  File "C:\Users\HP\OneDrive\Documents\essetech\hotelapp\Hotel-website-Django\.venv\Lib\site-packages\django\template\base.py", line 489, in parse
    raise self.error(token, e)
  File "C:\Users\HP\OneDrive\Documents\essetech\hotelapp\Hotel-website-Django\.venv\Lib\site-packages\django\template\base.py", line 487, in parse
    filter_expression = self.compile_filter(token.contents)
  File "C:\Users\HP\OneDrive\Documents\essetech\hotelapp\Hotel-website-Django\.venv\Lib\site-packages\django\template\base.py", line 605, in compile_filter
    return FilterExpression(token, self)
  File "C:\Users\HP\OneDrive\Documents\essetech\hotelapp\Hotel-website-Django\.venv\Lib\site-packages\django\template\base.py", line 706, in __init__
    raise TemplateSyntaxError(
    ...<2 lines>...
    )
django.template.exceptions.TemplateSyntaxError: Could not parse the remainder: ''join_date',' from 'form.'join_date','
ERROR 2025-09-08 05:39:02,276 basehttp 7724 1292 "GET /edit_staff/1/ HTTP/1.1" 500 216761
ERROR 2025-09-08 05:39:05,593 log 7724 5212 Internal Server Error: /edit_staff/1/
Traceback (most recent call last):
  File "C:\Users\HP\OneDrive\Documents\essetech\hotelapp\Hotel-website-Django\.venv\Lib\site-packages\django\core\handlers\exception.py", line 55, in inner
    response = get_response(request)
  File "C:\Users\HP\OneDrive\Documents\essetech\hotelapp\Hotel-website-Django\.venv\Lib\site-packages\django\core\handlers\base.py", line 197, in _get_response
    response = wrapped_callback(request, *callback_args, **callback_kwargs)
  File "C:\Users\HP\OneDrive\Documents\essetech\hotelapp\Hotel-website-Django\.venv\Lib\site-packages\django\contrib\auth\decorators.py", line 60, in _view_wrapper
    return view_func(request, *args, **kwargs)
  File "C:\Users\HP\OneDrive\Documents\essetech\hotelapp\Hotel-website-Django\hotelapp\account\views.py", line 574, in edit_staff
    return render(request, 'dashboard/edit-staff.html', context)
  File "C:\Users\HP\OneDrive\Documents\essetech\hotelapp\Hotel-website-Django\.venv\Lib\site-packages\django\shortcuts.py", line 25, in render
    content = loader.render_to_string(template_name, context, request, using=using)
  File "C:\Users\HP\OneDrive\Documents\essetech\hotelapp\Hotel-website-Django\.venv\Lib\site-packages\django\template\loader.py", line 61, in render_to_string
    template = get_template(template_name, using=using)
  File "C:\Users\HP\OneDrive\Documents\essetech\hotelapp\Hotel-website-Django\.venv\Lib\site-packages\django\template\loader.py", line 15, in get_template
    return engine.get_template(template_name)
           ~~~~~~~~~~~~~~~~~~~^^^^^^^^^^^^^^^
  File "C:\Users\HP\OneDrive\Documents\essetech\hotelapp\Hotel-website-Django\.venv\Lib\site-packages\django\template\backends\django.py", line 79, in get_template
    return Template(self.engine.get_template(template_name), self)
                    ~~~~~~~~~~~~~~~~~~~~~~~~^^^^^^^^^^^^^^^
  File "C:\Users\HP\OneDrive\Documents\essetech\hotelapp\Hotel-website-Django\.venv\Lib\site-packages\django\template\engine.py", line 177, in get_template
    template, origin = self.find_template(template_name)
                       ~~~~~~~~~~~~~~~~~~^^^^^^^^^^^^^^^
  File "C:\Users\HP\OneDrive\Documents\essetech\hotelapp\Hotel-website-Django\.venv\Lib\site-packages\django\template\engine.py", line 159, in find_template
    template = loader.get_template(name, skip=skip)
  File "C:\Users\HP\OneDrive\Documents\essetech\hotelapp\Hotel-website-Django\.venv\Lib\site-packages\django\template\loaders\cached.py", line 57, in get_template
    template = super().get_template(template_name, skip)
  File "C:\Users\HP\OneDrive\Documents\essetech\hotelapp\Hotel-website-Django\.venv\Lib\site-packages\django\template\loaders\base.py", line 28, in get_template
    return Template(
        contents,
    ...<2 lines>...
        self.engine,
    )
  File "C:\Users\HP\OneDrive\Documents\essetech\hotelapp\Hotel-website-Django\.venv\Lib\site-packages\django\template\base.py", line 154, in __init__
    self.nodelist = self.compile_nodelist()
                    ~~~~~~~~~~~~~~~~~~~~~^^
  File "C:\Users\HP\OneDrive\Documents\essetech\hotelapp\Hotel-website-Django\.venv\Lib\site-packages\django\template\base.py", line 196, in compile_nodelist
    nodelist = parser.parse()
  File "C:\Users\HP\OneDrive\Documents\essetech\hotelapp\Hotel-website-Django\.venv\Lib\site-packages\django\template\base.py", line 518, in parse
    raise self.error(token, e)
  File "C:\Users\HP\OneDrive\Documents\essetech\hotelapp\Hotel-website-Django\.venv\Lib\site-packages\django\template\base.py", line 516, in parse
    compiled_result = compile_func(self, token)
  File "C:\Users\HP\OneDrive\Documents\essetech\hotelapp\Hotel-website-Django\.venv\Lib\site-packages\django\template\loader_tags.py", line 295, in do_extends
    nodelist = parser.parse()
  File "C:\Users\HP\OneDrive\Documents\essetech\hotelapp\Hotel-website-Django\.venv\Lib\site-packages\django\template\base.py", line 518, in parse
    raise self.error(token, e)
  File "C:\Users\HP\OneDrive\Documents\essetech\hotelapp\Hotel-website-Django\.venv\Lib\site-packages\django\template\base.py", line 516, in parse
    compiled_result = compile_func(self, token)
  File "C:\Users\HP\OneDrive\Documents\essetech\hotelapp\Hotel-website-Django\.venv\Lib\site-packages\django\template\loader_tags.py", line 234, in do_block
    nodelist = parser.parse(("endblock",))
  File "C:\Users\HP\OneDrive\Documents\essetech\hotelapp\Hotel-website-Django\.venv\Lib\site-packages\django\template\base.py", line 489, in parse
    raise self.error(token, e)
  File "C:\Users\HP\OneDrive\Documents\essetech\hotelapp\Hotel-website-Django\.venv\Lib\site-packages\django\template\base.py", line 487, in parse
    filter_expression = self.compile_filter(token.contents)
  File "C:\Users\HP\OneDrive\Documents\essetech\hotelapp\Hotel-website-Django\.venv\Lib\site-packages\django\template\base.py", line 605, in compile_filter
    return FilterExpression(token, self)
  File "C:\Users\HP\OneDrive\Documents\essetech\hotelapp\Hotel-website-Django\.venv\Lib\site-packages\django\template\base.py", line 706, in __init__
    raise TemplateSyntaxError(
    ...<2 lines>...
    )
django.template.exceptions.TemplateSyntaxError: Could not parse the remainder: ''join_date' from 'form.'join_date'
ERROR 2025-09-08 05:39:05,610 basehttp 7724 5212 "GET /edit_staff/1/ HTTP/1.1" 500 216621
ERROR 2025-09-08 05:39:07,820 log 7724 12460 Internal Server Error: /edit_staff/1/
Traceback (most recent call last):
  File "C:\Users\HP\OneDrive\Documents\essetech\hotelapp\Hotel-website-Django\.venv\Lib\site-packages\django\core\handlers\exception.py", line 55, in inner
    response = get_response(request)
  File "C:\Users\HP\OneDrive\Documents\essetech\hotelapp\Hotel-website-Django\.venv\Lib\site-packages\django\core\handlers\base.py", line 197, in _get_response
    response = wrapped_callback(request, *callback_args, **callback_kwargs)
  File "C:\Users\HP\OneDrive\Documents\essetech\hotelapp\Hotel-website-Django\.venv\Lib\site-packages\django\contrib\auth\decorators.py", line 60, in _view_wrapper
    return view_func(request, *args, **kwargs)
  File "C:\Users\HP\OneDrive\Documents\essetech\hotelapp\Hotel-website-Django\hotelapp\account\views.py", line 574, in edit_staff
    return render(request, 'dashboard/edit-staff.html', context)
  File "C:\Users\HP\OneDrive\Documents\essetech\hotelapp\Hotel-website-Django\.venv\Lib\site-packages\django\shortcuts.py", line 25, in render
    content = loader.render_to_string(template_name, context, request, using=using)
  File "C:\Users\HP\OneDrive\Documents\essetech\hotelapp\Hotel-website-Django\.venv\Lib\site-packages\django\template\loader.py", line 61, in render_to_string
    template = get_template(template_name, using=using)
  File "C:\Users\HP\OneDrive\Documents\essetech\hotelapp\Hotel-website-Django\.venv\Lib\site-packages\django\template\loader.py", line 15, in get_template
    return engine.get_template(template_name)
           ~~~~~~~~~~~~~~~~~~~^^^^^^^^^^^^^^^
  File "C:\Users\HP\OneDrive\Documents\essetech\hotelapp\Hotel-website-Django\.venv\Lib\site-packages\django\template\backends\django.py", line 79, in get_template
    return Template(self.engine.get_template(template_name), self)
                    ~~~~~~~~~~~~~~~~~~~~~~~~^^^^^^^^^^^^^^^
  File "C:\Users\HP\OneDrive\Documents\essetech\hotelapp\Hotel-website-Django\.venv\Lib\site-packages\django\template\engine.py", line 177, in get_template
    template, origin = self.find_template(template_name)
                       ~~~~~~~~~~~~~~~~~~^^^^^^^^^^^^^^^
  File "C:\Users\HP\OneDrive\Documents\essetech\hotelapp\Hotel-website-Django\.venv\Lib\site-packages\django\template\engine.py", line 159, in find_template
    template = loader.get_template(name, skip=skip)
  File "C:\Users\HP\OneDrive\Documents\essetech\hotelapp\Hotel-website-Django\.venv\Lib\site-packages\django\template\loaders\cached.py", line 57, in get_template
    template = super().get_template(template_name, skip)
  File "C:\Users\HP\OneDrive\Documents\essetech\hotelapp\Hotel-website-Django\.venv\Lib\site-packages\django\template\loaders\base.py", line 28, in get_template
    return Template(
        contents,
    ...<2 lines>...
        self.engine,
    )
  File "C:\Users\HP\OneDrive\Documents\essetech\hotelapp\Hotel-website-Django\.venv\Lib\site-packages\django\template\base.py", line 154, in __init__
    self.nodelist = self.compile_nodelist()
                    ~~~~~~~~~~~~~~~~~~~~~^^
  File "C:\Users\HP\OneDrive\Documents\essetech\hotelapp\Hotel-website-Django\.venv\Lib\site-packages\django\template\base.py", line 196, in compile_nodelist
    nodelist = parser.parse()
  File "C:\Users\HP\OneDrive\Documents\essetech\hotelapp\Hotel-website-Django\.venv\Lib\site-packages\django\template\base.py", line 518, in parse
    raise self.error(token, e)
  File "C:\Users\HP\OneDrive\Documents\essetech\hotelapp\Hotel-website-Django\.venv\Lib\site-packages\django\template\base.py", line 516, in parse
    compiled_result = compile_func(self, token)
  File "C:\Users\HP\OneDrive\Documents\essetech\hotelapp\Hotel-website-Django\.venv\Lib\site-packages\django\template\loader_tags.py", line 295, in do_extends
    nodelist = parser.parse()
  File "C:\Users\HP\OneDrive\Documents\essetech\hotelapp\Hotel-website-Django\.venv\Lib\site-packages\django\template\base.py", line 518, in parse
    raise self.error(token, e)
  File "C:\Users\HP\OneDrive\Documents\essetech\hotelapp\Hotel-website-Django\.venv\Lib\site-packages\django\template\base.py", line 516, in parse
    compiled_result = compile_func(self, token)
  File "C:\Users\HP\OneDrive\Documents\essetech\hotelapp\Hotel-website-Django\.venv\Lib\site-packages\django\template\loader_tags.py", line 234, in do_block
    nodelist = parser.parse(("endblock",))
  File "C:\Users\HP\OneDrive\Documents\essetech\hotelapp\Hotel-website-Django\.venv\Lib\site-packages\django\template\base.py", line 489, in parse
    raise self.error(token, e)
  File "C:\Users\HP\OneDrive\Documents\essetech\hotelapp\Hotel-website-Django\.venv\Lib\site-packages\django\template\base.py", line 487, in parse
    filter_expression = self.compile_filter(token.contents)
  File "C:\Users\HP\OneDrive\Documents\essetech\hotelapp\Hotel-website-Django\.venv\Lib\site-packages\django\template\base.py", line 605, in compile_filter
    return FilterExpression(token, self)
  File "C:\Users\HP\OneDrive\Documents\essetech\hotelapp\Hotel-website-Django\.venv\Lib\site-packages\django\template\base.py", line 706, in __init__
    raise TemplateSyntaxError(
    ...<2 lines>...
    )
django.template.exceptions.TemplateSyntaxError: Could not parse the remainder: ''join_date' from 'form.'join_date'
ERROR 2025-09-08 05:39:07,826 basehttp 7724 12460 "GET /edit_staff/1/ HTTP/1.1" 500 216068
ERROR 2025-09-08 05:39:10,999 log 7724 22088 Internal Server Error: /edit_staff/1/
Traceback (most recent call last):
  File "C:\Users\HP\OneDrive\Documents\essetech\hotelapp\Hotel-website-Django\.venv\Lib\site-packages\django\core\handlers\exception.py", line 55, in inner
    response = get_response(request)
  File "C:\Users\HP\OneDrive\Documents\essetech\hotelapp\Hotel-website-Django\.venv\Lib\site-packages\django\core\handlers\base.py", line 197, in _get_response
    response = wrapped_callback(request, *callback_args, **callback_kwargs)
  File "C:\Users\HP\OneDrive\Documents\essetech\hotelapp\Hotel-website-Django\.venv\Lib\site-packages\django\contrib\auth\decorators.py", line 60, in _view_wrapper
    return view_func(request, *args, **kwargs)
  File "C:\Users\HP\OneDrive\Documents\essetech\hotelapp\Hotel-website-Django\hotelapp\account\views.py", line 574, in edit_staff
    return render(request, 'dashboard/edit-staff.html', context)
  File "C:\Users\HP\OneDrive\Documents\essetech\hotelapp\Hotel-website-Django\.venv\Lib\site-packages\django\shortcuts.py", line 25, in render
    content = loader.render_to_string(template_name, context, request, using=using)
  File "C:\Users\HP\OneDrive\Documents\essetech\hotelapp\Hotel-website-Django\.venv\Lib\site-packages\django\template\loader.py", line 61, in render_to_string
    template = get_template(template_name, using=using)
  File "C:\Users\HP\OneDrive\Documents\essetech\hotelapp\Hotel-website-Django\.venv\Lib\site-packages\django\template\loader.py", line 15, in get_template
    return engine.get_template(template_name)
           ~~~~~~~~~~~~~~~~~~~^^^^^^^^^^^^^^^
  File "C:\Users\HP\OneDrive\Documents\essetech\hotelapp\Hotel-website-Django\.venv\Lib\site-packages\django\template\backends\django.py", line 79, in get_template
    return Template(self.engine.get_template(template_name), self)
                    ~~~~~~~~~~~~~~~~~~~~~~~~^^^^^^^^^^^^^^^
  File "C:\Users\HP\OneDrive\Documents\essetech\hotelapp\Hotel-website-Django\.venv\Lib\site-packages\django\template\engine.py", line 177, in get_template
    template, origin = self.find_template(template_name)
                       ~~~~~~~~~~~~~~~~~~^^^^^^^^^^^^^^^
  File "C:\Users\HP\OneDrive\Documents\essetech\hotelapp\Hotel-website-Django\.venv\Lib\site-packages\django\template\engine.py", line 159, in find_template
    template = loader.get_template(name, skip=skip)
  File "C:\Users\HP\OneDrive\Documents\essetech\hotelapp\Hotel-website-Django\.venv\Lib\site-packages\django\template\loaders\cached.py", line 57, in get_template
    template = super().get_template(template_name, skip)
  File "C:\Users\HP\OneDrive\Documents\essetech\hotelapp\Hotel-website-Django\.venv\Lib\site-packages\django\template\loaders\base.py", line 28, in get_template
    return Template(
        contents,
    ...<2 lines>...
        self.engine,
    )
  File "C:\Users\HP\OneDrive\Documents\essetech\hotelapp\Hotel-website-Django\.venv\Lib\site-packages\django\template\base.py", line 154, in __init__
    self.nodelist = self.compile_nodelist()
                    ~~~~~~~~~~~~~~~~~~~~~^^
  File "C:\Users\HP\OneDrive\Documents\essetech\hotelapp\Hotel-website-Django\.venv\Lib\site-packages\django\template\base.py", line 196, in compile_nodelist
    nodelist = parser.parse()
  File "C:\Users\HP\OneDrive\Documents\essetech\hotelapp\Hotel-website-Django\.venv\Lib\site-packages\django\template\base.py", line 518, in parse
    raise self.error(token, e)
  File "C:\Users\HP\OneDrive\Documents\essetech\hotelapp\Hotel-website-Django\.venv\Lib\site-packages\django\template\base.py", line 516, in parse
    compiled_result = compile_func(self, token)
  File "C:\Users\HP\OneDrive\Documents\essetech\hotelapp\Hotel-website-Django\.venv\Lib\site-packages\django\template\loader_tags.py", line 295, in do_extends
    nodelist = parser.parse()
  File "C:\Users\HP\OneDrive\Documents\essetech\hotelapp\Hotel-website-Django\.venv\Lib\site-packages\django\template\base.py", line 518, in parse
    raise self.error(token, e)
  File "C:\Users\HP\OneDrive\Documents\essetech\hotelapp\Hotel-website-Django\.venv\Lib\site-packages\django\template\base.py", line 516, in parse
    compiled_result = compile_func(self, token)
  File "C:\Users\HP\OneDrive\Documents\essetech\hotelapp\Hotel-website-Django\.venv\Lib\site-packages\django\template\loader_tags.py", line 234, in do_block
    nodelist = parser.parse(("endblock",))
  File "C:\Users\HP\OneDrive\Documents\essetech\hotelapp\Hotel-website-Django\.venv\Lib\site-packages\django\template\base.py", line 489, in parse
    raise self.error(token, e)
  File "C:\Users\HP\OneDrive\Documents\essetech\hotelapp\Hotel-website-Django\.venv\Lib\site-packages\django\template\base.py", line 487, in parse
    filter_expression = self.compile_filter(token.contents)
  File "C:\Users\HP\OneDrive\Documents\essetech\hotelapp\Hotel-website-Django\.venv\Lib\site-packages\django\template\base.py", line 605, in compile_filter
    return FilterExpression(token, self)
  File "C:\Users\HP\OneDrive\Documents\essetech\hotelapp\Hotel-website-Django\.venv\Lib\site-packages\django\template\base.py", line 706, in __init__
    raise TemplateSyntaxError(
    ...<2 lines>...
    )
django.template.exceptions.TemplateSyntaxError: Could not parse the remainder: ''join_date'' from 'form.'join_date''
ERROR 2025-09-08 05:39:11,006 basehttp 7724 22088 "GET /edit_staff/1/ HTTP/1.1" 500 216741
ERROR 2025-09-08 05:39:15,328 log 7724 12876 Internal Server Error: /edit_staff/1/
Traceback (most recent call last):
  File "C:\Users\HP\OneDrive\Documents\essetech\hotelapp\Hotel-website-Django\.venv\Lib\site-packages\django\core\handlers\exception.py", line 55, in inner
    response = get_response(request)
  File "C:\Users\HP\OneDrive\Documents\essetech\hotelapp\Hotel-website-Django\.venv\Lib\site-packages\django\core\handlers\base.py", line 197, in _get_response
    response = wrapped_callback(request, *callback_args, **callback_kwargs)
  File "C:\Users\HP\OneDrive\Documents\essetech\hotelapp\Hotel-website-Django\.venv\Lib\site-packages\django\contrib\auth\decorators.py", line 60, in _view_wrapper
    return view_func(request, *args, **kwargs)
  File "C:\Users\HP\OneDrive\Documents\essetech\hotelapp\Hotel-website-Django\hotelapp\account\views.py", line 574, in edit_staff
    return render(request, 'dashboard/edit-staff.html', context)
  File "C:\Users\HP\OneDrive\Documents\essetech\hotelapp\Hotel-website-Django\.venv\Lib\site-packages\django\shortcuts.py", line 25, in render
    content = loader.render_to_string(template_name, context, request, using=using)
  File "C:\Users\HP\OneDrive\Documents\essetech\hotelapp\Hotel-website-Django\.venv\Lib\site-packages\django\template\loader.py", line 61, in render_to_string
    template = get_template(template_name, using=using)
  File "C:\Users\HP\OneDrive\Documents\essetech\hotelapp\Hotel-website-Django\.venv\Lib\site-packages\django\template\loader.py", line 15, in get_template
    return engine.get_template(template_name)
           ~~~~~~~~~~~~~~~~~~~^^^^^^^^^^^^^^^
  File "C:\Users\HP\OneDrive\Documents\essetech\hotelapp\Hotel-website-Django\.venv\Lib\site-packages\django\template\backends\django.py", line 79, in get_template
    return Template(self.engine.get_template(template_name), self)
                    ~~~~~~~~~~~~~~~~~~~~~~~~^^^^^^^^^^^^^^^
  File "C:\Users\HP\OneDrive\Documents\essetech\hotelapp\Hotel-website-Django\.venv\Lib\site-packages\django\template\engine.py", line 177, in get_template
    template, origin = self.find_template(template_name)
                       ~~~~~~~~~~~~~~~~~~^^^^^^^^^^^^^^^
  File "C:\Users\HP\OneDrive\Documents\essetech\hotelapp\Hotel-website-Django\.venv\Lib\site-packages\django\template\engine.py", line 159, in find_template
    template = loader.get_template(name, skip=skip)
  File "C:\Users\HP\OneDrive\Documents\essetech\hotelapp\Hotel-website-Django\.venv\Lib\site-packages\django\template\loaders\cached.py", line 57, in get_template
    template = super().get_template(template_name, skip)
  File "C:\Users\HP\OneDrive\Documents\essetech\hotelapp\Hotel-website-Django\.venv\Lib\site-packages\django\template\loaders\base.py", line 28, in get_template
    return Template(
        contents,
    ...<2 lines>...
        self.engine,
    )
  File "C:\Users\HP\OneDrive\Documents\essetech\hotelapp\Hotel-website-Django\.venv\Lib\site-packages\django\template\base.py", line 154, in __init__
    self.nodelist = self.compile_nodelist()
                    ~~~~~~~~~~~~~~~~~~~~~^^
  File "C:\Users\HP\OneDrive\Documents\essetech\hotelapp\Hotel-website-Django\.venv\Lib\site-packages\django\template\base.py", line 196, in compile_nodelist
    nodelist = parser.parse()
  File "C:\Users\HP\OneDrive\Documents\essetech\hotelapp\Hotel-website-Django\.venv\Lib\site-packages\django\template\base.py", line 518, in parse
    raise self.error(token, e)
  File "C:\Users\HP\OneDrive\Documents\essetech\hotelapp\Hotel-website-Django\.venv\Lib\site-packages\django\template\base.py", line 516, in parse
    compiled_result = compile_func(self, token)
  File "C:\Users\HP\OneDrive\Documents\essetech\hotelapp\Hotel-website-Django\.venv\Lib\site-packages\django\template\loader_tags.py", line 295, in do_extends
    nodelist = parser.parse()
  File "C:\Users\HP\OneDrive\Documents\essetech\hotelapp\Hotel-website-Django\.venv\Lib\site-packages\django\template\base.py", line 518, in parse
    raise self.error(token, e)
  File "C:\Users\HP\OneDrive\Documents\essetech\hotelapp\Hotel-website-Django\.venv\Lib\site-packages\django\template\base.py", line 516, in parse
    compiled_result = compile_func(self, token)
  File "C:\Users\HP\OneDrive\Documents\essetech\hotelapp\Hotel-website-Django\.venv\Lib\site-packages\django\template\loader_tags.py", line 234, in do_block
    nodelist = parser.parse(("endblock",))
  File "C:\Users\HP\OneDrive\Documents\essetech\hotelapp\Hotel-website-Django\.venv\Lib\site-packages\django\template\base.py", line 489, in parse
    raise self.error(token, e)
  File "C:\Users\HP\OneDrive\Documents\essetech\hotelapp\Hotel-website-Django\.venv\Lib\site-packages\django\template\base.py", line 487, in parse
    filter_expression = self.compile_filter(token.contents)
  File "C:\Users\HP\OneDrive\Documents\essetech\hotelapp\Hotel-website-Django\.venv\Lib\site-packages\django\template\base.py", line 605, in compile_filter
    return FilterExpression(token, self)
  File "C:\Users\HP\OneDrive\Documents\essetech\hotelapp\Hotel-website-Django\.venv\Lib\site-packages\django\template\base.py", line 706, in __init__
    raise TemplateSyntaxError(
    ...<2 lines>...
    )
django.template.exceptions.TemplateSyntaxError: Could not parse the remainder: ''join_date' from 'form.'join_date'
ERROR 2025-09-08 05:39:15,336 basehttp 7724 12876 "GET /edit_staff/1/ HTTP/1.1" 500 216621
INFO 2025-09-08 05:39:17,453 basehttp 7724 23668 "GET /edit_staff/1/ HTTP/1.1" 200 28001
INFO 2025-09-08 05:39:17,494 basehttp 7724 23668 "GET /static/css/dist/styles.css?v=1757353157 HTTP/1.1" 200 104468
INFO 2025-09-08 05:39:57,912 autoreload 7724 17512 C:\Users\HP\OneDrive\Documents\essetech\hotelapp\Hotel-website-Django\hotelapp\account\forms.py changed, reloading.
INFO 2025-09-08 05:40:00,183 autoreload 11408 7516 Watching for file changes with StatReloader
INFO 2025-09-08 05:40:01,229 basehttp 11408 7112 "GET /edit_staff/1/ HTTP/1.1" 200 27987
INFO 2025-09-08 05:40:01,350 basehttp 11408 7112 "GET /static/css/dist/styles.css?v=1757353201 HTTP/1.1" 200 104468
INFO 2025-09-08 05:40:11,931 autoreload 11408 7516 C:\Users\HP\OneDrive\Documents\essetech\hotelapp\Hotel-website-Django\hotelapp\account\forms.py changed, reloading.
INFO 2025-09-08 05:40:13,160 autoreload 19916 15740 Watching for file changes with StatReloader
INFO 2025-09-08 05:40:14,313 basehttp 19916 19628 "GET /edit_staff/1/ HTTP/1.1" 200 27974
INFO 2025-09-08 05:40:14,456 basehttp 19916 19628 "GET /static/css/dist/styles.css?v=1757353214 HTTP/1.1" 200 104468
INFO 2025-09-08 05:40:33,291 autoreload 19916 15740 C:\Users\HP\OneDrive\Documents\essetech\hotelapp\Hotel-website-Django\hotelapp\account\forms.py changed, reloading.
INFO 2025-09-08 05:40:37,881 autoreload 23808 20744 Watching for file changes with StatReloader
INFO 2025-09-08 05:40:39,000 basehttp 23808 23064 "GET /edit_staff/1/ HTTP/1.1" 200 27968
INFO 2025-09-08 05:40:39,132 basehttp 23808 23064 "GET /static/css/dist/styles.css?v=1757353238 HTTP/1.1" 200 104468
INFO 2025-09-08 05:41:05,351 autoreload 23808 20744 C:\Users\HP\OneDrive\Documents\essetech\hotelapp\Hotel-website-Django\hotelapp\account\forms.py changed, reloading.
INFO 2025-09-08 05:41:06,389 autoreload 23576 6264 Watching for file changes with StatReloader
INFO 2025-09-08 05:41:07,525 basehttp 23576 1004 "GET /edit_staff/1/ HTTP/1.1" 200 27968
INFO 2025-09-08 05:41:07,634 basehttp 23576 1004 "GET /static/css/dist/styles.css?v=1757353267 HTTP/1.1" 200 104468
INFO 2025-09-08 05:41:19,359 basehttp 23576 2152 "POST /edit_staff/1/ HTTP/1.1" 302 0
INFO 2025-09-08 05:41:19,418 basehttp 23576 2152 "GET /dashboard/ HTTP/1.1" 200 59690
INFO 2025-09-08 05:41:19,470 basehttp 23576 2152 "GET /static/css/dist/styles.css?v=1757353279 HTTP/1.1" 200 104468
INFO 2025-09-08 05:41:24,589 basehttp 23576 23396 "GET /add-room/ HTTP/1.1" 200 59060
INFO 2025-09-08 05:41:24,626 basehttp 23576 23396 "GET /static/css/dist/styles.css?v=1757353284 HTTP/1.1" 200 104468
INFO 2025-09-08 05:41:29,265 basehttp 23576 21284 "GET /services/ HTTP/1.1" 200 38323
INFO 2025-09-08 05:41:29,313 basehttp 23576 21284 "GET /static/css/dist/styles.css?v=1757353289 HTTP/1.1" 200 104468
WARNING 2025-09-08 05:41:32,656 log 23576 18504 Not Found: /api/mark-guests-seen/
WARNING 2025-09-08 05:41:32,657 basehttp 23576 18504 "POST /api/mark-guests-seen/ HTTP/1.1" 404 13454
INFO 2025-09-08 05:41:32,678 basehttp 23576 5928 "GET /guest/ HTTP/1.1" 200 21371
INFO 2025-09-08 05:41:32,722 basehttp 23576 5928 "GET /static/css/dist/styles.css?v=1757353292 HTTP/1.1" 200 104468
WARNING 2025-09-08 05:41:34,391 log 23576 18504 Not Found: /api/mark-reservations-seen/
WARNING 2025-09-08 05:41:34,391 basehttp 23576 18504 "POST /api/mark-reservations-seen/ HTTP/1.1" 404 13472
INFO 2025-09-08 05:41:34,435 basehttp 23576 8980 "GET /reservation/ HTTP/1.1" 200 46802
INFO 2025-09-08 05:41:34,477 basehttp 23576 8980 "GET /static/css/dist/styles.css?v=1757353294 HTTP/1.1" 200 104468
INFO 2025-09-08 05:43:52,705 basehttp 23576 2752 "GET /reservation/ HTTP/1.1" 200 46802
WARNING 2025-09-08 05:43:52,763 basehttp 23576 2752 "GET /static/css/dist/styles.css?v=1757353432 HTTP/1.1" 404 1884
INFO 2025-09-08 05:43:56,925 basehttp 23576 22240 "GET /reservation/ HTTP/1.1" 200 46802
INFO 2025-09-08 05:43:56,956 basehttp 23576 22240 "GET /static/css/dist/styles.css?v=1757353436 HTTP/1.1" 200 81543
INFO 2025-09-08 05:44:49,108 autoreload 11856 11272 Watching for file changes with StatReloader
INFO 2025-09-08 05:44:50,296 basehttp 11856 1376 "GET /reservation/ HTTP/1.1" 200 46802
INFO 2025-09-08 05:44:50,405 basehttp 11856 1376 "GET /static/css/dist/styles.css?v=1757353490 HTTP/1.1" 200 81543
INFO 2025-09-08 05:48:13,424 basehttp 11856 18056 "GET /reservation/ HTTP/1.1" 200 46802
INFO 2025-09-08 05:48:13,466 basehttp 11856 18056 "GET /static/css/dist/styles.css?v=1757353693 HTTP/1.1" 200 104468
INFO 2025-09-08 05:48:22,152 basehttp 11856 22988 "GET /reservation/ HTTP/1.1" 200 50401
INFO 2025-09-08 05:48:22,194 basehttp 11856 22988 "GET /static/css/dist/styles.css?v=1757353702 HTTP/1.1" 200 104708
INFO 2025-09-08 05:48:36,401 basehttp 11856 3956 "GET /reservation/ HTTP/1.1" 200 53503
INFO 2025-09-08 05:48:36,435 basehttp 11856 3956 "GET /static/css/dist/styles.css?v=1757353716 HTTP/1.1" 200 104708
INFO 2025-09-08 05:49:25,471 basehttp 11856 7636 "GET /reservation/ HTTP/1.1" 200 53503
INFO 2025-09-08 05:49:25,511 basehttp 11856 7636 "GET /static/css/dist/styles.css?v=1757353765 HTTP/1.1" 200 104708
INFO 2025-09-08 05:52:22,028 basehttp 11856 7492 "GET /reservation/ HTTP/1.1" 200 52648
INFO 2025-09-08 05:52:22,070 basehttp 11856 7492 "GET /static/css/dist/styles.css?v=1757353941 HTTP/1.1" 200 104708
INFO 2025-09-08 05:52:40,411 basehttp 11856 1872 "GET /reservation/ HTTP/1.1" 200 53041
INFO 2025-09-08 05:52:40,496 basehttp 11856 1872 "GET /static/css/dist/styles.css?v=1757353960 HTTP/1.1" 200 104708
INFO 2025-09-08 05:53:49,650 basehttp 11856 11380 "GET /reservation/edit/1/ HTTP/1.1" 200 29578
INFO 2025-09-08 05:53:49,711 basehttp 11856 11380 "GET /static/css/dist/styles.css?v=1757354029 HTTP/1.1" 200 104708
INFO 2025-09-08 05:54:16,162 basehttp 11856 16020 "GET /reservation/edit/1/ HTTP/1.1" 200 29578
INFO 2025-09-08 05:54:16,220 basehttp 11856 16020 "GET /static/css/dist/styles.css?v=1757354056 HTTP/1.1" 200 104708
INFO 2025-09-08 05:55:06,726 basehttp 11856 10496 "GET /reservation/edit/1/ HTTP/1.1" 200 29578
INFO 2025-09-08 05:55:06,790 basehttp 11856 10496 "GET /static/css/dist/styles.css?v=1757354106 HTTP/1.1" 200 104708
WARNING 2025-09-08 05:55:10,100 log 11856 19836 Not Found: /api/mark-reservations-seen/
WARNING 2025-09-08 05:55:10,101 basehttp 11856 19836 "POST /api/mark-reservations-seen/ HTTP/1.1" 404 13472
INFO 2025-09-08 05:55:10,241 basehttp 11856 19480 "GET /reservation/ HTTP/1.1" 200 52690
INFO 2025-09-08 05:55:10,304 basehttp 11856 19480 "GET /static/css/dist/styles.css?v=1757354110 HTTP/1.1" 200 104708
INFO 2025-09-08 05:55:24,806 basehttp 11856 19836 "GET /reservation/ HTTP/1.1" 200 52676
INFO 2025-09-08 05:55:24,874 basehttp 11856 19836 "GET /static/css/dist/styles.css?v=1757354124 HTTP/1.1" 200 104708
INFO 2025-09-08 05:55:31,192 basehttp 11856 15372 "GET /reservation/ HTTP/1.1" 200 52677
INFO 2025-09-08 05:55:31,234 basehttp 11856 15372 "GET /static/css/dist/styles.css?v=1757354131 HTTP/1.1" 200 104708
INFO 2025-09-08 05:55:34,413 basehttp 11856 13736 "GET /reservation/ HTTP/1.1" 200 52679
INFO 2025-09-08 05:55:34,456 basehttp 11856 13736 "GET /static/css/dist/styles.css?v=1757354134 HTTP/1.1" 200 104708
INFO 2025-09-08 05:55:37,771 basehttp 11856 13896 "GET /reservation/ HTTP/1.1" 200 52695
INFO 2025-09-08 05:55:37,835 basehttp 11856 13896 "GET /static/css/dist/styles.css?v=1757354137 HTTP/1.1" 200 104708
INFO 2025-09-08 05:55:38,750 basehttp 11856 16636 "GET /reservation/ HTTP/1.1" 200 52695
INFO 2025-09-08 05:55:38,815 basehttp 11856 16636 "GET /static/css/dist/styles.css?v=1757354138 HTTP/1.1" 200 105004
INFO 2025-09-08 05:55:39,816 basehttp 11856 24452 "GET /reservation/ HTTP/1.1" 200 52695
INFO 2025-09-08 05:55:39,908 basehttp 11856 24452 "GET /static/css/dist/styles.css?v=1757354139 HTTP/1.1" 200 105004
INFO 2025-09-08 05:56:06,652 basehttp 11856 14136 "GET /reservation/edit/1/ HTTP/1.1" 200 32546
INFO 2025-09-08 05:56:06,737 basehttp 11856 14136 "GET /static/css/dist/styles.css?v=1757354166 HTTP/1.1" 200 105004
INFO 2025-09-08 05:56:21,515 basehttp 11856 18188 "GET /reservation/edit/1/ HTTP/1.1" 200 32546
INFO 2025-09-08 05:56:21,669 basehttp 11856 18188 "GET /static/css/dist/styles.css?v=1757354181 HTTP/1.1" 200 105004
INFO 2025-09-08 05:57:07,005 basehttp 11856 20476 "GET /add-room/ HTTP/1.1" 200 59060
INFO 2025-09-08 05:57:07,055 basehttp 11856 20476 "GET /static/css/dist/styles.css?v=1757354226 HTTP/1.1" 200 105004
INFO 2025-09-08 05:57:49,179 basehttp 11856 976 "GET /add-room/ HTTP/1.1" 200 59060
INFO 2025-09-08 05:57:49,222 basehttp 11856 976 "GET /static/css/dist/styles.css?v=1757354269 HTTP/1.1" 200 105004
WARNING 2025-09-08 05:57:53,482 log 11856 22012 Not Found: /api/mark-reservations-seen/
WARNING 2025-09-08 05:57:53,483 basehttp 11856 22012 "POST /api/mark-reservations-seen/ HTTP/1.1" 404 13472
INFO 2025-09-08 05:57:53,552 basehttp 11856 16104 "GET /reservation/ HTTP/1.1" 200 52695
INFO 2025-09-08 05:57:53,595 basehttp 11856 16104 "GET /static/css/dist/styles.css?v=1757354273 HTTP/1.1" 200 105004
INFO 2025-09-08 05:57:54,846 basehttp 11856 22012 "GET /reservation/edit/1/ HTTP/1.1" 200 32564
INFO 2025-09-08 05:57:54,888 basehttp 11856 22012 "GET /static/css/dist/styles.css?v=1757354274 HTTP/1.1" 200 105004
INFO 2025-09-08 05:58:37,409 basehttp 11856 15536 "GET /reservation/edit/1/ HTTP/1.1" 200 32564
INFO 2025-09-08 05:58:37,458 basehttp 11856 15536 "GET /static/css/dist/styles.css?v=1757354317 HTTP/1.1" 200 105042
INFO 2025-09-08 05:58:48,310 basehttp 11856 3708 "GET /reservation/delete/1/ HTTP/1.1" 302 0
INFO 2025-09-08 05:58:48,362 basehttp 11856 3708 "GET /reservation/ HTTP/1.1" 200 52695
INFO 2025-09-08 05:58:48,403 basehttp 11856 3708 "GET /static/css/dist/styles.css?v=1757354328 HTTP/1.1" 200 105042
INFO 2025-09-08 05:58:53,745 basehttp 11856 24264 "GET /reservation/edit/1/ HTTP/1.1" 200 32564
INFO 2025-09-08 05:58:53,792 basehttp 11856 24264 "GET /static/css/dist/styles.css?v=1757354333 HTTP/1.1" 200 105042
INFO 2025-09-08 05:59:25,027 basehttp 11856 12872 "GET /reservation/ HTTP/1.1" 200 52695
INFO 2025-09-08 05:59:25,071 basehttp 11856 12872 "GET /static/css/dist/styles.css?v=1757354364 HTTP/1.1" 200 105042
INFO 2025-09-08 05:59:33,151 basehttp 11856 10740 "GET /reservation/ HTTP/1.1" 200 52695
INFO 2025-09-08 05:59:33,195 basehttp 11856 10740 "GET /static/css/dist/styles.css?v=1757354373 HTTP/1.1" 200 105042
INFO 2025-09-08 05:59:36,549 basehttp 11856 19424 "GET /reservation/edit/1/ HTTP/1.1" 200 32564
INFO 2025-09-08 05:59:36,592 basehttp 11856 19424 "GET /static/css/dist/styles.css?v=1757354376 HTTP/1.1" 200 105042
INFO 2025-09-08 05:59:37,479 basehttp 11856 12040 "GET /reservation/ HTTP/1.1" 200 52695
INFO 2025-09-08 05:59:37,522 basehttp 11856 12040 "GET /static/css/dist/styles.css?v=1757354377 HTTP/1.1" 200 105042
INFO 2025-09-08 05:59:40,436 basehttp 11856 10624 "GET /manage-hotel-account/ HTTP/1.1" 200 48397
INFO 2025-09-08 05:59:40,482 basehttp 11856 10624 "GET /static/css/dist/styles.css?v=1757354380 HTTP/1.1" 200 105042
WARNING 2025-09-08 05:59:41,562 log 11856 9660 Not Found: /api/mark-reservations-seen/
WARNING 2025-09-08 05:59:41,574 basehttp 11856 9660 "POST /api/mark-reservations-seen/ HTTP/1.1" 404 13472
INFO 2025-09-08 05:59:41,645 basehttp 11856 17240 "GET /reservation/ HTTP/1.1" 200 52695
INFO 2025-09-08 05:59:41,688 basehttp 11856 17240 "GET /static/css/dist/styles.css?v=1757354381 HTTP/1.1" 200 105042
WARNING 2025-09-08 05:59:42,966 log 11856 9660 Not Found: /api/mark-guests-seen/
WARNING 2025-09-08 05:59:42,970 basehttp 11856 9660 "POST /api/mark-guests-seen/ HTTP/1.1" 404 13454
INFO 2025-09-08 05:59:43,024 basehttp 11856 10660 "GET /guest/ HTTP/1.1" 200 21371
INFO 2025-09-08 05:59:43,096 basehttp 11856 10660 "GET /static/css/dist/styles.css?v=1757354382 HTTP/1.1" 200 105042
INFO 2025-09-08 05:59:44,430 basehttp 11856 9660 "GET /services/ HTTP/1.1" 200 38323
INFO 2025-09-08 05:59:44,471 basehttp 11856 9660 "GET /static/css/dist/styles.css?v=1757354384 HTTP/1.1" 200 105042
INFO 2025-09-08 05:59:45,864 basehttp 11856 23856 "GET /add-room/ HTTP/1.1" 200 59060
INFO 2025-09-08 05:59:45,908 basehttp 11856 23856 "GET /static/css/dist/styles.css?v=1757354385 HTTP/1.1" 200 105042
INFO 2025-09-08 05:59:46,674 basehttp 11856 17468 "GET /dashboard/ HTTP/1.1" 200 58340
INFO 2025-09-08 05:59:46,712 basehttp 11856 17468 "GET /static/css/dist/styles.css?v=1757354386 HTTP/1.1" 200 105042
WARNING 2025-09-08 05:59:47,484 log 11856 21872 Not Found: /api/mark-reservations-seen/
WARNING 2025-09-08 05:59:47,485 basehttp 11856 21872 "POST /api/mark-reservations-seen/ HTTP/1.1" 404 13472
INFO 2025-09-08 05:59:47,521 basehttp 11856 1544 "GET /reservation/ HTTP/1.1" 200 52695
INFO 2025-09-08 05:59:47,575 basehttp 11856 1544 "GET /static/css/dist/styles.css?v=1757354387 HTTP/1.1" 200 105042
INFO 2025-09-08 06:01:06,599 basehttp 11856 21872 "POST /reservation/ HTTP/1.1" 302 0
INFO 2025-09-08 06:01:06,647 basehttp 11856 21872 "GET /reservation/ HTTP/1.1" 200 65895
INFO 2025-09-08 06:01:06,692 basehttp 11856 21872 "GET /static/css/dist/styles.css?v=1757354466 HTTP/1.1" 200 105042
INFO 2025-09-08 06:01:12,282 basehttp 11856 22648 "GET /reservation/edit/2/ HTTP/1.1" 200 32536
INFO 2025-09-08 06:01:12,335 basehttp 11856 22648 "GET /static/css/dist/styles.css?v=1757354472 HTTP/1.1" 200 105042
INFO 2025-09-08 06:01:19,365 basehttp 11856 20744 "POST /reservation/edit/2/ HTTP/1.1" 302 0
INFO 2025-09-08 06:01:19,421 basehttp 11856 20744 "GET /reservation/ HTTP/1.1" 200 65906
INFO 2025-09-08 06:01:19,466 basehttp 11856 20744 "GET /static/css/dist/styles.css?v=1757354479 HTTP/1.1" 200 105042
INFO 2025-09-08 06:01:28,670 basehttp 11856 3620 "GET /manage-account/ HTTP/1.1" 200 42021
INFO 2025-09-08 06:01:28,719 basehttp 11856 3620 "GET /static/css/dist/styles.css?v=1757354488 HTTP/1.1" 200 105042
INFO 2025-09-08 06:01:28,762 basehttp 11856 3620 "GET /media/profile/ph_29158_105569.jpg HTTP/1.1" 304 0
INFO 2025-09-08 06:01:34,322 basehttp 11856 15684 "GET /reset_password/ HTTP/1.1" 200 7725
INFO 2025-09-08 06:01:34,365 basehttp 11856 15684 "GET /static/css/dist/styles.css?v=1757354494 HTTP/1.1" 200 105042
INFO 2025-09-08 06:01:57,713 basehttp 11856 19676 "GET /manage-account/ HTTP/1.1" 200 42021
INFO 2025-09-08 06:01:57,759 basehttp 11856 19676 "GET /static/css/dist/styles.css?v=1757354517 HTTP/1.1" 200 105042
INFO 2025-09-08 06:02:10,262 basehttp 11856 15888 "POST /manage-account/ HTTP/1.1" 302 0
INFO 2025-09-08 06:02:10,311 basehttp 11856 15888 "GET /profile/ HTTP/1.1" 200 23801
INFO 2025-09-08 06:02:10,361 basehttp 11856 15888 "GET /static/css/dist/styles.css?v=1757354530 HTTP/1.1" 200 105042
INFO 2025-09-08 06:03:50,987 autoreload 11856 11272 C:\Users\HP\OneDrive\Documents\essetech\hotelapp\Hotel-website-Django\hotelapp\account\views.py changed, reloading.
INFO 2025-09-08 06:03:52,554 autoreload 3644 22680 Watching for file changes with StatReloader
INFO 2025-09-08 06:03:53,753 basehttp 3644 22828 "GET /profile/ HTTP/1.1" 200 22117
INFO 2025-09-08 06:03:53,871 basehttp 3644 22828 "GET /static/css/dist/styles.css?v=1757354633 HTTP/1.1" 200 105042
INFO 2025-09-08 06:03:54,524 basehttp 3644 18244 "GET /manage-account/ HTTP/1.1" 200 42021
INFO 2025-09-08 06:03:54,571 basehttp 3644 18244 "GET /static/css/dist/styles.css?v=1757354634 HTTP/1.1" 200 105042
INFO 2025-09-08 06:03:57,503 basehttp 3644 22432 "GET /manage-account/ HTTP/1.1" 200 42021
INFO 2025-09-08 06:03:57,557 basehttp 3644 22432 "GET /static/css/dist/styles.css?v=1757354637 HTTP/1.1" 200 105042
INFO 2025-09-08 06:04:04,766 basehttp 3644 23028 "POST /manage-account/ HTTP/1.1" 302 0
INFO 2025-09-08 06:04:04,795 basehttp 3644 23028 "GET /manage-account/ HTTP/1.1" 200 43366
INFO 2025-09-08 06:04:04,841 basehttp 3644 23028 "GET /static/css/dist/styles.css?v=1757354644 HTTP/1.1" 200 105042
INFO 2025-09-08 06:05:01,371 basehttp 3644 21356 "GET /manage-account/ HTTP/1.1" 200 42043
INFO 2025-09-08 06:05:01,422 basehttp 3644 21356 "GET /static/css/dist/styles.css?v=1757354701 HTTP/1.1" 200 105042
INFO 2025-09-08 06:05:09,155 basehttp 3644 10700 "GET /reset_password/ HTTP/1.1" 200 7725
INFO 2025-09-08 06:05:09,210 basehttp 3644 10700 "GET /static/css/dist/styles.css?v=1757354709 HTTP/1.1" 200 105042
INFO 2025-09-08 06:05:11,083 basehttp 3644 7036 "POST /reset_password/ HTTP/1.1" 302 0
INFO 2025-09-08 06:05:11,120 basehttp 3644 7036 "GET /reset_password_sent/ HTTP/1.1" 200 5896
INFO 2025-09-08 06:05:11,165 basehttp 3644 7036 "GET /static/css/dist/styles.css?v=1757354711 HTTP/1.1" 200 105042
INFO 2025-09-08 06:05:35,829 basehttp 3644 19176 "GET /reset_password/ HTTP/1.1" 200 7725
INFO 2025-09-08 06:05:35,897 basehttp 3644 19176 "GET /static/css/dist/styles.css?v=1757354735 HTTP/1.1" 200 105042
INFO 2025-09-08 06:05:38,194 basehttp 3644 4360 "GET /login/ HTTP/1.1" 200 11508
INFO 2025-09-08 06:05:38,233 basehttp 3644 4360 "GET /static/css/dist/styles.css?v=1757354738 HTTP/1.1" 200 105042
INFO 2025-09-08 06:05:50,644 basehttp 3644 7440 "GET / HTTP/1.1" 200 14770
INFO 2025-09-08 06:05:50,704 basehttp 3644 7440 "GET /static/css/dist/styles.css?v=1757354750 HTTP/1.1" 200 105042
INFO 2025-09-08 06:05:52,355 basehttp 3644 19980 "GET /hotel_rooms/ HTTP/1.1" 200 18150
INFO 2025-09-08 06:05:52,442 basehttp 3644 19980 "GET /static/css/dist/styles.css?v=1757354752 HTTP/1.1" 200 105042
INFO 2025-09-08 06:06:02,696 basehttp 3644 19192 "GET /hotel_rooms/?search=&loc-search= HTTP/1.1" 200 18150
INFO 2025-09-08 06:06:02,748 basehttp 3644 19192 "GET /static/css/dist/styles.css?v=1757354762 HTTP/1.1" 200 105042
INFO 2025-09-08 06:06:05,990 basehttp 3644 21120 "GET /hotel_rooms/?search=&loc-search= HTTP/1.1" 200 18150
INFO 2025-09-08 06:06:06,034 basehttp 3644 21120 "GET /static/css/dist/styles.css?v=1757354765 HTTP/1.1" 200 105042
INFO 2025-09-08 06:06:11,961 basehttp 3644 16168 "GET /about/ HTTP/1.1" 200 14677
INFO 2025-09-08 06:06:12,034 basehttp 3644 16168 "GET /static/css/dist/styles.css?v=1757354771 HTTP/1.1" 200 105042
INFO 2025-09-08 06:06:14,678 basehttp 3644 22436 "GET /hotel/ HTTP/1.1" 200 15981
INFO 2025-09-08 06:06:14,722 basehttp 3644 22436 "GET /static/css/dist/styles.css?v=1757354774 HTTP/1.1" 200 105042
INFO 2025-09-08 06:06:18,812 basehttp 3644 23468 "GET / HTTP/1.1" 200 14770
INFO 2025-09-08 06:06:18,849 basehttp 3644 23468 "GET /static/css/dist/styles.css?v=1757354778 HTTP/1.1" 200 105042
INFO 2025-09-08 06:08:08,400 basehttp 3644 16072 "GET / HTTP/1.1" 200 14770
WARNING 2025-09-08 06:08:08,450 basehttp 3644 16072 "GET /static/css/dist/styles.css?v=1757354888 HTTP/1.1" 404 1884
INFO 2025-09-08 06:08:12,558 basehttp 3644 22044 "GET / HTTP/1.1" 200 14770
INFO 2025-09-08 06:08:12,588 basehttp 3644 22044 "GET /static/css/dist/styles.css?v=1757354892 HTTP/1.1" 200 81945
INFO 2025-09-08 21:09:23,320 autoreload 22576 21188 Watching for file changes with StatReloader
INFO 2025-09-08 21:13:15,870 autoreload 22576 21188 C:\Users\HP\OneDrive\Documents\essetech\hotelapp\Hotel-website-Django\hotelapp\account\views.py changed, reloading.
INFO 2025-09-08 21:13:18,156 autoreload 23676 22184 Watching for file changes with StatReloader
INFO 2025-09-08 21:13:43,178 autoreload 23676 22184 C:\Users\HP\OneDrive\Documents\essetech\hotelapp\Hotel-website-Django\hotelapp\account\views.py changed, reloading.
INFO 2025-09-08 21:13:44,126 autoreload 13936 8232 Watching for file changes with StatReloader
INFO 2025-09-08 21:44:46,517 autoreload 13936 8232 C:\Users\HP\OneDrive\Documents\essetech\hotelapp\Hotel-website-Django\hotelapp\account\views.py changed, reloading.
INFO 2025-09-08 21:44:47,750 autoreload 16860 20420 Watching for file changes with StatReloader
INFO 2025-09-08 21:52:09,343 autoreload 16860 20420 C:\Users\HP\OneDrive\Documents\essetech\hotelapp\Hotel-website-Django\hotelapp\core\views.py changed, reloading.
INFO 2025-09-08 21:52:11,544 autoreload 740 20056 Watching for file changes with StatReloader
INFO 2025-09-08 21:53:11,526 autoreload 740 20056 C:\Users\HP\OneDrive\Documents\essetech\hotelapp\Hotel-website-Django\hotelapp\core\views.py changed, reloading.
INFO 2025-09-08 21:53:12,588 autoreload 7972 8336 Watching for file changes with StatReloader
INFO 2025-09-08 21:53:15,019 autoreload 7972 8336 C:\Users\HP\OneDrive\Documents\essetech\hotelapp\Hotel-website-Django\hotelapp\core\views.py changed, reloading.
INFO 2025-09-08 21:53:15,899 autoreload 4488 5160 Watching for file changes with StatReloader
INFO 2025-09-08 21:53:20,860 autoreload 4488 5160 C:\Users\HP\OneDrive\Documents\essetech\hotelapp\Hotel-website-Django\hotelapp\core\views.py changed, reloading.
INFO 2025-09-08 21:53:21,807 autoreload 1656 19984 Watching for file changes with StatReloader
INFO 2025-09-08 21:53:31,315 autoreload 1656 19984 C:\Users\HP\OneDrive\Documents\essetech\hotelapp\Hotel-website-Django\hotelapp\core\views.py changed, reloading.
INFO 2025-09-08 21:53:33,008 autoreload 21940 19736 Watching for file changes with StatReloader
INFO 2025-09-08 21:53:42,970 autoreload 21940 19736 C:\Users\HP\OneDrive\Documents\essetech\hotelapp\Hotel-website-Django\hotelapp\core\views.py changed, reloading.
INFO 2025-09-08 21:53:43,932 autoreload 10488 7384 Watching for file changes with StatReloader
INFO 2025-09-08 21:53:55,505 autoreload 10488 7384 C:\Users\HP\OneDrive\Documents\essetech\hotelapp\Hotel-website-Django\hotelapp\core\views.py changed, reloading.
INFO 2025-09-08 21:53:56,896 autoreload 16484 3540 Watching for file changes with StatReloader
INFO 2025-09-08 21:54:00,080 autoreload 16484 3540 C:\Users\HP\OneDrive\Documents\essetech\hotelapp\Hotel-website-Django\hotelapp\core\views.py changed, reloading.
INFO 2025-09-08 21:54:01,517 autoreload 11068 14224 Watching for file changes with StatReloader
INFO 2025-09-08 21:54:03,776 autoreload 11068 14224 C:\Users\HP\OneDrive\Documents\essetech\hotelapp\Hotel-website-Django\hotelapp\core\views.py changed, reloading.
INFO 2025-09-08 21:54:04,534 autoreload 17752 9732 Watching for file changes with StatReloader
INFO 2025-09-08 21:54:11,848 autoreload 17752 9732 C:\Users\HP\OneDrive\Documents\essetech\hotelapp\Hotel-website-Django\hotelapp\core\views.py changed, reloading.
INFO 2025-09-08 21:54:12,626 autoreload 24012 22384 Watching for file changes with StatReloader
INFO 2025-09-08 21:54:27,475 autoreload 24012 22384 C:\Users\HP\OneDrive\Documents\essetech\hotelapp\Hotel-website-Django\hotelapp\core\views.py changed, reloading.
INFO 2025-09-08 21:54:28,300 autoreload 16992 18712 Watching for file changes with StatReloader
INFO 2025-09-08 21:54:30,493 autoreload 16992 18712 C:\Users\HP\OneDrive\Documents\essetech\hotelapp\Hotel-website-Django\hotelapp\core\views.py changed, reloading.
INFO 2025-09-08 21:54:31,473 autoreload 13540 17852 Watching for file changes with StatReloader
INFO 2025-09-08 21:59:19,042 autoreload 13540 17852 C:\Users\HP\OneDrive\Documents\essetech\hotelapp\Hotel-website-Django\hotelapp\core\views.py changed, reloading.
INFO 2025-09-08 21:59:20,060 autoreload 19668 19256 Watching for file changes with StatReloader
INFO 2025-09-08 21:59:24,874 autoreload 19668 19256 C:\Users\HP\OneDrive\Documents\essetech\hotelapp\Hotel-website-Django\hotelapp\core\views.py changed, reloading.
INFO 2025-09-08 21:59:26,191 autoreload 1100 4284 Watching for file changes with StatReloader
INFO 2025-09-08 21:59:29,783 autoreload 1100 4284 C:\Users\HP\OneDrive\Documents\essetech\hotelapp\Hotel-website-Django\hotelapp\core\views.py changed, reloading.
INFO 2025-09-08 21:59:30,761 autoreload 13080 10984 Watching for file changes with StatReloader
INFO 2025-09-08 21:59:39,326 autoreload 13080 10984 C:\Users\HP\OneDrive\Documents\essetech\hotelapp\Hotel-website-Django\hotelapp\core\views.py changed, reloading.
INFO 2025-09-08 21:59:40,237 autoreload 22148 3928 Watching for file changes with StatReloader
INFO 2025-09-08 22:02:20,584 autoreload 22148 3928 C:\Users\HP\OneDrive\Documents\essetech\hotelapp\Hotel-website-Django\hotelapp\core\views.py changed, reloading.
INFO 2025-09-08 22:02:22,416 autoreload 14896 15868 Watching for file changes with StatReloader
INFO 2025-09-08 22:03:44,522 autoreload 14896 15868 C:\Users\HP\OneDrive\Documents\essetech\hotelapp\Hotel-website-Django\hotelapp\core\views.py changed, reloading.
INFO 2025-09-08 22:03:45,558 autoreload 20672 19644 Watching for file changes with StatReloader
INFO 2025-09-14 20:13:25,903 autoreload 13420 4584 Watching for file changes with StatReloader
INFO 2025-09-14 20:13:47,359 basehttp 13420 7868 "GET / HTTP/1.1" 200 11110
INFO 2025-09-14 20:13:47,718 basehttp 13420 9436 "GET /static/css/style.css HTTP/1.1" 200 25498
INFO 2025-09-14 20:13:47,721 basehttp 13420 1784 "GET /static/css/dist/styles.css?v=1757924027 HTTP/1.1" 200 81945
INFO 2025-09-14 20:13:47,738 basehttp 13420 9436 "GET /static/image/assets/hotel_48dp_FILL0_wght400_GRAD0_opsz48.png HTTP/1.1" 304 0
INFO 2025-09-14 20:13:47,738 basehttp 13420 1784 "GET /static/image/assets/backgorund1.jpg HTTP/1.1" 304 0
INFO 2025-09-14 20:13:47,862 basehttp 13420 1784 "GET /static/js/app.js HTTP/1.1" 200 4028
INFO 2025-09-14 20:13:47,869 basehttp 13420 1784 "GET /static/django-browser-reload/reload-listener.js HTTP/1.1" 304 0
INFO 2025-09-14 20:13:48,579 basehttp 13420 1784 "GET /static/django-browser-reload/reload-worker.js HTTP/1.1" 304 0
WARNING 2025-09-14 20:13:48,782 log 13420 9436 Not Found: /favicon.ico
WARNING 2025-09-14 20:13:48,784 basehttp 13420 9436 "GET /favicon.ico HTTP/1.1" 404 13423
INFO 2025-09-14 20:13:51,692 basehttp 13420 15304 "GET /static/image/assets/backgorund2.jpg HTTP/1.1" 304 0
INFO 2025-09-14 20:13:54,694 basehttp 13420 15304 "GET /static/image/assets/backgorund3.jpg HTTP/1.1" 304 0
INFO 2025-09-14 20:13:57,692 basehttp 13420 15304 "GET /static/image/assets/backgorund4.jpg HTTP/1.1" 304 0
INFO 2025-09-14 20:14:00,704 basehttp 13420 15304 "GET /static/image/assets/backgorund5.jpg HTTP/1.1" 304 0
INFO 2025-09-14 20:14:03,708 basehttp 13420 15304 "GET /static/image/assets/room.jpg HTTP/1.1" 304 0
INFO 2025-09-14 20:14:15,661 basehttp 13420 12360 "GET /hotel/ HTTP/1.1" 200 12471
INFO 2025-09-14 20:14:15,768 basehttp 13420 12360 "GET /static/css/dist/styles.css?v=1757924055 HTTP/1.1" 200 81945
INFO 2025-09-14 20:14:15,776 basehttp 13420 7764 "GET /static/image/assets/dinner1.jpg HTTP/1.1" 304 0
INFO 2025-09-14 20:14:20,951 basehttp 13420 12360 "GET /contact/ HTTP/1.1" 200 13215
INFO 2025-09-14 20:14:21,005 basehttp 13420 12360 "GET /static/css/dist/styles.css?v=1757924060 HTTP/1.1" 200 81945
INFO 2025-09-14 20:14:21,037 basehttp 13420 12260 "GET /static/image/assets/undraw_conversation_15p8.svg HTTP/1.1" 200 24075
INFO 2025-09-14 20:15:52,335 basehttp 13420 12360 "GET /contact/ HTTP/1.1" 200 13215
INFO 2025-09-14 20:15:52,423 basehttp 13420 12360 "GET /static/css/dist/styles.css?v=1757924152 HTTP/1.1" 200 105000
INFO 2025-09-14 22:42:16,977 basehttp 13420 24116 "GET /admin/ HTTP/1.1" 302 0
INFO 2025-09-14 22:42:17,248 basehttp 13420 24116 "GET /admin/login/?next=/admin/ HTTP/1.1" 200 4350
INFO 2025-09-14 22:42:17,348 basehttp 13420 24116 "GET /static/admin/css/base.css HTTP/1.1" 304 0
INFO 2025-09-14 22:42:17,351 basehttp 13420 21340 "GET /static/admin/css/dark_mode.css HTTP/1.1" 304 0
INFO 2025-09-14 22:42:17,357 basehttp 13420 22320 "GET /static/admin/css/login.css HTTP/1.1" 304 0
INFO 2025-09-14 22:42:17,359 basehttp 13420 18676 "GET /static/admin/css/nav_sidebar.css HTTP/1.1" 304 0
INFO 2025-09-14 22:42:17,362 basehttp 13420 24116 "GET /static/admin/js/theme.js HTTP/1.1" 304 0
INFO 2025-09-14 22:42:17,363 basehttp 13420 13572 "GET /static/admin/css/responsive.css HTTP/1.1" 304 0
INFO 2025-09-14 22:42:17,396 basehttp 13420 13572 "GET /static/admin/js/nav_sidebar.js HTTP/1.1" 304 0
INFO 2025-09-14 22:42:24,072 basehttp 13420 13572 "POST /admin/login/?next=/admin/ HTTP/1.1" 302 0
INFO 2025-09-14 22:42:24,170 basehttp 13420 13572 "GET /admin/ HTTP/1.1" 200 14913
INFO 2025-09-14 22:42:24,218 basehttp 13420 13572 "GET /static/admin/css/dashboard.css HTTP/1.1" 304 0
INFO 2025-09-14 22:42:24,241 basehttp 13420 13572 "GET /static/admin/img/icon-addlink.svg HTTP/1.1" 304 0
INFO 2025-09-14 22:42:24,242 basehttp 13420 24116 "GET /static/admin/img/icon-changelink.svg HTTP/1.1" 304 0
INFO 2025-09-14 22:42:28,235 basehttp 13420 13572 "GET /admin/core/lead/ HTTP/1.1" 200 14873
INFO 2025-09-14 22:42:28,285 basehttp 13420 13572 "GET /static/admin/css/changelists.css HTTP/1.1" 304 0
INFO 2025-09-14 22:42:28,301 basehttp 13420 21340 "GET /static/admin/js/admin/RelatedObjectLookups.js HTTP/1.1" 304 0
INFO 2025-09-14 22:42:28,302 basehttp 13420 18676 "GET /static/admin/js/core.js HTTP/1.1" 304 0
INFO 2025-09-14 22:42:28,302 basehttp 13420 22320 "GET /static/admin/js/jquery.init.js HTTP/1.1" 304 0
INFO 2025-09-14 22:42:28,304 basehttp 13420 13572 "GET /static/admin/js/vendor/jquery/jquery.js HTTP/1.1" 304 0
INFO 2025-09-14 22:42:28,310 basehttp 13420 18676 "GET /static/admin/js/prepopulate.js HTTP/1.1" 304 0
INFO 2025-09-14 22:42:28,312 basehttp 13420 21340 "GET /static/admin/js/actions.js HTTP/1.1" 304 0
INFO 2025-09-14 22:42:28,312 basehttp 13420 22320 "GET /static/admin/js/urlify.js HTTP/1.1" 304 0
INFO 2025-09-14 22:42:28,323 basehttp 13420 13572 "GET /static/admin/js/vendor/xregexp/xregexp.js HTTP/1.1" 304 0
INFO 2025-09-14 22:42:28,325 basehttp 13420 22320 "GET /static/admin/img/search.svg HTTP/1.1" 304 0
INFO 2025-09-14 22:42:28,346 basehttp 13420 22320 "GET /static/admin/js/filters.js HTTP/1.1" 304 0
INFO 2025-09-14 22:42:28,402 basehttp 13420 24116 "GET /admin/jsi18n/ HTTP/1.1" 200 3342
INFO 2025-09-14 22:42:28,503 basehttp 13420 24116 "GET /static/admin/img/tooltag-add.svg HTTP/1.1" 304 0
INFO 2025-09-14 22:42:28,504 basehttp 13420 22320 "GET /static/admin/img/icon-viewlink.svg HTTP/1.1" 304 0
INFO 2025-09-14 22:43:05,097 basehttp 13420 22320 "GET /admin/core/hotel/ HTTP/1.1" 200 17424
INFO 2025-09-14 22:43:05,178 basehttp 13420 22320 "GET /admin/jsi18n/ HTTP/1.1" 200 3342
INFO 2025-09-14 22:43:05,231 basehttp 13420 22320 "GET /static/admin/img/sorting-icons.svg HTTP/1.1" 304 0
WARNING 2025-09-14 22:43:21,451 log 13420 9896 Forbidden (CSRF token from POST incorrect.): /contact/
WARNING 2025-09-14 22:43:21,469 basehttp 13420 9896 "POST /contact/ HTTP/1.1" 403 2693
INFO 2025-09-14 22:46:06,315 basehttp 13420 14812 "GET /contact/ HTTP/1.1" 200 16437
INFO 2025-09-14 22:46:06,411 basehttp 13420 14812 "GET /static/css/dist/styles.css?v=1757933166 HTTP/1.1" 200 105000
INFO 2025-09-14 22:46:21,936 basehttp 13420 8396 "GET /contact/ HTTP/1.1" 200 16437
INFO 2025-09-14 22:46:21,985 basehttp 13420 8396 "GET /static/css/dist/styles.css?v=1757933181 HTTP/1.1" 200 105000
WARNING 2025-09-14 22:46:36,553 views 13420 8396 Failed to send contact notification email: (535, b'Authentication Failed')
WARNING 2025-09-14 22:46:39,551 views 13420 8396 Failed to send contact confirmation email to user: (535, b'Authentication Failed')
INFO 2025-09-14 22:46:39,565 basehttp 13420 8396 "POST /contact/ HTTP/1.1" 302 0
INFO 2025-09-14 22:46:39,596 basehttp 13420 8396 "GET /contact/ HTTP/1.1" 200 18091
INFO 2025-09-14 22:46:39,640 basehttp 13420 8396 "GET /static/css/dist/styles.css?v=1757933199 HTTP/1.1" 200 105000
INFO 2025-09-14 22:48:03,598 autoreload 13420 4584 C:\Users\HP\OneDrive\Documents\essetech\hotelapp\Hotel-website-Django\hotelapp\core\views.py changed, reloading.
INFO 2025-09-14 22:48:12,612 autoreload 11888 8392 Watching for file changes with StatReloader
INFO 2025-09-14 22:48:16,595 basehttp 11888 2976 "GET /contact/ HTTP/1.1" 200 16437
INFO 2025-09-14 22:48:16,773 basehttp 11888 2976 "GET /static/css/dist/styles.css?v=1757933296 HTTP/1.1" 200 105000
INFO 2025-09-14 22:49:07,391 basehttp 11888 13884 "GET /contact/ HTTP/1.1" 200 16437
INFO 2025-09-14 22:49:07,428 basehttp 11888 13884 "GET /static/css/dist/styles.css?v=1757933347 HTTP/1.1" 200 105000
WARNING 2025-09-14 22:49:27,092 views 11888 12140 Failed to send contact confirmation email to user: (535, b'Authentication Failed')
INFO 2025-09-14 22:49:27,131 basehttp 11888 12140 "POST /contact/ HTTP/1.1" 302 0
INFO 2025-09-14 22:49:27,172 basehttp 11888 12140 "GET /contact/ HTTP/1.1" 200 18091
INFO 2025-09-14 22:49:27,213 basehttp 11888 12140 "GET /static/css/dist/styles.css?v=1757933367 HTTP/1.1" 200 105000
INFO 2025-09-14 22:49:53,152 basehttp 11888 2216 "GET /admin/core/hotel/ HTTP/1.1" 200 17424
INFO 2025-09-14 22:49:53,320 basehttp 11888 2216 "GET /admin/jsi18n/ HTTP/1.1" 200 3342
INFO 2025-09-14 22:49:53,942 basehttp 11888 2216 "GET /admin/core/lead/ HTTP/1.1" 200 17840
INFO 2025-09-14 22:49:54,021 basehttp 11888 2216 "GET /admin/jsi18n/ HTTP/1.1" 200 3342
INFO 2025-09-14 22:50:03,600 basehttp 11888 19028 "POST /admin/core/lead/ HTTP/1.1" 200 13439
INFO 2025-09-14 22:50:03,730 basehttp 11888 19028 "GET /static/admin/js/cancel.js HTTP/1.1" 200 884
INFO 2025-09-14 22:50:05,195 basehttp 11888 15168 "POST /admin/core/lead/ HTTP/1.1" 302 0
INFO 2025-09-14 22:50:05,245 basehttp 11888 15168 "GET /admin/core/lead/ HTTP/1.1" 200 17118
INFO 2025-09-14 22:50:05,308 basehttp 11888 15168 "GET /admin/jsi18n/ HTTP/1.1" 200 3342
INFO 2025-09-14 22:50:05,339 basehttp 11888 15168 "GET /static/admin/img/icon-yes.svg HTTP/1.1" 304 0
INFO 2025-09-14 22:50:08,236 basehttp 11888 15168 "GET /admin/core/manager/ HTTP/1.1" 200 15671
INFO 2025-09-14 22:50:08,324 basehttp 11888 15168 "GET /admin/jsi18n/ HTTP/1.1" 200 3342
INFO 2025-09-14 22:50:30,403 basehttp 11888 13836 "GET /admin/core/customuser/ HTTP/1.1" 200 17881
INFO 2025-09-14 22:50:30,458 basehttp 11888 10096 "GET /static/admin/img/icon-no.svg HTTP/1.1" 304 0
INFO 2025-09-14 22:50:30,483 basehttp 11888 13836 "GET /admin/jsi18n/ HTTP/1.1" 200 3342
INFO 2025-09-14 22:50:37,905 basehttp 11888 8744 "GET /admin/core/customuser/add/ HTTP/1.1" 200 26799
INFO 2025-09-14 22:50:37,951 basehttp 11888 8744 "GET /static/admin/css/forms.css HTTP/1.1" 304 0
INFO 2025-09-14 22:50:37,971 basehttp 11888 16208 "GET /static/admin/css/unusable_password_field.css HTTP/1.1" 304 0
INFO 2025-09-14 22:50:37,981 basehttp 11888 6620 "GET /static/admin/js/inlines.js HTTP/1.1" 304 0
INFO 2025-09-14 22:50:37,982 basehttp 11888 16208 "GET /static/admin/css/widgets.css HTTP/1.1" 304 0
INFO 2025-09-14 22:50:37,988 basehttp 11888 9688 "GET /static/admin/js/prepopulate_init.js HTTP/1.1" 304 0
INFO 2025-09-14 22:50:38,005 basehttp 11888 8744 "GET /admin/jsi18n/ HTTP/1.1" 200 3342
INFO 2025-09-14 22:50:38,005 basehttp 11888 9688 "GET /static/admin/img/icon-deletelink.svg HTTP/1.1" 304 0
INFO 2025-09-14 22:50:38,022 basehttp 11888 8744 "GET /static/admin/js/change_form.js HTTP/1.1" 304 0
INFO 2025-09-14 22:50:38,040 basehttp 11888 8744 "GET /static/admin/js/unusable_password_field.js HTTP/1.1" 304 0
INFO 2025-09-14 22:50:38,140 basehttp 11888 8744 "GET /static/admin/img/inline-delete.svg HTTP/1.1" 304 0
INFO 2025-09-14 22:50:43,346 basehttp 11888 8744 "GET /admin/core/customuser/ HTTP/1.1" 200 17881
INFO 2025-09-14 22:50:45,761 basehttp 11888 1464 "GET /admin/core/customuser/add/ HTTP/1.1" 200 26799
INFO 2025-09-14 22:50:45,838 basehttp 11888 1464 "GET /admin/jsi18n/ HTTP/1.1" 200 3342
INFO 2025-09-14 22:50:55,868 basehttp 11888 7296 "POST /admin/core/customuser/add/ HTTP/1.1" 200 26982
INFO 2025-09-14 22:50:55,933 basehttp 11888 7296 "GET /admin/jsi18n/ HTTP/1.1" 200 3342
INFO 2025-09-14 22:51:18,053 basehttp 11888 11084 "GET /admin/core/hotel/add/?_to_field=id&_popup=1 HTTP/1.1" 200 11950
INFO 2025-09-14 22:51:18,102 basehttp 11888 2632 "GET /static/admin/js/SelectBox.js HTTP/1.1" 304 0
INFO 2025-09-14 22:51:18,108 basehttp 11888 17432 "GET /static/admin/js/SelectFilter2.js HTTP/1.1" 304 0
INFO 2025-09-14 22:51:18,143 basehttp 11888 11084 "GET /admin/jsi18n/ HTTP/1.1" 200 3342
INFO 2025-09-14 22:51:18,265 basehttp 11888 11084 "GET /static/admin/img/selector-icons.svg HTTP/1.1" 304 0
INFO 2025-09-14 22:58:36,920 basehttp 11888 18368 "POST /admin/core/hotel/add/?_to_field=id&_popup=1 HTTP/1.1" 200 12282
INFO 2025-09-14 22:58:36,978 basehttp 11888 18368 "GET /admin/jsi18n/ HTTP/1.1" 200 3342
INFO 2025-09-14 22:59:45,628 basehttp 11888 21856 "POST /admin/core/hotel/add/?_to_field=id&_popup=1 HTTP/1.1" 200 522
INFO 2025-09-14 22:59:45,725 basehttp 11888 21856 "GET /static/admin/js/popup_response.js HTTP/1.1" 200 532
INFO 2025-09-14 22:59:56,809 basehttp 11888 21856 "POST /admin/core/customuser/add/ HTTP/1.1" 302 0
INFO 2025-09-14 22:59:57,053 basehttp 11888 21856 "GET /admin/core/customuser/3/change/ HTTP/1.1" 200 41502
INFO 2025-09-14 22:59:57,155 basehttp 11888 21856 "GET /admin/jsi18n/ HTTP/1.1" 200 3342
INFO 2025-09-14 22:59:57,229 basehttp 11888 3068 "GET /static/admin/js/calendar.js HTTP/1.1" 200 9141
INFO 2025-09-14 22:59:57,249 basehttp 11888 18288 "GET /static/admin/js/admin/DateTimeShortcuts.js HTTP/1.1" 200 19319
INFO 2025-09-14 22:59:57,408 basehttp 11888 21856 "GET /static/admin/img/icon-calendar.svg HTTP/1.1" 200 1086
INFO 2025-09-14 22:59:57,417 basehttp 11888 8644 "GET /static/admin/img/icon-clock.svg HTTP/1.1" 200 677
INFO 2025-09-14 22:59:57,420 basehttp 11888 3068 "GET /static/admin/img/icon-unknown-alt.svg HTTP/1.1" 200 655
INFO 2025-09-14 22:59:57,428 basehttp 11888 18288 "GET /static/admin/img/icon-unknown.svg HTTP/1.1" 200 655
INFO 2025-09-14 22:59:59,998 basehttp 11888 18288 "GET /admin/core/manager/ HTTP/1.1" 200 16174
INFO 2025-09-14 23:00:00,079 basehttp 11888 18288 "GET /admin/jsi18n/ HTTP/1.1" 200 3342
INFO 2025-09-14 23:00:24,587 basehttp 11888 18536 "GET /logout_user/ HTTP/1.1" 302 0
INFO 2025-09-14 23:00:24,677 basehttp 11888 18536 "GET / HTTP/1.1" 200 13159
INFO 2025-09-14 23:00:24,732 basehttp 11888 18536 "GET /static/css/dist/styles.css?v=1757934024 HTTP/1.1" 200 105000
INFO 2025-09-14 23:00:29,588 basehttp 11888 18536 "GET /sign_up/ HTTP/1.1" 200 16069
INFO 2025-09-14 23:00:29,654 basehttp 11888 18536 "GET /static/css/dist/styles.css?v=1757934029 HTTP/1.1" 200 105000
INFO 2025-09-14 23:00:32,143 basehttp 11888 16208 "GET /login/ HTTP/1.1" 200 11508
INFO 2025-09-14 23:00:32,187 basehttp 11888 16208 "GET /static/css/dist/styles.css?v=1757934032 HTTP/1.1" 200 105000
INFO 2025-09-14 23:00:42,157 basehttp 11888 20052 "POST /login/ HTTP/1.1" 302 0
INFO 2025-09-14 23:00:42,356 basehttp 11888 20052 "GET /dashboard/ HTTP/1.1" 200 56148
INFO 2025-09-14 23:00:42,421 basehttp 11888 20052 "GET /static/css/dist/styles.css?v=1757934042 HTTP/1.1" 200 105000
INFO 2025-09-14 23:00:57,909 basehttp 11888 14212 "GET /manage-hotel-account/ HTTP/1.1" 200 47590
INFO 2025-09-14 23:00:57,967 basehttp 11888 14212 "GET /static/css/dist/styles.css?v=1757934057 HTTP/1.1" 200 105000
INFO 2025-09-14 23:01:32,158 basehttp 11888 21624 "GET /add-room/ HTTP/1.1" 200 40955
INFO 2025-09-14 23:01:32,228 basehttp 11888 21624 "GET /static/css/dist/styles.css?v=1757934092 HTTP/1.1" 200 105000
INFO 2025-09-14 23:02:36,499 basehttp 11888 18132 "POST /add-room/ HTTP/1.1" 302 0
INFO 2025-09-14 23:02:36,549 basehttp 11888 18132 "GET /dashboard/ HTTP/1.1" 200 56148
INFO 2025-09-14 23:02:36,601 basehttp 11888 18132 "GET /static/css/dist/styles.css?v=1757934156 HTTP/1.1" 200 105000
INFO 2025-09-14 23:02:40,587 basehttp 11888 18132 "GET /add-room/ HTTP/1.1" 200 43196
INFO 2025-09-14 23:02:40,644 basehttp 11888 18132 "GET /static/css/dist/styles.css?v=1757934160 HTTP/1.1" 200 105000
INFO 2025-09-14 23:03:11,507 basehttp 11888 14296 "GET /manage-hotel-account/ HTTP/1.1" 200 47590
INFO 2025-09-14 23:03:11,556 basehttp 11888 14296 "GET /static/css/dist/styles.css?v=1757934191 HTTP/1.1" 200 105000
INFO 2025-09-14 23:03:22,899 basehttp 11888 6788 "POST /manage-hotel-account/ HTTP/1.1" 302 0
INFO 2025-09-14 23:03:22,948 basehttp 11888 6788 "GET /manage-hotel-account/ HTTP/1.1" 200 49741
INFO 2025-09-14 23:03:22,992 basehttp 11888 6788 "GET /static/css/dist/styles.css?v=1757934202 HTTP/1.1" 200 105000
INFO 2025-09-14 23:03:26,766 basehttp 11888 7576 "GET /add-room/ HTTP/1.1" 200 43240
INFO 2025-09-14 23:03:26,817 basehttp 11888 7576 "GET /static/css/dist/styles.css?v=1757934206 HTTP/1.1" 200 105000
INFO 2025-09-14 23:03:58,155 basehttp 11888 12224 "POST /add-room/ HTTP/1.1" 302 0
INFO 2025-09-14 23:03:58,199 basehttp 11888 12224 "GET /dashboard/ HTTP/1.1" 200 56148
INFO 2025-09-14 23:03:58,252 basehttp 11888 12224 "GET /static/css/dist/styles.css?v=1757934238 HTTP/1.1" 200 105000
INFO 2025-09-14 23:04:00,184 basehttp 11888 12224 "GET /add-room/ HTTP/1.1" 200 48561
INFO 2025-09-14 23:04:00,229 basehttp 11888 12224 "GET /static/css/dist/styles.css?v=1757934240 HTTP/1.1" 200 105000
INFO 2025-09-14 23:04:04,224 basehttp 11888 12224 "GET /edit_room/5/edit/ HTTP/1.1" 200 25437
INFO 2025-09-14 23:04:04,268 basehttp 11888 12224 "GET /static/css/dist/styles.css?v=1757934244 HTTP/1.1" 200 105000
INFO 2025-09-14 23:04:14,037 basehttp 11888 6872 "POST /edit_room/5/edit/ HTTP/1.1" 302 0
INFO 2025-09-14 23:04:14,130 basehttp 11888 6872 "GET /add_room_detail/5/ HTTP/1.1" 200 27702
INFO 2025-09-14 23:04:14,176 basehttp 11888 6872 "GET /static/css/dist/styles.css?v=1757934254 HTTP/1.1" 200 105000
INFO 2025-09-14 23:04:25,443 basehttp 11888 14672 "GET /add-room/ HTTP/1.1" 200 48561
INFO 2025-09-14 23:04:25,496 basehttp 11888 14672 "GET /static/css/dist/styles.css?v=1757934265 HTTP/1.1" 200 105000
INFO 2025-09-14 23:05:31,829 basehttp 11888 19580 "POST /add-room/ HTTP/1.1" 302 0
INFO 2025-09-14 23:05:31,865 basehttp 11888 19580 "GET /dashboard/ HTTP/1.1" 200 56148
INFO 2025-09-14 23:05:31,911 basehttp 11888 19580 "GET /static/css/dist/styles.css?v=1757934331 HTTP/1.1" 200 105000
INFO 2025-09-14 23:05:35,002 basehttp 11888 19580 "GET /add-room/ HTTP/1.1" 200 53876
INFO 2025-09-14 23:05:35,052 basehttp 11888 19580 "GET /static/css/dist/styles.css?v=1757934334 HTTP/1.1" 200 105000
INFO 2025-09-14 23:06:07,577 basehttp 11888 12428 "GET /add-room/ HTTP/1.1" 200 53879
INFO 2025-09-14 23:06:07,633 basehttp 11888 12428 "GET /static/css/dist/styles.css?v=1757934367 HTTP/1.1" 200 105000
INFO 2025-09-14 23:06:10,670 basehttp 11888 12428 "GET /add-room/ HTTP/1.1" 200 53882
INFO 2025-09-14 23:06:10,716 basehttp 11888 12428 "GET /static/css/dist/styles.css?v=1757934370 HTTP/1.1" 200 105000
INFO 2025-09-14 23:06:13,979 basehttp 11888 23620 "GET /add-room/ HTTP/1.1" 200 53882
INFO 2025-09-14 23:06:14,019 basehttp 11888 23620 "GET /static/css/dist/styles.css?v=1757934373 HTTP/1.1" 200 105000
INFO 2025-09-14 23:06:17,078 basehttp 11888 23620 "GET /add-room/ HTTP/1.1" 200 53882
INFO 2025-09-14 23:06:17,119 basehttp 11888 23620 "GET /static/css/dist/styles.css?v=1757934377 HTTP/1.1" 200 105000
INFO 2025-09-14 23:06:37,890 basehttp 11888 20844 "GET /add-room/ HTTP/1.1" 200 53888
INFO 2025-09-14 23:06:37,976 basehttp 11888 20844 "GET /static/css/dist/styles.css?v=1757934397 HTTP/1.1" 200 105000
INFO 2025-09-14 23:06:40,042 basehttp 11888 20844 "GET /add-room/ HTTP/1.1" 200 53888
INFO 2025-09-14 23:06:40,083 basehttp 11888 20844 "GET /static/css/dist/styles.css?v=1757934400 HTTP/1.1" 200 105000
INFO 2025-09-14 23:07:10,329 basehttp 11888 15480 "POST /add-room/ HTTP/1.1" 302 0
INFO 2025-09-14 23:07:10,414 basehttp 11888 15480 "GET /dashboard/ HTTP/1.1" 200 56148
INFO 2025-09-14 23:07:10,470 basehttp 11888 15480 "GET /static/css/dist/styles.css?v=1757934430 HTTP/1.1" 200 105000
INFO 2025-09-14 23:07:22,413 basehttp 11888 18012 "GET /add-room/ HTTP/1.1" 200 59213
INFO 2025-09-14 23:07:22,477 basehttp 11888 18012 "GET /static/css/dist/styles.css?v=1757934442 HTTP/1.1" 200 105000
INFO 2025-09-14 23:07:57,122 autoreload 11888 8392 C:\Users\HP\OneDrive\Documents\essetech\hotelapp\Hotel-website-Django\hotelapp\account\views.py changed, reloading.
INFO 2025-09-14 23:08:00,068 autoreload 24076 16828 Watching for file changes with StatReloader
INFO 2025-09-14 23:08:02,376 basehttp 24076 12428 "GET /add-room/ HTTP/1.1" 200 59213
INFO 2025-09-14 23:08:02,605 basehttp 24076 12428 "GET /static/css/dist/styles.css?v=1757934482 HTTP/1.1" 200 105000
INFO 2025-09-14 23:08:09,244 basehttp 24076 21312 "GET /services/ HTTP/1.1" 200 31401
INFO 2025-09-14 23:08:09,293 basehttp 24076 21312 "GET /static/css/dist/styles.css?v=1757934489 HTTP/1.1" 200 105000
INFO 2025-09-14 23:11:05,494 basehttp 24076 5192 "POST /services/ HTTP/1.1" 302 0
INFO 2025-09-14 23:11:05,538 basehttp 24076 5192 "GET /services/ HTTP/1.1" 200 35217
INFO 2025-09-14 23:11:05,589 basehttp 24076 5192 "GET /static/css/dist/styles.css?v=1757934665 HTTP/1.1" 200 105000
INFO 2025-10-14 17:14:59,753 autoreload 16672 21612 Watching for file changes with StatReloader
INFO 2025-10-14 17:15:45,265 basehttp 16672 2724 "GET / HTTP/1.1" 200 11110
INFO 2025-10-14 17:15:45,485 basehttp 16672 19724 "GET /static/image/assets/backgorund1.jpg HTTP/1.1" 304 0
INFO 2025-10-14 17:15:45,491 basehttp 16672 16328 "GET /static/image/assets/hotel_48dp_FILL0_wght400_GRAD0_opsz48.png HTTP/1.1" 304 0
INFO 2025-10-14 17:15:45,614 basehttp 16672 2724 "GET /static/css/style.css HTTP/1.1" 200 25498
INFO 2025-10-14 17:15:45,619 basehttp 16672 13476 "GET /static/css/dist/styles.css?v=1760505345 HTTP/1.1" 200 105000
INFO 2025-10-14 17:15:45,745 basehttp 16672 16328 "GET /static/js/app.js HTTP/1.1" 200 4028
INFO 2025-10-14 17:15:45,761 basehttp 16672 16328 "GET /static/django-browser-reload/reload-listener.js HTTP/1.1" 304 0
INFO 2025-10-14 17:15:46,112 basehttp 16672 16328 "GET /static/django-browser-reload/reload-worker.js HTTP/1.1" 304 0
INFO 2025-10-14 17:15:49,296 basehttp 16672 13476 "GET /static/image/assets/backgorund2.jpg HTTP/1.1" 304 0
INFO 2025-10-14 17:15:51,798 basehttp 16672 13476 "GET /hotel_rooms/ HTTP/1.1" 200 16799
INFO 2025-10-14 17:15:51,896 basehttp 16672 13476 "GET /static/css/dist/styles.css?v=1760505351 HTTP/1.1" 200 105000
INFO 2025-10-14 17:15:52,111 basehttp 16672 2724 "GET /static/image/assets/dinner1.jpg HTTP/1.1" 200 8822182
INFO 2025-10-14 17:16:15,433 basehttp 16672 11840 "GET /hotel_rooms/room-list/1/ HTTP/1.1" 200 46766
INFO 2025-10-14 17:16:15,510 basehttp 16672 11840 "GET /static/css/dist/styles.css?v=1760505375 HTTP/1.1" 200 105000
INFO 2025-10-14 17:16:21,790 basehttp 16672 9668 "GET /login/ HTTP/1.1" 200 11508
INFO 2025-10-14 17:16:21,852 basehttp 16672 9668 "GET /static/css/dist/styles.css?v=1760505381 HTTP/1.1" 200 105000
INFO 2025-10-14 17:16:36,798 basehttp 16672 18884 "POST /login/ HTTP/1.1" 302 0
INFO 2025-10-14 17:16:37,082 basehttp 16672 18884 "GET /dashboard/ HTTP/1.1" 200 59680
INFO 2025-10-14 17:16:37,160 basehttp 16672 18884 "GET /static/css/dist/styles.css?v=1760505396 HTTP/1.1" 200 105000
INFO 2025-10-14 17:16:58,616 basehttp 16672 16540 "GET /add-room/ HTTP/1.1" 200 59120
INFO 2025-10-14 17:16:58,703 basehttp 16672 16540 "GET /static/css/dist/styles.css?v=1760505418 HTTP/1.1" 200 105000
INFO 2025-10-14 17:17:05,405 basehttp 16672 9472 "GET /edit_room/3/edit/ HTTP/1.1" 200 25431
INFO 2025-10-14 17:17:05,489 basehttp 16672 9472 "GET /static/css/dist/styles.css?v=1760505425 HTTP/1.1" 200 105000
INFO 2025-10-14 17:17:08,573 basehttp 16672 7516 "GET /add_room_detail/3/ HTTP/1.1" 200 26070
INFO 2025-10-14 17:17:08,652 basehttp 16672 7516 "GET /static/css/dist/styles.css?v=1760505428 HTTP/1.1" 200 105000
INFO 2025-10-14 17:17:13,473 basehttp 16672 27080 "GET /add-room/ HTTP/1.1" 200 59120
INFO 2025-10-14 17:17:13,530 basehttp 16672 27080 "GET /static/css/dist/styles.css?v=1760505433 HTTP/1.1" 200 105000
INFO 2025-10-14 17:17:20,576 basehttp 16672 10120 "GET /add_room_detail/1/ HTTP/1.1" 200 25724
INFO 2025-10-14 17:17:20,650 basehttp 16672 10120 "GET /static/css/dist/styles.css?v=1760505440 HTTP/1.1" 200 105000
INFO 2025-10-14 17:17:26,596 basehttp 16672 4208 "GET /edit_room/1/edit/ HTTP/1.1" 200 25432
INFO 2025-10-14 17:17:26,660 basehttp 16672 4208 "GET /static/css/dist/styles.css?v=1760505446 HTTP/1.1" 200 105000
INFO 2025-10-14 17:17:34,990 basehttp 16672 9228 "GET /services/ HTTP/1.1" 200 38323
INFO 2025-10-14 17:17:35,054 basehttp 16672 9228 "GET /static/css/dist/styles.css?v=1760505454 HTTP/1.1" 200 105000
INFO 2025-10-14 17:17:36,949 basehttp 16672 24348 "GET /edit_service/1/ HTTP/1.1" 200 23445
INFO 2025-10-14 17:17:37,007 basehttp 16672 24348 "GET /static/css/dist/styles.css?v=1760505456 HTTP/1.1" 200 105000
INFO 2025-10-14 17:17:42,341 basehttp 16672 1948 "GET /services/ HTTP/1.1" 200 38323
INFO 2025-10-14 17:17:42,413 basehttp 16672 1948 "GET /static/css/dist/styles.css?v=1760505462 HTTP/1.1" 200 105000
WARNING 2025-10-14 17:17:48,872 log 16672 26156 Not Found: /api/mark-guests-seen/
WARNING 2025-10-14 17:17:48,873 basehttp 16672 26156 "POST /api/mark-guests-seen/ HTTP/1.1" 404 13454
INFO 2025-10-14 17:17:48,896 basehttp 16672 21204 "GET /guest/ HTTP/1.1" 200 21371
INFO 2025-10-14 17:17:48,973 basehttp 16672 21204 "GET /static/css/dist/styles.css?v=1760505468 HTTP/1.1" 200 105000
WARNING 2025-10-14 17:17:54,417 log 16672 26156 Not Found: /api/mark-guests-seen/
WARNING 2025-10-14 17:17:54,418 basehttp 16672 26156 "POST /api/mark-guests-seen/ HTTP/1.1" 404 13454
INFO 2025-10-14 17:17:54,456 basehttp 16672 2300 "GET /guest/ HTTP/1.1" 200 21371
INFO 2025-10-14 17:17:54,539 basehttp 16672 2300 "GET /static/css/dist/styles.css?v=1760505474 HTTP/1.1" 200 105000
WARNING 2025-10-14 17:17:57,752 log 16672 26156 Not Found: /api/mark-reservations-seen/
WARNING 2025-10-14 17:17:57,753 basehttp 16672 26156 "POST /api/mark-reservations-seen/ HTTP/1.1" 404 13472
INFO 2025-10-14 17:17:57,867 basehttp 16672 6852 "GET /reservation/ HTTP/1.1" 200 64554
INFO 2025-10-14 17:17:57,933 basehttp 16672 6852 "GET /static/css/dist/styles.css?v=1760505477 HTTP/1.1" 200 105000
INFO 2025-10-14 17:18:04,263 basehttp 16672 26156 "GET /reservation/edit/2/ HTTP/1.1" 200 32540
INFO 2025-10-14 17:18:04,329 basehttp 16672 26156 "GET /static/css/dist/styles.css?v=1760505484 HTTP/1.1" 200 105000
INFO 2025-10-14 17:18:18,043 basehttp 16672 9512 "GET /reservation/delete/2/ HTTP/1.1" 302 0
INFO 2025-10-14 17:18:18,095 basehttp 16672 9512 "GET /reservation/ HTTP/1.1" 200 64554
INFO 2025-10-14 17:18:18,160 basehttp 16672 9512 "GET /static/css/dist/styles.css?v=1760505498 HTTP/1.1" 200 105000
INFO 2025-10-14 17:18:27,880 basehttp 16672 26724 "GET /manage-hotel-account/ HTTP/1.1" 200 48441
INFO 2025-10-14 17:18:27,943 basehttp 16672 26724 "GET /static/css/dist/styles.css?v=1760505507 HTTP/1.1" 200 105000
INFO 2025-10-14 17:18:43,215 basehttp 16672 25032 "POST /manage-hotel-account/ HTTP/1.1" 302 0
INFO 2025-10-14 17:18:43,258 basehttp 16672 25032 "GET /manage-hotel-account/ HTTP/1.1" 200 49796
INFO 2025-10-14 17:18:43,309 basehttp 16672 25032 "GET /static/css/dist/styles.css?v=1760505523 HTTP/1.1" 200 105000
INFO 2025-10-14 17:18:45,269 basehttp 16672 2108 "GET /manage-account/ HTTP/1.1" 200 42043
INFO 2025-10-14 17:18:45,338 basehttp 16672 2108 "GET /static/css/dist/styles.css?v=1760505525 HTTP/1.1" 200 105000
INFO 2025-10-14 17:18:45,383 basehttp 16672 4940 "GET /media/profile/ph_29158_105569.jpg HTTP/1.1" 200 177105
INFO 2025-10-14 17:18:47,887 basehttp 16672 2108 "GET /reset_password/ HTTP/1.1" 200 7725
INFO 2025-10-14 17:18:47,986 basehttp 16672 2108 "GET /static/css/dist/styles.css?v=1760505527 HTTP/1.1" 200 105000
INFO 2025-10-14 17:19:00,193 basehttp 16672 4980 "GET /dashboard/ HTTP/1.1" 200 58340
INFO 2025-10-14 17:19:00,260 basehttp 16672 4980 "GET /static/css/dist/styles.css?v=1760505540 HTTP/1.1" 200 105000
INFO 2025-10-14 17:19:02,029 basehttp 16672 18840 "GET / HTTP/1.1" 200 14770
INFO 2025-10-14 17:19:02,091 basehttp 16672 18840 "GET /static/css/dist/styles.css?v=1760505542 HTTP/1.1" 200 105000
INFO 2025-10-14 17:19:03,729 basehttp 16672 25412 "GET /hotel_rooms/ HTTP/1.1" 200 20309
INFO 2025-10-14 17:19:03,808 basehttp 16672 25412 "GET /static/css/dist/styles.css?v=1760505543 HTTP/1.1" 200 105000
INFO 2025-10-14 17:19:06,236 basehttp 16672 19724 "GET /hotel_rooms/room-list/1/ HTTP/1.1" 200 50270
INFO 2025-10-14 17:19:06,296 basehttp 16672 19724 "GET /static/css/dist/styles.css?v=1760505546 HTTP/1.1" 200 105000
INFO 2025-10-14 17:19:31,517 basehttp 16672 16032 "POST /create-booking/ HTTP/1.1" 302 0
INFO 2025-10-14 17:19:55,329 basehttp 16672 16032 "GET /verify-booking-payment/?trxref=9fe9b242-87ab-4cad-9cb7-2033f5295c6e&reference=9fe9b242-87ab-4cad-9cb7-2033f5295c6e HTTP/1.1" 302 0
INFO 2025-10-14 17:19:55,416 basehttp 16672 16032 "GET /booking-success/?booking_id=2 HTTP/1.1" 200 7366
INFO 2025-10-14 17:19:55,519 basehttp 16672 16032 "GET /static/css/dist/styles.css?v=1760505595 HTTP/1.1" 200 105000
INFO 2025-10-14 17:20:02,036 basehttp 16672 20004 "GET /my_booking/ HTTP/1.1" 200 28793
INFO 2025-10-14 17:20:02,104 basehttp 16672 20004 "GET /static/css/dist/styles.css?v=1760505602 HTTP/1.1" 200 105000
INFO 2025-10-14 17:20:15,713 basehttp 16672 23976 "GET / HTTP/1.1" 200 14770
INFO 2025-10-14 17:20:15,804 basehttp 16672 23976 "GET /static/css/dist/styles.css?v=1760505615 HTTP/1.1" 200 105000
INFO 2025-10-14 17:20:18,635 basehttp 16672 9248 "GET /my_booking/ HTTP/1.1" 200 28793
INFO 2025-10-14 17:20:18,716 basehttp 16672 9248 "GET /static/css/dist/styles.css?v=1760505618 HTTP/1.1" 200 105000
INFO 2025-10-14 17:20:19,995 basehttp 16672 2300 "GET /hotel/ HTTP/1.1" 200 17317
INFO 2025-10-14 17:20:20,058 basehttp 16672 2300 "GET /static/css/dist/styles.css?v=1760505619 HTTP/1.1" 200 105000
INFO 2025-10-14 17:20:22,737 basehttp 16672 24864 "GET /dashboard/ HTTP/1.1" 200 58340
INFO 2025-10-14 17:20:22,811 basehttp 16672 24864 "GET /static/css/dist/styles.css?v=1760505622 HTTP/1.1" 200 105000
INFO 2025-10-14 17:20:32,712 basehttp 16672 13476 "GET / HTTP/1.1" 200 14770
INFO 2025-10-14 17:20:32,771 basehttp 16672 13476 "GET /static/css/dist/styles.css?v=1760505632 HTTP/1.1" 200 105000
INFO 2025-10-14 17:20:39,005 basehttp 16672 1436 "GET /static/image/assets/backgorund3.jpg HTTP/1.1" 304 0
INFO 2025-10-14 17:20:39,423 basehttp 16672 1436 "GET /about/ HTTP/1.1" 200 14677
INFO 2025-10-14 17:20:39,507 basehttp 16672 4572 "GET /static/image/assets/backgorund5.jpg HTTP/1.1" 304 0
INFO 2025-10-14 17:20:39,508 basehttp 16672 1436 "GET /static/css/dist/styles.css?v=1760505639 HTTP/1.1" 200 105000
INFO 2025-10-14 17:20:41,394 basehttp 16672 4572 "GET /hotel/ HTTP/1.1" 200 17317
INFO 2025-10-14 17:20:41,460 basehttp 16672 4572 "GET /static/css/dist/styles.css?v=1760505641 HTTP/1.1" 200 105000
INFO 2025-10-14 17:20:44,215 basehttp 16672 13800 "GET /hotel/services/2/ HTTP/1.1" 200 19018
INFO 2025-10-14 17:20:44,275 basehttp 16672 13800 "GET /static/css/dist/styles.css?v=1760505644 HTTP/1.1" 200 105000
INFO 2025-10-14 17:21:01,121 basehttp 16672 7800 "GET /hotel_rooms/room-list/2/ HTTP/1.1" 200 50344
INFO 2025-10-14 17:21:01,186 basehttp 16672 7800 "GET /static/css/dist/styles.css?v=1760505661 HTTP/1.1" 200 105000
INFO 2025-10-14 17:22:34,176 autoreload 23280 7616 Watching for file changes with StatReloader
INFO 2025-10-14 17:22:35,385 basehttp 23280 26168 "GET /hotel_rooms/room-list/2/ HTTP/1.1" 200 50344
INFO 2025-10-14 17:22:35,578 basehttp 23280 26168 "GET /static/css/dist/styles.css?v=1760505755 HTTP/1.1" 200 105000
INFO 2025-10-14 17:24:43,203 basehttp 23280 25184 "GET /dashboard/ HTTP/1.1" 200 58340
INFO 2025-10-14 17:24:43,281 basehttp 23280 25184 "GET /static/css/dist/styles.css?v=1760505883 HTTP/1.1" 200 105000
INFO 2025-10-14 17:24:50,180 basehttp 23280 16436 "GET /manage-hotel-account/ HTTP/1.1" 200 48441
INFO 2025-10-14 17:24:50,252 basehttp 23280 16436 "GET /static/css/dist/styles.css?v=1760505890 HTTP/1.1" 200 105000
INFO 2025-10-14 17:25:03,122 basehttp 23280 24472 "GET /manage-account/ HTTP/1.1" 200 42043
INFO 2025-10-14 17:25:03,181 basehttp 23280 24472 "GET /static/css/dist/styles.css?v=1760505903 HTTP/1.1" 200 105000
INFO 2025-10-14 17:25:12,279 basehttp 23280 21768 "GET /dashboard/ HTTP/1.1" 200 58340
INFO 2025-10-14 17:25:12,342 basehttp 23280 21768 "GET /static/css/dist/styles.css?v=1760505912 HTTP/1.1" 200 105000
INFO 2025-10-14 17:32:21,330 basehttp 23280 21164 "GET /dashboard/ HTTP/1.1" 200 58340
INFO 2025-10-14 17:32:21,417 basehttp 23280 21164 "GET /static/css/dist/styles.css?v=1760506341 HTTP/1.1" 200 105000
INFO 2025-10-14 17:32:31,771 basehttp 23280 15032 "GET /dashboard/ HTTP/1.1" 200 58340
INFO 2025-10-14 17:32:31,809 basehttp 23280 15032 "GET /static/css/dist/styles.css?v=1760506351 HTTP/1.1" 200 105000
INFO 2025-10-14 17:33:15,533 autoreload 23280 7616 C:\Users\HP\OneDrive\Documents\essetech\hotelapp\Hotel-website-Django\hotelapp\core\views.py changed, reloading.
INFO 2025-10-14 17:33:17,419 autoreload 14192 12744 Watching for file changes with StatReloader
INFO 2025-10-14 17:33:18,627 basehttp 14192 16456 "GET /dashboard/ HTTP/1.1" 200 58340
INFO 2025-10-14 17:33:18,767 basehttp 14192 16456 "GET /static/css/dist/styles.css?v=1760506398 HTTP/1.1" 200 105000
INFO 2025-10-14 17:34:42,245 autoreload 14192 12744 C:\Users\HP\OneDrive\Documents\essetech\hotelapp\Hotel-website-Django\hotelapp\core\views.py changed, reloading.
INFO 2025-10-14 17:34:43,280 autoreload 1072 11908 Watching for file changes with StatReloader
INFO 2025-10-14 17:34:44,426 basehttp 1072 12104 "GET /dashboard/ HTTP/1.1" 200 58340
INFO 2025-10-14 17:34:44,513 basehttp 1072 12104 "GET /static/css/dist/styles.css?v=1760506484 HTTP/1.1" 200 105000
INFO 2025-10-14 17:35:10,078 autoreload 1072 11908 C:\Users\HP\OneDrive\Documents\essetech\hotelapp\Hotel-website-Django\hotelapp\core\views.py changed, reloading.
INFO 2025-10-14 17:35:11,037 autoreload 18836 23400 Watching for file changes with StatReloader
INFO 2025-10-14 17:35:11,932 basehttp 18836 22088 "GET /dashboard/ HTTP/1.1" 200 58340
INFO 2025-10-14 17:35:12,024 basehttp 18836 22088 "GET /static/css/dist/styles.css?v=1760506511 HTTP/1.1" 200 105000
INFO 2025-10-14 17:35:18,497 autoreload 18836 23400 C:\Users\HP\OneDrive\Documents\essetech\hotelapp\Hotel-website-Django\hotelapp\core\views.py changed, reloading.
INFO 2025-10-14 17:35:19,451 autoreload 11352 8936 Watching for file changes with StatReloader
INFO 2025-10-14 17:35:20,214 basehttp 11352 13460 "GET /dashboard/ HTTP/1.1" 200 58340
INFO 2025-10-14 17:35:20,353 basehttp 11352 13460 "GET /static/css/dist/styles.css?v=1760506520 HTTP/1.1" 200 105000
INFO 2025-10-14 17:37:00,259 autoreload 11352 8936 C:\Users\HP\OneDrive\Documents\essetech\hotelapp\Hotel-website-Django\hotelapp\core\views.py changed, reloading.
INFO 2025-10-14 17:37:01,335 autoreload 16976 21832 Watching for file changes with StatReloader
INFO 2025-10-14 17:37:02,216 basehttp 16976 15596 "GET /dashboard/ HTTP/1.1" 200 58340
INFO 2025-10-14 17:37:02,295 basehttp 16976 15596 "GET /static/css/dist/styles.css?v=1760506622 HTTP/1.1" 200 105000
INFO 2025-10-14 17:37:46,331 basehttp 16976 25816 "GET /dashboard/ HTTP/1.1" 200 58340
INFO 2025-10-14 17:37:46,403 basehttp 16976 25816 "GET /static/css/dist/styles.css?v=1760506666 HTTP/1.1" 200 105000
INFO 2025-10-14 17:37:52,764 basehttp 16976 23456 "GET / HTTP/1.1" 200 14770
INFO 2025-10-14 17:37:52,839 basehttp 16976 23456 "GET /static/css/dist/styles.css?v=1760506672 HTTP/1.1" 200 105000
INFO 2025-10-14 17:38:02,149 basehttp 16976 26828 "GET /static/image/assets/backgorund4.jpg HTTP/1.1" 304 0
INFO 2025-10-14 17:38:08,151 basehttp 16976 26828 "GET /static/image/assets/room.jpg HTTP/1.1" 304 0
INFO 2025-10-14 17:38:14,998 basehttp 16976 26828 "GET /logout_user/ HTTP/1.1" 302 0
INFO 2025-10-14 17:38:15,020 basehttp 16976 26828 "GET / HTTP/1.1" 200 13159
INFO 2025-10-14 17:38:15,099 basehttp 16976 26828 "GET /static/css/dist/styles.css?v=1760506695 HTTP/1.1" 200 105000
INFO 2025-10-14 17:38:17,471 basehttp 16976 20784 "GET /sign_up/ HTTP/1.1" 200 16069
INFO 2025-10-14 17:38:17,551 basehttp 16976 20784 "GET /static/css/dist/styles.css?v=1760506697 HTTP/1.1" 200 105000
INFO 2025-10-14 17:38:20,563 basehttp 16976 10012 "GET /login/ HTTP/1.1" 200 11508
INFO 2025-10-14 17:38:20,628 basehttp 16976 10012 "GET /static/css/dist/styles.css?v=1760506700 HTTP/1.1" 200 105000
INFO 2025-10-14 17:38:30,034 basehttp 16976 7808 "POST /login/ HTTP/1.1" 302 0
INFO 2025-10-14 17:38:30,060 basehttp 16976 7808 "GET / HTTP/1.1" 200 16559
INFO 2025-10-14 17:38:30,123 basehttp 16976 7808 "GET /static/css/dist/styles.css?v=1760506710 HTTP/1.1" 200 105000
INFO 2025-10-14 17:38:34,928 basehttp 16976 16672 "GET /hotel_rooms/ HTTP/1.1" 200 20021
INFO 2025-10-14 17:38:35,013 basehttp 16976 16672 "GET /static/css/dist/styles.css?v=1760506714 HTTP/1.1" 200 105000
INFO 2025-10-14 17:38:39,839 basehttp 16976 12292 "GET /hotel_rooms/room-list/1/ HTTP/1.1" 200 49982
INFO 2025-10-14 17:38:39,901 basehttp 16976 12292 "GET /static/css/dist/styles.css?v=1760506719 HTTP/1.1" 200 105000
INFO 2025-10-14 17:39:32,894 basehttp 16976 17580 "POST /create-booking/ HTTP/1.1" 302 0
ERROR 2025-10-14 17:40:02,727 views 16976 17580 Failed to send hotel notification email: (535, b'Authentication Failed')
INFO 2025-10-14 17:40:02,759 basehttp 16976 17580 "GET /verify-booking-payment/?trxref=7ee19e76-1f5b-462a-b48e-61e7e5518a60&reference=7ee19e76-1f5b-462a-b48e-61e7e5518a60 HTTP/1.1" 302 0
INFO 2025-10-14 17:40:02,854 basehttp 16976 17580 "GET /booking-success/?booking_id=3 HTTP/1.1" 200 7366
INFO 2025-10-14 17:40:02,972 basehttp 16976 17580 "GET /static/css/dist/styles.css?v=1760506802 HTTP/1.1" 200 105000
INFO 2025-10-14 17:40:10,121 basehttp 16976 26044 "GET /my_booking/ HTTP/1.1" 200 24741
INFO 2025-10-14 17:40:10,197 basehttp 16976 26044 "GET /static/css/dist/styles.css?v=1760506810 HTTP/1.1" 200 105000
INFO 2025-10-14 17:41:31,063 basehttp 16976 20020 "GET /logout_user/ HTTP/1.1" 302 0
INFO 2025-10-14 17:41:31,072 basehttp 16976 20020 "GET / HTTP/1.1" 200 13159
INFO 2025-10-14 17:41:31,148 basehttp 16976 20020 "GET /static/css/dist/styles.css?v=1760506891 HTTP/1.1" 200 105000
INFO 2025-10-14 17:41:35,361 basehttp 16976 27632 "GET /sign_up/ HTTP/1.1" 200 16069
INFO 2025-10-14 17:41:35,464 basehttp 16976 27632 "GET /static/css/dist/styles.css?v=1760506895 HTTP/1.1" 200 105000
INFO 2025-10-14 17:41:37,437 basehttp 16976 12860 "GET /login/ HTTP/1.1" 200 11508
INFO 2025-10-14 17:41:37,511 basehttp 16976 12860 "GET /static/css/dist/styles.css?v=1760506897 HTTP/1.1" 200 105000
INFO 2025-10-14 17:41:49,308 basehttp 16976 8264 "POST /login/ HTTP/1.1" 302 0
INFO 2025-10-14 17:41:49,347 basehttp 16976 8264 "GET /dashboard/ HTTP/1.1" 200 59680
INFO 2025-10-14 17:41:49,412 basehttp 16976 8264 "GET /static/css/dist/styles.css?v=1760506909 HTTP/1.1" 200 105000
WARNING 2025-10-14 17:41:57,823 log 16976 17828 Not Found: /api/mark-guests-seen/
WARNING 2025-10-14 17:41:57,824 basehttp 16976 17828 "POST /api/mark-guests-seen/ HTTP/1.1" 404 13454
INFO 2025-10-14 17:41:57,857 basehttp 16976 20516 "GET /guest/ HTTP/1.1" 200 24254
INFO 2025-10-14 17:41:57,921 basehttp 16976 20516 "GET /static/css/dist/styles.css?v=1760506917 HTTP/1.1" 200 105000
INFO 2025-10-14 17:46:12,361 autoreload 16976 21832 C:\Users\HP\OneDrive\Documents\essetech\hotelapp\Hotel-website-Django\hotelapp\core\views.py changed, reloading.
INFO 2025-10-14 17:46:13,291 autoreload 11296 26652 Watching for file changes with StatReloader
INFO 2025-10-14 17:46:14,330 basehttp 11296 24908 "GET /guest/ HTTP/1.1" 200 24254
INFO 2025-10-14 17:46:14,423 basehttp 11296 24908 "GET /static/css/dist/styles.css?v=1760507174 HTTP/1.1" 200 105000
INFO 2025-10-14 17:46:22,916 autoreload 11296 26652 C:\Users\HP\OneDrive\Documents\essetech\hotelapp\Hotel-website-Django\hotelapp\core\views.py changed, reloading.
INFO 2025-10-14 17:46:23,794 autoreload 17908 24920 Watching for file changes with StatReloader
INFO 2025-10-14 17:46:24,546 basehttp 17908 12584 "GET /guest/ HTTP/1.1" 200 24254
INFO 2025-10-14 17:46:24,617 basehttp 17908 12584 "GET /static/css/dist/styles.css?v=1760507184 HTTP/1.1" 200 105000
INFO 2025-10-14 17:46:46,372 basehttp 17908 20356 "GET / HTTP/1.1" 200 14770
INFO 2025-10-14 17:46:46,434 basehttp 17908 20356 "GET /static/css/dist/styles.css?v=1760507206 HTTP/1.1" 200 105000
INFO 2025-10-14 17:46:48,917 basehttp 17908 26380 "GET /logout_user/ HTTP/1.1" 302 0
INFO 2025-10-14 17:46:48,942 basehttp 17908 26380 "GET / HTTP/1.1" 200 13159
INFO 2025-10-14 17:46:49,001 basehttp 17908 26380 "GET /static/css/dist/styles.css?v=1760507208 HTTP/1.1" 200 105000
INFO 2025-10-14 17:46:51,497 basehttp 17908 16084 "GET /sign_up/ HTTP/1.1" 200 16069
INFO 2025-10-14 17:46:51,575 basehttp 17908 16084 "GET /static/css/dist/styles.css?v=1760507211 HTTP/1.1" 200 105000
INFO 2025-10-14 17:46:53,298 basehttp 17908 25688 "GET /login/ HTTP/1.1" 200 11508
INFO 2025-10-14 17:46:53,364 basehttp 17908 25688 "GET /static/css/dist/styles.css?v=1760507213 HTTP/1.1" 200 105000
INFO 2025-10-14 17:47:03,474 basehttp 17908 10280 "POST /login/ HTTP/1.1" 302 0
INFO 2025-10-14 17:47:03,506 basehttp 17908 10280 "GET / HTTP/1.1" 200 16559
INFO 2025-10-14 17:47:03,576 basehttp 17908 10280 "GET /static/css/dist/styles.css?v=1760507223 HTTP/1.1" 200 105000
INFO 2025-10-14 17:47:08,953 basehttp 17908 5156 "GET /hotel_rooms/ HTTP/1.1" 200 20021
INFO 2025-10-14 17:47:09,034 basehttp 17908 5156 "GET /static/css/dist/styles.css?v=1760507228 HTTP/1.1" 200 105000
INFO 2025-10-14 17:47:10,848 basehttp 17908 26912 "GET /hotel_rooms/room-list/1/ HTTP/1.1" 200 49982
INFO 2025-10-14 17:47:10,909 basehttp 17908 26912 "GET /static/css/dist/styles.css?v=1760507230 HTTP/1.1" 200 105000
ERROR 2025-10-14 17:47:34,001 log 17908 23116 Internal Server Error: /profile/
Traceback (most recent call last):
  File "C:\Users\HP\OneDrive\Documents\essetech\hotelapp\Hotel-website-Django\.venv\Lib\site-packages\django\core\handlers\exception.py", line 55, in inner
    response = get_response(request)
  File "C:\Users\HP\OneDrive\Documents\essetech\hotelapp\Hotel-website-Django\.venv\Lib\site-packages\django\core\handlers\base.py", line 197, in _get_response
    response = wrapped_callback(request, *callback_args, **callback_kwargs)
  File "C:\Users\HP\OneDrive\Documents\essetech\hotelapp\Hotel-website-Django\.venv\Lib\site-packages\django\contrib\auth\decorators.py", line 60, in _view_wrapper
    return view_func(request, *args, **kwargs)
  File "C:\Users\HP\OneDrive\Documents\essetech\hotelapp\Hotel-website-Django\hotelapp\account\views.py", line 106, in profile
    p_form = UserUpdateForm(instance=request.user.profilemodel)
                                     ^^^^^^^^^^^^^^^^^^^^^^^^^
  File "C:\Users\HP\OneDrive\Documents\essetech\hotelapp\Hotel-website-Django\.venv\Lib\site-packages\django\utils\functional.py", line 253, in inner
    return func(_wrapped, *args)
  File "C:\Users\HP\OneDrive\Documents\essetech\hotelapp\Hotel-website-Django\.venv\Lib\site-packages\django\db\models\fields\related_descriptors.py", line 531, in __get__
    raise self.RelatedObjectDoesNotExist(
    ...<2 lines>...
    )
core.models.CustomUser.profilemodel.RelatedObjectDoesNotExist: CustomUser has no profilemodel.
ERROR 2025-10-14 17:47:34,010 basehttp 17908 23116 "GET /profile/ HTTP/1.1" 500 89030
INFO 2025-10-14 17:47:48,011 basehttp 17908 3088 "GET /about/ HTTP/1.1" 200 14389
INFO 2025-10-14 17:47:48,072 basehttp 17908 3088 "GET /static/css/dist/styles.css?v=1760507267 HTTP/1.1" 200 105000
INFO 2025-10-14 17:47:49,762 basehttp 17908 19724 "GET / HTTP/1.1" 200 14512
INFO 2025-10-14 17:47:49,833 basehttp 17908 19724 "GET /static/css/dist/styles.css?v=1760507269 HTTP/1.1" 200 105000
INFO 2025-10-14 17:47:51,581 basehttp 17908 11560 "GET /hotel_rooms/ HTTP/1.1" 200 20021
INFO 2025-10-14 17:47:51,657 basehttp 17908 11560 "GET /static/css/dist/styles.css?v=1760507271 HTTP/1.1" 200 105000
INFO 2025-10-14 17:47:53,360 basehttp 17908 6844 "GET /hotel_rooms/room-list/1/ HTTP/1.1" 200 49982
INFO 2025-10-14 17:47:53,434 basehttp 17908 6844 "GET /static/css/dist/styles.css?v=1760507273 HTTP/1.1" 200 105000
INFO 2025-10-14 17:48:26,841 basehttp 17908 20284 "POST /create-booking/ HTTP/1.1" 302 0
ERROR 2025-10-14 17:48:38,948 views 17908 20284 Failed to send hotel notification email: (535, b'Authentication Failed')
INFO 2025-10-14 17:48:38,979 basehttp 17908 20284 "GET /verify-booking-payment/?trxref=d8402680-d417-4737-84df-06a821ba5648&reference=d8402680-d417-4737-84df-06a821ba5648 HTTP/1.1" 302 0
INFO 2025-10-14 17:48:39,059 basehttp 17908 20284 "GET /booking-success/?booking_id=4 HTTP/1.1" 200 7366
INFO 2025-10-14 17:48:39,212 basehttp 17908 20284 "GET /static/css/dist/styles.css?v=1760507319 HTTP/1.1" 200 105000
INFO 2025-10-14 17:54:06,790 autoreload 17908 24920 C:\Users\HP\OneDrive\Documents\essetech\hotelapp\Hotel-website-Django\hotelapp\core\views.py changed, reloading.
INFO 2025-10-14 17:54:08,685 autoreload 24468 17636 Watching for file changes with StatReloader
INFO 2025-10-14 17:54:09,517 basehttp 24468 23880 "GET /booking-success/?booking_id=4 HTTP/1.1" 200 7366
INFO 2025-10-14 17:54:09,613 basehttp 24468 23880 "GET /static/css/dist/styles.css?v=1760507649 HTTP/1.1" 200 105000
INFO 2025-10-14 17:54:11,957 autoreload 24468 17636 C:\Users\HP\OneDrive\Documents\essetech\hotelapp\Hotel-website-Django\hotelapp\core\views.py changed, reloading.
INFO 2025-10-14 17:54:12,822 autoreload 27504 10280 Watching for file changes with StatReloader
INFO 2025-10-14 17:54:13,870 basehttp 27504 12428 "GET /booking-success/?booking_id=4 HTTP/1.1" 200 7366
INFO 2025-10-14 17:54:13,986 basehttp 27504 12428 "GET /static/css/dist/styles.css?v=1760507653 HTTP/1.1" 200 105000
INFO 2025-10-14 17:54:47,703 autoreload 27504 10280 C:\Users\HP\OneDrive\Documents\essetech\hotelapp\Hotel-website-Django\hotelapp\core\views.py changed, reloading.
INFO 2025-10-14 17:54:48,617 autoreload 26176 3376 Watching for file changes with StatReloader
INFO 2025-10-14 17:54:49,339 basehttp 26176 12628 "GET /booking-success/?booking_id=4 HTTP/1.1" 200 7366
INFO 2025-10-14 17:54:49,423 basehttp 26176 12628 "GET /static/css/dist/styles.css?v=1760507689 HTTP/1.1" 200 105000
INFO 2025-10-14 17:55:03,739 basehttp 26176 6940 "GET /booking-success/?booking_id=4 HTTP/1.1" 200 7366
INFO 2025-10-14 17:55:03,791 basehttp 26176 6940 "GET /static/css/dist/styles.css?v=1760507703 HTTP/1.1" 200 105000
INFO 2025-10-14 17:56:11,641 basehttp 26176 14800 "GET /my_booking/ HTTP/1.1" 200 28507
INFO 2025-10-14 17:56:11,708 basehttp 26176 14800 "GET /static/css/dist/styles.css?v=1760507771 HTTP/1.1" 200 105000
INFO 2025-10-14 17:56:15,332 basehttp 26176 4932 "GET /my_booking/ HTTP/1.1" 200 28507
INFO 2025-10-14 17:56:15,391 basehttp 26176 4932 "GET /static/css/dist/styles.css?v=1760507775 HTTP/1.1" 200 105000
INFO 2025-10-14 17:56:25,061 basehttp 26176 22692 "GET / HTTP/1.1" 200 14512
INFO 2025-10-14 17:56:25,130 basehttp 26176 22692 "GET /static/css/dist/styles.css?v=1760507785 HTTP/1.1" 200 105000
INFO 2025-10-14 17:56:26,689 basehttp 26176 26424 "GET /hotel/ HTTP/1.1" 200 17029
INFO 2025-10-14 17:56:26,774 basehttp 26176 26424 "GET /static/css/dist/styles.css?v=1760507786 HTTP/1.1" 200 105000
INFO 2025-10-14 17:56:29,354 basehttp 26176 9532 "GET /hotel/services/1/ HTTP/1.1" 200 21529
INFO 2025-10-14 17:56:29,421 basehttp 26176 9532 "GET /static/css/dist/styles.css?v=1760507789 HTTP/1.1" 200 105000
INFO 2025-10-14 17:56:31,496 basehttp 26176 20616 "GET /hotel_rooms/room-list/1/ HTTP/1.1" 200 49982
INFO 2025-10-14 17:56:31,564 basehttp 26176 20616 "GET /static/css/dist/styles.css?v=1760507791 HTTP/1.1" 200 105000
INFO 2025-10-14 17:57:20,668 basehttp 26176 5560 "POST /create-booking/ HTTP/1.1" 302 0
ERROR 2025-10-14 17:57:33,902 views 26176 26648 Failed to send hotel notification email: send_hotel_booking_notification() missing 1 required positional argument: 'hotel'
INFO 2025-10-14 17:57:33,946 basehttp 26176 26648 "GET /verify-booking-payment/?trxref=5eb2c4a3-d457-4af0-9fec-700604446294&reference=5eb2c4a3-d457-4af0-9fec-700604446294 HTTP/1.1" 302 0
INFO 2025-10-14 17:57:33,994 basehttp 26176 26648 "GET /booking-success/?booking_id=5 HTTP/1.1" 200 7366
INFO 2025-10-14 17:57:34,089 basehttp 26176 26648 "GET /static/css/dist/styles.css?v=1760507853 HTTP/1.1" 200 105000
INFO 2025-10-14 17:58:51,044 basehttp 26176 1720 "GET /my_booking/ HTTP/1.1" 200 32271
INFO 2025-10-14 17:58:51,108 basehttp 26176 1720 "GET /static/css/dist/styles.css?v=1760507931 HTTP/1.1" 200 105000
INFO 2025-10-14 17:58:54,553 basehttp 26176 18944 "POST /booking/delete/3/ HTTP/1.1" 302 0
INFO 2025-10-14 17:58:54,607 basehttp 26176 18944 "GET /my_booking/?delete_status=success&delete_message=Booking%20deleted%20successfully! HTTP/1.1" 200 28507
INFO 2025-10-14 17:58:54,681 basehttp 26176 18944 "GET /static/css/dist/styles.css?v=1760507934 HTTP/1.1" 200 105000
INFO 2025-10-14 18:01:03,423 basehttp 26176 14352 "GET / HTTP/1.1" 200 14512
INFO 2025-10-14 18:01:03,468 basehttp 26176 14352 "GET /static/css/dist/styles.css?v=1760508063 HTTP/1.1" 200 105000
INFO 2025-10-14 18:03:24,280 basehttp 26176 22648 "GET /hotel_rooms/ HTTP/1.1" 200 20021
INFO 2025-10-14 18:03:24,373 basehttp 26176 22648 "GET /static/css/dist/styles.css?v=1760508204 HTTP/1.1" 200 105000
INFO 2025-10-14 18:03:29,991 basehttp 26176 13912 "GET /hotel_rooms/room-list/2/ HTTP/1.1" 200 50056
INFO 2025-10-14 18:03:30,041 basehttp 26176 13912 "GET /static/css/dist/styles.css?v=1760508209 HTTP/1.1" 200 105000
INFO 2025-10-14 18:03:35,693 basehttp 26176 21052 "GET /hotel_rooms/ HTTP/1.1" 200 20021
INFO 2025-10-14 18:03:35,749 basehttp 26176 21052 "GET /static/css/dist/styles.css?v=1760508215 HTTP/1.1" 200 105000
INFO 2025-10-14 18:03:37,193 basehttp 26176 1036 "GET /hotel_rooms/room-list/1/ HTTP/1.1" 200 49982
INFO 2025-10-14 18:03:37,245 basehttp 26176 1036 "GET /static/css/dist/styles.css?v=1760508217 HTTP/1.1" 200 105000
INFO 2025-10-14 18:04:03,286 basehttp 26176 21940 "GET /hotel_rooms/room-list/1/ HTTP/1.1" 200 49982
INFO 2025-10-14 18:04:03,415 basehttp 26176 21940 "GET /static/css/dist/styles.css?v=1760508243 HTTP/1.1" 200 105000
INFO 2025-10-14 18:14:02,450 autoreload 26176 3376 C:\Users\HP\OneDrive\Documents\essetech\hotelapp\Hotel-website-Django\hotelapp\core\views.py changed, reloading.
INFO 2025-10-14 18:14:03,569 autoreload 9488 21944 Watching for file changes with StatReloader
INFO 2025-10-14 18:14:04,655 basehttp 9488 10984 "GET /hotel_rooms/room-list/1/ HTTP/1.1" 200 49982
INFO 2025-10-14 18:14:04,814 basehttp 9488 10984 "GET /static/css/dist/styles.css?v=1760508844 HTTP/1.1" 200 105000
INFO 2025-10-14 18:14:35,806 autoreload 9488 21944 C:\Users\HP\OneDrive\Documents\essetech\hotelapp\Hotel-website-Django\hotelapp\core\views.py changed, reloading.
INFO 2025-10-14 18:14:36,608 autoreload 21080 17384 Watching for file changes with StatReloader
INFO 2025-10-14 18:14:37,489 basehttp 21080 21952 "GET /hotel_rooms/room-list/1/ HTTP/1.1" 200 49982
INFO 2025-10-14 18:14:37,636 basehttp 21080 21952 "GET /static/css/dist/styles.css?v=1760508877 HTTP/1.1" 200 105000
INFO 2025-10-14 18:14:50,837 autoreload 21080 17384 C:\Users\HP\OneDrive\Documents\essetech\hotelapp\Hotel-website-Django\hotelapp\hotelapp\settings.py changed, reloading.
INFO 2025-10-14 18:14:52,677 autoreload 5024 2556 Watching for file changes with StatReloader
INFO 2025-10-14 18:14:53,415 basehttp 5024 24088 "GET /hotel_rooms/room-list/1/ HTTP/1.1" 200 49982
INFO 2025-10-14 18:14:53,502 basehttp 5024 24088 "GET /static/css/dist/styles.css?v=1760508893 HTTP/1.1" 200 105000
INFO 2025-10-14 18:15:01,181 autoreload 5024 2556 C:\Users\HP\OneDrive\Documents\essetech\hotelapp\Hotel-website-Django\hotelapp\hotelapp\settings.py changed, reloading.
INFO 2025-10-14 18:15:02,289 autoreload 9920 8724 Watching for file changes with StatReloader
INFO 2025-10-14 18:15:03,158 basehttp 9920 17180 "GET /hotel_rooms/room-list/1/ HTTP/1.1" 200 49982
INFO 2025-10-14 18:15:03,248 basehttp 9920 17180 "GET /static/css/dist/styles.css?v=1760508903 HTTP/1.1" 200 105000
INFO 2025-10-14 18:15:06,668 autoreload 9920 8724 C:\Users\HP\OneDrive\Documents\essetech\hotelapp\Hotel-website-Django\hotelapp\hotelapp\settings.py changed, reloading.
INFO 2025-10-14 18:15:07,709 autoreload 27412 13916 Watching for file changes with StatReloader
INFO 2025-10-14 18:15:08,637 basehttp 27412 15572 "GET /hotel_rooms/room-list/1/ HTTP/1.1" 200 49982
INFO 2025-10-14 18:15:08,782 basehttp 27412 15572 "GET /static/css/dist/styles.css?v=1760508908 HTTP/1.1" 200 105000
INFO 2025-10-14 18:15:14,265 autoreload 27412 13916 C:\Users\HP\OneDrive\Documents\essetech\hotelapp\Hotel-website-Django\hotelapp\hotelapp\settings.py changed, reloading.
INFO 2025-10-14 18:15:15,043 autoreload 20572 22392 Watching for file changes with StatReloader
INFO 2025-10-14 18:15:15,879 basehttp 20572 20356 "GET /hotel_rooms/room-list/1/ HTTP/1.1" 200 49982
INFO 2025-10-14 18:15:15,948 basehttp 20572 20356 "GET /static/css/dist/styles.css?v=1760508915 HTTP/1.1" 200 105000
INFO 2025-10-14 18:15:23,392 autoreload 20572 22392 C:\Users\HP\OneDrive\Documents\essetech\hotelapp\Hotel-website-Django\hotelapp\hotelapp\settings.py changed, reloading.
INFO 2025-10-14 18:15:24,259 autoreload 25696 26488 Watching for file changes with StatReloader
INFO 2025-10-14 18:15:25,075 basehttp 25696 14140 "GET /hotel_rooms/room-list/1/ HTTP/1.1" 200 49982
INFO 2025-10-14 18:15:25,160 basehttp 25696 14140 "GET /static/css/dist/styles.css?v=1760508925 HTTP/1.1" 200 105000
INFO 2025-10-14 18:15:26,339 autoreload 25696 26488 C:\Users\HP\OneDrive\Documents\essetech\hotelapp\Hotel-website-Django\hotelapp\hotelapp\settings.py changed, reloading.
INFO 2025-10-14 18:15:27,077 autoreload 9420 17304 Watching for file changes with StatReloader
INFO 2025-10-14 18:15:27,949 basehttp 9420 26316 "GET /hotel_rooms/room-list/1/ HTTP/1.1" 200 49982
INFO 2025-10-14 18:15:28,018 basehttp 9420 26316 "GET /static/css/dist/styles.css?v=1760508927 HTTP/1.1" 200 105000
INFO 2025-10-14 18:15:34,475 autoreload 9420 17304 C:\Users\HP\OneDrive\Documents\essetech\hotelapp\Hotel-website-Django\hotelapp\hotelapp\settings.py changed, reloading.
INFO 2025-10-14 18:15:35,463 autoreload 21832 6360 Watching for file changes with StatReloader
INFO 2025-10-14 18:15:36,189 basehttp 21832 1436 "GET /hotel_rooms/room-list/1/ HTTP/1.1" 200 49982
INFO 2025-10-14 18:15:36,274 basehttp 21832 1436 "GET /static/css/dist/styles.css?v=1760508936 HTTP/1.1" 200 105000
INFO 2025-10-14 18:16:19,068 autoreload 21832 6360 C:\Users\HP\OneDrive\Documents\essetech\hotelapp\Hotel-website-Django\hotelapp\core\models.py changed, reloading.
INFO 2025-10-14 18:16:20,038 autoreload 25100 24124 Watching for file changes with StatReloader
INFO 2025-10-14 18:16:21,000 basehttp 25100 4008 "GET /hotel_rooms/room-list/1/ HTTP/1.1" 200 49982
INFO 2025-10-14 18:17:09,100 autoreload 17712 21864 Watching for file changes with StatReloader
INFO 2025-10-14 18:17:20,306 basehttp 17712 13788 "GET /hotel_rooms/room-list/1/ HTTP/1.1" 200 49982
INFO 2025-10-14 18:17:20,442 basehttp 17712 13788 "GET /static/css/dist/styles.css?v=1760509040 HTTP/1.1" 200 105000
INFO 2025-10-14 18:17:27,453 basehttp 17712 23316 "GET / HTTP/1.1" 200 14512
INFO 2025-10-14 18:17:27,530 basehttp 17712 23316 "GET /static/css/dist/styles.css?v=1760509047 HTTP/1.1" 200 105000
INFO 2025-10-14 18:17:31,376 basehttp 17712 26460 "GET /hotel_rooms/ HTTP/1.1" 200 20021
INFO 2025-10-14 18:17:31,456 basehttp 17712 26460 "GET /static/css/dist/styles.css?v=1760509051 HTTP/1.1" 200 105000
INFO 2025-10-14 18:17:33,941 basehttp 17712 26148 "GET /hotel_rooms/room-list/1/ HTTP/1.1" 200 49982
INFO 2025-10-14 18:17:34,005 basehttp 17712 26148 "GET /static/css/dist/styles.css?v=1760509053 HTTP/1.1" 200 105000
ERROR 2025-10-14 18:17:41,925 log 17712 10308 Internal Server Error: /profile/
Traceback (most recent call last):
  File "C:\Users\HP\OneDrive\Documents\essetech\hotelapp\Hotel-website-Django\.venv\Lib\site-packages\django\core\handlers\exception.py", line 55, in inner
    response = get_response(request)
  File "C:\Users\HP\OneDrive\Documents\essetech\hotelapp\Hotel-website-Django\.venv\Lib\site-packages\django\core\handlers\base.py", line 197, in _get_response
    response = wrapped_callback(request, *callback_args, **callback_kwargs)
  File "C:\Users\HP\OneDrive\Documents\essetech\hotelapp\Hotel-website-Django\.venv\Lib\site-packages\django\contrib\auth\decorators.py", line 60, in _view_wrapper
    return view_func(request, *args, **kwargs)
  File "C:\Users\HP\OneDrive\Documents\essetech\hotelapp\Hotel-website-Django\hotelapp\account\views.py", line 106, in profile
    p_form = UserUpdateForm(instance=request.user.profilemodel)
                                     ^^^^^^^^^^^^^^^^^^^^^^^^^
  File "C:\Users\HP\OneDrive\Documents\essetech\hotelapp\Hotel-website-Django\.venv\Lib\site-packages\django\utils\functional.py", line 253, in inner
    return func(_wrapped, *args)
  File "C:\Users\HP\OneDrive\Documents\essetech\hotelapp\Hotel-website-Django\.venv\Lib\site-packages\django\db\models\fields\related_descriptors.py", line 531, in __get__
    raise self.RelatedObjectDoesNotExist(
    ...<2 lines>...
    )
core.models.CustomUser.profilemodel.RelatedObjectDoesNotExist: CustomUser has no profilemodel.
ERROR 2025-10-14 18:17:41,930 basehttp 17712 10308 "GET /profile/ HTTP/1.1" 500 89180
INFO 2025-10-14 18:19:08,549 basehttp 17712 9512 "POST /create-booking/ HTTP/1.1" 302 0
ERROR 2025-10-14 18:19:21,546 views 17712 9512 Failed to send hotel notification email: send_hotel_booking_notification() missing 1 required positional argument: 'hotel'
INFO 2025-10-14 18:19:21,579 basehttp 17712 9512 "GET /verify-booking-payment/?trxref=ae692849-191e-455d-a821-375f0b469500&reference=ae692849-191e-455d-a821-375f0b469500 HTTP/1.1" 302 0
INFO 2025-10-14 18:19:21,668 basehttp 17712 9512 "GET /booking-success/?booking_id=6 HTTP/1.1" 200 7366
INFO 2025-10-14 18:19:21,782 basehttp 17712 9512 "GET /static/css/dist/styles.css?v=1760509161 HTTP/1.1" 200 105000
INFO 2025-10-14 18:26:44,298 autoreload 17712 21864 C:\Users\HP\OneDrive\Documents\essetech\hotelapp\Hotel-website-Django\hotelapp\core\views.py changed, reloading.
INFO 2025-10-14 18:26:45,955 autoreload 9360 22588 Watching for file changes with StatReloader
INFO 2025-10-14 18:26:46,805 basehttp 9360 20624 "GET /booking-success/?booking_id=6 HTTP/1.1" 200 7366
INFO 2025-10-14 18:26:46,893 basehttp 9360 20624 "GET /static/css/dist/styles.css?v=1760509606 HTTP/1.1" 200 105000
INFO 2025-10-14 18:31:25,386 autoreload 9360 22588 C:\Users\HP\OneDrive\Documents\essetech\hotelapp\Hotel-website-Django\hotelapp\core\views.py changed, reloading.
INFO 2025-10-14 18:31:26,305 autoreload 14136 1864 Watching for file changes with StatReloader
INFO 2025-10-14 18:31:29,662 autoreload 14136 1864 C:\Users\HP\OneDrive\Documents\essetech\hotelapp\Hotel-website-Django\hotelapp\core\views.py changed, reloading.
INFO 2025-10-14 18:31:30,512 autoreload 17724 20736 Watching for file changes with StatReloader
INFO 2025-10-14 18:31:31,290 basehttp 17724 21164 "GET /booking-success/?booking_id=6 HTTP/1.1" 200 7366
INFO 2025-10-14 18:31:31,386 basehttp 17724 21164 "GET /static/css/dist/styles.css?v=1760509891 HTTP/1.1" 200 105000
INFO 2025-10-14 18:38:07,108 autoreload 17724 20736 C:\Users\HP\OneDrive\Documents\essetech\hotelapp\Hotel-website-Django\hotelapp\core\views.py changed, reloading.
INFO 2025-10-14 18:38:08,020 autoreload 24648 8852 Watching for file changes with StatReloader
INFO 2025-10-14 18:38:08,744 basehttp 24648 22140 "GET /booking-success/?booking_id=6 HTTP/1.1" 200 7366
INFO 2025-10-14 18:38:08,827 basehttp 24648 22140 "GET /static/css/dist/styles.css?v=1760510288 HTTP/1.1" 200 105000
INFO 2025-10-14 18:38:48,407 basehttp 24648 14440 "GET /my_booking/ HTTP/1.1" 200 32271
INFO 2025-10-14 18:38:48,513 basehttp 24648 14440 "GET /static/css/dist/styles.css?v=1760510328 HTTP/1.1" 200 105000
INFO 2025-10-14 18:38:52,355 basehttp 24648 26960 "GET /my_booking/ HTTP/1.1" 200 32271
INFO 2025-10-14 18:38:52,411 basehttp 24648 26960 "GET /static/css/dist/styles.css?v=1760510332 HTTP/1.1" 200 105000
INFO 2025-10-14 18:38:59,671 basehttp 24648 8096 "GET / HTTP/1.1" 200 14512
INFO 2025-10-14 18:38:59,737 basehttp 24648 8096 "GET /static/css/dist/styles.css?v=1760510339 HTTP/1.1" 200 105000
INFO 2025-10-14 18:39:07,470 basehttp 24648 8264 "GET /hotel_rooms/ HTTP/1.1" 200 20021
INFO 2025-10-14 18:39:07,563 basehttp 24648 8264 "GET /static/css/dist/styles.css?v=1760510347 HTTP/1.1" 200 105000
INFO 2025-10-14 18:39:11,565 basehttp 24648 16396 "GET /hotel_rooms/room-list/1/ HTTP/1.1" 200 49982
INFO 2025-10-14 18:39:11,638 basehttp 24648 16396 "GET /static/css/dist/styles.css?v=1760510351 HTTP/1.1" 200 105000
INFO 2025-10-14 18:40:23,817 basehttp 24648 19144 "POST /create-booking/ HTTP/1.1" 302 0
INFO 2025-10-14 18:41:38,014 views 24648 19144 Sending hotel notification for booking 7 to esmondabban3@gmail.com
ERROR 2025-10-14 18:41:41,135 views 24648 19144 Failed to send hotel notification email: (535, b'Authentication Failed')
INFO 2025-10-14 18:41:41,155 basehttp 24648 19144 "GET /verify-booking-payment/?trxref=153865ce-32c6-4071-8aea-7fd21f71aacb&reference=153865ce-32c6-4071-8aea-7fd21f71aacb HTTP/1.1" 302 0
INFO 2025-10-14 18:41:41,188 basehttp 24648 19144 "GET /booking-success/?booking_id=7 HTTP/1.1" 200 7366
INFO 2025-10-14 18:41:41,256 basehttp 24648 19144 "GET /static/css/dist/styles.css?v=1760510501 HTTP/1.1" 200 105000
INFO 2025-10-14 18:49:16,368 autoreload 24648 8852 C:\Users\HP\OneDrive\Documents\essetech\hotelapp\Hotel-website-Django\hotelapp\hotelapp\settings.py changed, reloading.
INFO 2025-10-14 18:49:17,256 autoreload 27356 3184 Watching for file changes with StatReloader
INFO 2025-10-14 18:49:18,013 basehttp 27356 19724 "GET /booking-success/?booking_id=7 HTTP/1.1" 200 7366
INFO 2025-10-14 18:49:18,115 basehttp 27356 19724 "GET /static/css/dist/styles.css?v=1760510957 HTTP/1.1" 200 105000
INFO 2025-10-14 18:49:19,468 autoreload 27356 3184 C:\Users\HP\OneDrive\Documents\essetech\hotelapp\Hotel-website-Django\hotelapp\hotelapp\settings.py changed, reloading.
INFO 2025-10-14 18:49:20,205 autoreload 7036 17276 Watching for file changes with StatReloader
INFO 2025-10-14 18:49:21,084 basehttp 7036 18636 "GET /booking-success/?booking_id=7 HTTP/1.1" 200 7366
INFO 2025-10-14 18:49:21,150 basehttp 7036 18636 "GET /static/css/dist/styles.css?v=1760510961 HTTP/1.1" 200 105000
INFO 2025-10-14 18:49:29,730 autoreload 7036 17276 C:\Users\HP\OneDrive\Documents\essetech\hotelapp\Hotel-website-Django\hotelapp\hotelapp\settings.py changed, reloading.
INFO 2025-10-14 18:49:30,571 autoreload 3236 15520 Watching for file changes with StatReloader
INFO 2025-10-14 18:49:31,352 basehttp 3236 24824 "GET /booking-success/?booking_id=7 HTTP/1.1" 200 7366
INFO 2025-10-14 18:49:31,426 basehttp 3236 24824 "GET /static/css/dist/styles.css?v=1760510971 HTTP/1.1" 200 105000
INFO 2025-10-14 18:52:31,477 basehttp 3236 19268 "GET /my_booking/ HTTP/1.1" 200 36033
INFO 2025-10-14 18:52:31,522 basehttp 3236 19268 "GET /static/css/dist/styles.css?v=1760511151 HTTP/1.1" 200 105000
INFO 2025-10-14 18:52:34,810 basehttp 3236 4896 "GET / HTTP/1.1" 200 14512
INFO 2025-10-14 18:52:34,863 basehttp 3236 4896 "GET /static/css/dist/styles.css?v=1760511154 HTTP/1.1" 200 105000
INFO 2025-10-14 18:52:36,708 basehttp 3236 14696 "GET /hotel_rooms/ HTTP/1.1" 200 20021
INFO 2025-10-14 18:52:36,816 basehttp 3236 14696 "GET /static/css/dist/styles.css?v=1760511156 HTTP/1.1" 200 105000
INFO 2025-10-14 18:53:27,089 basehttp 3236 16728 "GET /hotel_rooms/room-list/1/ HTTP/1.1" 200 49982
INFO 2025-10-14 18:53:27,135 basehttp 3236 16728 "GET /static/css/dist/styles.css?v=1760511207 HTTP/1.1" 200 105000
INFO 2025-10-14 18:59:14,847 basehttp 3236 15572 "GET /hotel_rooms/room-list/1/ HTTP/1.1" 200 50992
INFO 2025-10-14 18:59:14,890 basehttp 3236 15572 "GET /static/css/dist/styles.css?v=1760511554 HTTP/1.1" 200 105000
INFO 2025-10-14 18:59:22,486 basehttp 3236 928 "GET /hotel_rooms/room-list/1/ HTTP/1.1" 200 60136
INFO 2025-10-14 18:59:22,540 basehttp 3236 928 "GET /static/css/dist/styles.css?v=1760511562 HTTP/1.1" 200 105000
INFO 2025-10-14 18:59:51,511 basehttp 3236 27388 "GET /hotel_rooms/room-list/1/ HTTP/1.1" 200 60132
INFO 2025-10-14 18:59:51,534 basehttp 3236 27388 "GET /static/css/dist/styles.css?v=1760511591 HTTP/1.1" 200 105000
INFO 2025-10-14 18:59:53,871 basehttp 3236 20620 "GET /hotel_rooms/room-list/1/ HTTP/1.1" 200 60139
INFO 2025-10-14 18:59:53,908 basehttp 3236 20620 "GET /static/css/dist/styles.css?v=1760511593 HTTP/1.1" 200 105000
INFO 2025-10-14 18:59:57,267 basehttp 3236 26044 "GET /hotel_rooms/room-list/1/ HTTP/1.1" 200 60140
INFO 2025-10-14 18:59:57,328 basehttp 3236 26044 "GET /static/css/dist/styles.css?v=1760511597 HTTP/1.1" 200 105000
INFO 2025-10-14 18:59:59,276 basehttp 3236 19688 "GET /hotel_rooms/room-list/1/ HTTP/1.1" 200 63103
INFO 2025-10-14 18:59:59,309 basehttp 3236 19688 "GET /static/css/dist/styles.css?v=1760511599 HTTP/1.1" 200 105000
INFO 2025-10-14 19:00:08,958 basehttp 3236 21088 "GET /hotel_rooms/room-list/1/ HTTP/1.1" 200 63531
INFO 2025-10-14 19:00:08,986 basehttp 3236 21088 "GET /static/css/dist/styles.css?v=1760511608 HTTP/1.1" 200 105000
INFO 2025-10-14 19:00:12,229 basehttp 3236 12096 "GET /hotel_rooms/room-list/1/ HTTP/1.1" 200 63527
INFO 2025-10-14 19:00:12,254 basehttp 3236 12096 "GET /static/css/dist/styles.css?v=1760511612 HTTP/1.1" 200 105000
INFO 2025-10-14 19:00:18,127 basehttp 3236 23884 "GET /hotel_rooms/room-list/1/ HTTP/1.1" 200 63527
INFO 2025-10-14 19:00:18,180 basehttp 3236 23884 "GET /static/css/style.css HTTP/1.1" 200 25498
INFO 2025-10-14 19:00:18,184 basehttp 3236 26240 "GET /static/css/dist/styles.css?v=1760511618 HTTP/1.1" 200 105000
INFO 2025-10-14 19:00:18,208 basehttp 3236 26092 "GET /static/image/assets/hotel_48dp_FILL0_wght400_GRAD0_opsz48.png HTTP/1.1" 200 4257
INFO 2025-10-14 19:00:18,725 basehttp 3236 26092 "GET /static/js/app.js HTTP/1.1" 200 4028
INFO 2025-10-14 19:00:18,727 basehttp 3236 26240 "GET /static/django-browser-reload/reload-listener.js HTTP/1.1" 200 623
INFO 2025-10-14 19:00:19,022 basehttp 3236 5496 "GET /static/image/assets/dinner1.jpg HTTP/1.1" 200 8822182
WARNING 2025-10-14 19:00:32,353 log 3236 20672 Not Found: /favicon.ico
WARNING 2025-10-14 19:00:32,354 basehttp 3236 20672 "GET /favicon.ico HTTP/1.1" 404 13423
INFO 2025-10-14 19:01:44,630 basehttp 3236 20672 "GET /hotel_rooms/room-list/1/ HTTP/1.1" 200 63527
INFO 2025-10-14 19:01:44,798 basehttp 3236 20672 "GET /static/css/dist/styles.css?v=1760511704 HTTP/1.1" 200 107974
INFO 2025-10-14 19:01:50,453 basehttp 3236 5840 "GET /hotel_rooms/room-list/1/ HTTP/1.1" 200 63527
INFO 2025-10-14 19:01:50,504 basehttp 3236 5840 "GET /static/css/dist/styles.css?v=1760511710 HTTP/1.1" 200 107974
INFO 2025-10-14 19:02:06,112 basehttp 3236 10572 "GET /room_detail/3/ HTTP/1.1" 200 16649
INFO 2025-10-14 19:02:06,178 basehttp 3236 10572 "GET /static/css/dist/styles.css?v=1760511726 HTTP/1.1" 200 107974
INFO 2025-10-14 19:02:10,917 basehttp 3236 25932 "GET /hotel_rooms/room-list/1/ HTTP/1.1" 200 63527
INFO 2025-10-14 19:02:10,976 basehttp 3236 25932 "GET /static/css/dist/styles.css?v=1760511730 HTTP/1.1" 200 107974
INFO 2025-10-14 19:02:25,414 basehttp 3236 13552 "GET /hotel_rooms/room-list/1/ HTTP/1.1" 200 60139
INFO 2025-10-14 19:02:25,459 basehttp 3236 13552 "GET /static/css/dist/styles.css?v=1760511745 HTTP/1.1" 200 107974
INFO 2025-10-14 19:02:27,742 basehttp 3236 8920 "GET /hotel_rooms/room-list/1/ HTTP/1.1" 200 60132
INFO 2025-10-14 19:02:27,901 basehttp 3236 8920 "GET /static/css/dist/styles.css?v=1760511747 HTTP/1.1" 200 107974
INFO 2025-10-14 19:02:29,927 basehttp 3236 10276 "GET /hotel_rooms/room-list/1/ HTTP/1.1" 200 60132
INFO 2025-10-14 19:02:29,970 basehttp 3236 10276 "GET /static/css/dist/styles.css?v=1760511749 HTTP/1.1" 200 107974
INFO 2025-10-14 19:02:35,196 basehttp 3236 4084 "GET /hotel_rooms/room-list/1/ HTTP/1.1" 200 58304
INFO 2025-10-14 19:02:35,246 basehttp 3236 4084 "GET /static/css/dist/styles.css?v=1760511755 HTTP/1.1" 200 107974
INFO 2025-10-14 19:02:38,273 basehttp 3236 19928 "GET /hotel_rooms/room-list/1/ HTTP/1.1" 200 58304
INFO 2025-10-14 19:02:38,351 basehttp 3236 19928 "GET /static/css/dist/styles.css?v=1760511758 HTTP/1.1" 200 107974
INFO 2025-10-14 19:02:46,035 basehttp 3236 5288 "GET /hotel_rooms/room-list/1/ HTTP/1.1" 200 49982
INFO 2025-10-14 19:02:46,090 basehttp 3236 5288 "GET /static/css/dist/styles.css?v=1760511765 HTTP/1.1" 200 107974
INFO 2025-10-14 19:03:24,021 basehttp 3236 16264 "GET /hotel_rooms/room-list/1/ HTTP/1.1" 200 49982
WARNING 2025-10-14 19:03:24,070 basehttp 3236 16264 "GET /static/css/dist/styles.css?v=1760511803 HTTP/1.1" 404 1884
INFO 2025-10-14 19:03:28,215 basehttp 3236 19892 "GET /hotel_rooms/room-list/1/ HTTP/1.1" 200 49982
INFO 2025-10-14 19:03:28,249 basehttp 3236 19892 "GET /static/css/dist/styles.css?v=1760511808 HTTP/1.1" 200 81945
INFO 2025-10-15 08:18:03,451 autoreload 17308 16632 Watching for file changes with StatReloader
INFO 2025-10-15 08:21:29,569 autoreload 17308 16632 C:\Users\HP\OneDrive\Documents\essetech\hotelapp\Hotel-website-Django\hotelapp\account\urls.py changed, reloading.
INFO 2025-10-15 08:21:30,654 autoreload 4560 22168 Watching for file changes with StatReloader
INFO 2025-10-15 08:21:36,156 autoreload 4560 22168 C:\Users\HP\OneDrive\Documents\essetech\hotelapp\Hotel-website-Django\hotelapp\account\urls.py changed, reloading.
INFO 2025-10-15 08:21:37,155 autoreload 26320 24352 Watching for file changes with StatReloader
INFO 2025-10-15 08:21:41,675 autoreload 26320 24352 C:\Users\HP\OneDrive\Documents\essetech\hotelapp\Hotel-website-Django\hotelapp\account\urls.py changed, reloading.
INFO 2025-10-15 08:21:42,407 autoreload 23932 10188 Watching for file changes with StatReloader
INFO 2025-10-15 08:21:50,753 autoreload 23932 10188 C:\Users\HP\OneDrive\Documents\essetech\hotelapp\Hotel-website-Django\hotelapp\account\urls.py changed, reloading.
INFO 2025-10-15 08:21:51,675 autoreload 21176 7388 Watching for file changes with StatReloader
INFO 2025-10-15 08:21:55,746 autoreload 21176 7388 C:\Users\HP\OneDrive\Documents\essetech\hotelapp\Hotel-website-Django\hotelapp\account\urls.py changed, reloading.
INFO 2025-10-15 08:21:56,800 autoreload 1536 14168 Watching for file changes with StatReloader
INFO 2025-10-15 08:21:59,780 autoreload 1536 14168 C:\Users\HP\OneDrive\Documents\essetech\hotelapp\Hotel-website-Django\hotelapp\account\urls.py changed, reloading.
INFO 2025-10-15 08:22:00,572 autoreload 11768 10984 Watching for file changes with StatReloader
INFO 2025-10-15 08:22:04,391 autoreload 11768 10984 C:\Users\HP\OneDrive\Documents\essetech\hotelapp\Hotel-website-Django\hotelapp\account\urls.py changed, reloading.
INFO 2025-10-15 08:22:06,015 autoreload 23672 27320 Watching for file changes with StatReloader
INFO 2025-10-15 08:22:44,370 autoreload 23672 27320 C:\Users\HP\OneDrive\Documents\essetech\hotelapp\Hotel-website-Django\hotelapp\account\views.py changed, reloading.
INFO 2025-10-15 08:22:45,298 autoreload 14768 26764 Watching for file changes with StatReloader
INFO 2025-10-15 08:22:52,424 autoreload 14768 26764 C:\Users\HP\OneDrive\Documents\essetech\hotelapp\Hotel-website-Django\hotelapp\account\views.py changed, reloading.
INFO 2025-10-15 08:22:53,317 autoreload 3088 10984 Watching for file changes with StatReloader
INFO 2025-10-15 08:22:56,587 autoreload 3088 10984 C:\Users\HP\OneDrive\Documents\essetech\hotelapp\Hotel-website-Django\hotelapp\account\views.py changed, reloading.
INFO 2025-10-15 08:22:57,759 autoreload 644 18480 Watching for file changes with StatReloader
INFO 2025-10-15 08:22:59,881 autoreload 644 18480 C:\Users\HP\OneDrive\Documents\essetech\hotelapp\Hotel-website-Django\hotelapp\account\views.py changed, reloading.
INFO 2025-10-15 08:23:01,009 autoreload 16632 25856 Watching for file changes with StatReloader
INFO 2025-10-15 08:23:09,738 autoreload 16632 25856 C:\Users\HP\OneDrive\Documents\essetech\hotelapp\Hotel-website-Django\hotelapp\account\views.py changed, reloading.
INFO 2025-10-15 08:23:10,875 autoreload 12984 11800 Watching for file changes with StatReloader
INFO 2025-10-15 08:23:13,193 autoreload 12984 11800 C:\Users\HP\OneDrive\Documents\essetech\hotelapp\Hotel-website-Django\hotelapp\account\views.py changed, reloading.
INFO 2025-10-15 08:23:14,065 autoreload 8728 12064 Watching for file changes with StatReloader
INFO 2025-10-15 08:23:23,470 autoreload 8728 12064 C:\Users\HP\OneDrive\Documents\essetech\hotelapp\Hotel-website-Django\hotelapp\account\views.py changed, reloading.
INFO 2025-10-15 08:23:24,344 autoreload 7584 5072 Watching for file changes with StatReloader
INFO 2025-10-15 08:23:28,611 autoreload 7584 5072 C:\Users\HP\OneDrive\Documents\essetech\hotelapp\Hotel-website-Django\hotelapp\account\views.py changed, reloading.
INFO 2025-10-15 08:23:30,084 autoreload 15744 4440 Watching for file changes with StatReloader
INFO 2025-10-15 08:23:34,211 autoreload 15744 4440 C:\Users\HP\OneDrive\Documents\essetech\hotelapp\Hotel-website-Django\hotelapp\account\views.py changed, reloading.
INFO 2025-10-15 08:23:35,183 autoreload 4560 9600 Watching for file changes with StatReloader
INFO 2025-10-15 08:23:40,090 autoreload 4560 9600 C:\Users\HP\OneDrive\Documents\essetech\hotelapp\Hotel-website-Django\hotelapp\account\views.py changed, reloading.
INFO 2025-10-15 08:23:40,832 autoreload 8560 14012 Watching for file changes with StatReloader
INFO 2025-10-15 08:24:06,576 autoreload 8560 14012 C:\Users\HP\OneDrive\Documents\essetech\hotelapp\Hotel-website-Django\hotelapp\account\urls.py changed, reloading.
INFO 2025-10-15 08:24:07,910 autoreload 27216 11116 Watching for file changes with StatReloader
INFO 2025-10-15 09:04:26,660 basehttp 27216 22880 "GET / HTTP/1.1" 200 11110
INFO 2025-10-15 09:04:26,835 basehttp 27216 22880 "GET /static/css/dist/styles.css?v=1760562266 HTTP/1.1" 200 108843
INFO 2025-10-15 09:04:27,464 basehttp 27216 9904 "GET / HTTP/1.1" 200 11110
INFO 2025-10-15 09:04:27,531 basehttp 27216 9904 "GET /static/css/dist/styles.css?v=1760562267 HTTP/1.1" 200 108843
INFO 2025-10-15 09:04:30,238 basehttp 27216 27888 "GET /sign_up/ HTTP/1.1" 200 16069
INFO 2025-10-15 09:04:30,335 basehttp 27216 27888 "GET /static/css/dist/styles.css?v=1760562270 HTTP/1.1" 200 108843
INFO 2025-10-15 09:04:31,991 basehttp 27216 22216 "GET /login/ HTTP/1.1" 200 11508
INFO 2025-10-15 09:04:32,110 basehttp 27216 22216 "GET /static/css/dist/styles.css?v=1760562271 HTTP/1.1" 200 108843
INFO 2025-10-15 09:04:41,682 basehttp 27216 11352 "POST /login/ HTTP/1.1" 302 0
INFO 2025-10-15 09:04:41,712 basehttp 27216 11352 "GET / HTTP/1.1" 200 16559
INFO 2025-10-15 09:04:41,780 basehttp 27216 11352 "GET /static/css/dist/styles.css?v=1760562281 HTTP/1.1" 200 108843
INFO 2025-10-15 09:04:54,411 basehttp 27216 17028 "GET /logout_user/ HTTP/1.1" 302 0
INFO 2025-10-15 09:04:54,428 basehttp 27216 17028 "GET / HTTP/1.1" 200 13159
INFO 2025-10-15 09:04:54,496 basehttp 27216 17028 "GET /static/css/dist/styles.css?v=1760562294 HTTP/1.1" 200 108843
INFO 2025-10-15 09:06:12,669 autoreload 27216 11116 C:\Users\HP\OneDrive\Documents\essetech\hotelapp\Hotel-website-Django\hotelapp\account\views.py changed, reloading.
INFO 2025-10-15 09:06:14,151 autoreload 26336 13272 Watching for file changes with StatReloader
INFO 2025-10-15 09:06:18,162 autoreload 26336 13272 C:\Users\HP\OneDrive\Documents\essetech\hotelapp\Hotel-website-Django\hotelapp\account\views.py changed, reloading.
INFO 2025-10-15 09:06:18,896 autoreload 3320 16932 Watching for file changes with StatReloader
INFO 2025-10-15 09:06:20,013 basehttp 3320 15868 "GET / HTTP/1.1" 200 11110
INFO 2025-10-15 09:06:20,143 basehttp 3320 15868 "GET /static/css/dist/styles.css?v=1760562379 HTTP/1.1" 200 108843
INFO 2025-10-15 09:06:29,504 autoreload 3320 16932 C:\Users\HP\OneDrive\Documents\essetech\hotelapp\Hotel-website-Django\hotelapp\account\views.py changed, reloading.
INFO 2025-10-15 09:06:30,358 autoreload 5456 3372 Watching for file changes with StatReloader
INFO 2025-10-15 09:06:31,339 basehttp 5456 27884 "GET / HTTP/1.1" 200 11110
INFO 2025-10-15 09:06:31,468 basehttp 5456 27884 "GET /static/css/dist/styles.css?v=1760562391 HTTP/1.1" 200 108843
INFO 2025-10-15 09:06:39,274 autoreload 5456 3372 C:\Users\HP\OneDrive\Documents\essetech\hotelapp\Hotel-website-Django\hotelapp\account\views.py changed, reloading.
INFO 2025-10-15 09:06:40,132 autoreload 19468 10608 Watching for file changes with StatReloader
INFO 2025-10-15 09:06:41,119 basehttp 19468 20628 "GET / HTTP/1.1" 200 11110
INFO 2025-10-15 09:06:41,246 basehttp 19468 20628 "GET /static/css/dist/styles.css?v=1760562401 HTTP/1.1" 200 108843
INFO 2025-10-15 09:06:46,161 basehttp 19468 6352 "GET / HTTP/1.1" 200 11110
INFO 2025-10-15 09:06:46,227 basehttp 19468 6352 "GET /static/css/dist/styles.css?v=1760562406 HTTP/1.1" 200 108843
INFO 2025-10-15 09:06:52,690 basehttp 19468 26336 "GET / HTTP/1.1" 200 11110
INFO 2025-10-15 09:06:52,767 basehttp 19468 26336 "GET /static/css/dist/styles.css?v=1760562412 HTTP/1.1" 200 108843
INFO 2025-10-15 09:06:54,044 basehttp 19468 23428 "GET /sign_up/ HTTP/1.1" 200 16069
INFO 2025-10-15 09:06:54,135 basehttp 19468 23428 "GET /static/css/dist/styles.css?v=1760562414 HTTP/1.1" 200 108843
INFO 2025-10-15 09:06:55,953 basehttp 19468 15084 "GET /login/ HTTP/1.1" 200 11508
INFO 2025-10-15 09:06:56,006 basehttp 19468 15084 "GET /static/css/dist/styles.css?v=1760562415 HTTP/1.1" 200 108843
INFO 2025-10-15 09:07:05,239 basehttp 19468 28552 "POST /login/ HTTP/1.1" 302 0
INFO 2025-10-15 09:07:05,268 basehttp 19468 28552 "GET / HTTP/1.1" 200 16559
INFO 2025-10-15 09:07:05,333 basehttp 19468 28552 "GET /static/css/dist/styles.css?v=1760562425 HTTP/1.1" 200 108843
INFO 2025-10-15 09:07:20,066 basehttp 19468 2064 "GET /logout_user/ HTTP/1.1" 302 0
INFO 2025-10-15 09:07:20,103 basehttp 19468 2064 "GET / HTTP/1.1" 200 13159
INFO 2025-10-15 09:07:20,170 basehttp 19468 2064 "GET /static/css/dist/styles.css?v=1760562440 HTTP/1.1" 200 108843
INFO 2025-10-15 09:08:00,574 autoreload 19468 10608 C:\Users\HP\OneDrive\Documents\essetech\hotelapp\Hotel-website-Django\hotelapp\account\views.py changed, reloading.
INFO 2025-10-15 09:08:01,791 autoreload 26736 25740 Watching for file changes with StatReloader
INFO 2025-10-15 09:08:02,661 basehttp 26736 26972 "GET / HTTP/1.1" 200 11110
INFO 2025-10-15 09:08:02,766 basehttp 26736 26972 "GET /static/css/dist/styles.css?v=1760562482 HTTP/1.1" 200 108843
INFO 2025-10-15 09:08:18,439 basehttp 26736 17252 "GET / HTTP/1.1" 200 11110
INFO 2025-10-15 09:08:18,711 basehttp 26736 17252 "GET /static/css/dist/styles.css?v=1760562498 HTTP/1.1" 200 108843
INFO 2025-10-15 09:08:19,605 basehttp 26736 3300 "GET /sign_up/ HTTP/1.1" 200 16069
INFO 2025-10-15 09:08:19,678 basehttp 26736 3300 "GET /static/css/dist/styles.css?v=1760562499 HTTP/1.1" 200 108843
INFO 2025-10-15 09:08:21,993 basehttp 26736 14140 "GET /login/ HTTP/1.1" 200 11508
INFO 2025-10-15 09:08:22,058 basehttp 26736 14140 "GET /static/css/dist/styles.css?v=1760562501 HTTP/1.1" 200 108843
INFO 2025-10-15 09:08:31,475 basehttp 26736 28192 "POST /login/ HTTP/1.1" 302 0
INFO 2025-10-15 09:08:31,552 basehttp 26736 28192 "GET /staff/dashboard HTTP/1.1" 200 27507
INFO 2025-10-15 09:08:31,654 basehttp 26736 28192 "GET /static/css/dist/styles.css?v=1760562511 HTTP/1.1" 200 108843
INFO 2025-10-15 09:09:35,824 basehttp 26736 20900 "GET /staff/dashboard HTTP/1.1" 200 27516
INFO 2025-10-15 09:09:35,899 basehttp 26736 20900 "GET /static/css/dist/styles.css?v=1760562575 HTTP/1.1" 200 108843
INFO 2025-10-15 09:09:36,916 basehttp 26736 12808 "GET /staff/dashboard HTTP/1.1" 200 27560
INFO 2025-10-15 09:09:36,962 basehttp 26736 12808 "GET /static/css/dist/styles.css?v=1760562576 HTTP/1.1" 200 108843
INFO 2025-10-15 09:09:56,144 basehttp 26736 24232 "GET /staff/dashboard HTTP/1.1" 200 28924
INFO 2025-10-15 09:09:56,182 basehttp 26736 24232 "GET /static/css/dist/styles.css?v=1760562596 HTTP/1.1" 200 108843
INFO 2025-10-15 09:09:58,254 basehttp 26736 19972 "GET /staff/dashboard HTTP/1.1" 200 28943
INFO 2025-10-15 09:09:58,315 basehttp 26736 19972 "GET /static/css/dist/styles.css?v=1760562598 HTTP/1.1" 200 108843
INFO 2025-10-15 09:09:59,289 basehttp 26736 11124 "GET /staff/dashboard HTTP/1.1" 200 28939
INFO 2025-10-15 09:09:59,336 basehttp 26736 11124 "GET /static/css/dist/styles.css?v=1760562599 HTTP/1.1" 200 108843
ERROR 2025-10-15 09:10:45,433 log 26736 3336 Internal Server Error: /staff/dashboard
Traceback (most recent call last):
  File "C:\Users\HP\OneDrive\Documents\essetech\hotelapp\Hotel-website-Django\.venv\Lib\site-packages\django\template\backends\django.py", line 107, in render
    return self.template.render(context)
           ~~~~~~~~~~~~~~~~~~~~^^^^^^^^^
  File "C:\Users\HP\OneDrive\Documents\essetech\hotelapp\Hotel-website-Django\.venv\Lib\site-packages\django\template\base.py", line 171, in render
    return self._render(context)
           ~~~~~~~~~~~~^^^^^^^^^
  File "C:\Users\HP\OneDrive\Documents\essetech\hotelapp\Hotel-website-Django\.venv\Lib\site-packages\django\template\base.py", line 163, in _render
    return self.nodelist.render(context)
           ~~~~~~~~~~~~~~~~~~~~^^^^^^^^^
  File "C:\Users\HP\OneDrive\Documents\essetech\hotelapp\Hotel-website-Django\.venv\Lib\site-packages\django\template\base.py", line 1008, in render
    return SafeString("".join([node.render_annotated(context) for node in self]))
                               ~~~~~~~~~~~~~~~~~~~~~^^^^^^^^^
  File "C:\Users\HP\OneDrive\Documents\essetech\hotelapp\Hotel-website-Django\.venv\Lib\site-packages\django\template\base.py", line 969, in render_annotated
    return self.render(context)
           ~~~~~~~~~~~^^^^^^^^^
  File "C:\Users\HP\OneDrive\Documents\essetech\hotelapp\Hotel-website-Django\.venv\Lib\site-packages\django\template\loader_tags.py", line 159, in render
    return compiled_parent._render(context)
           ~~~~~~~~~~~~~~~~~~~~~~~^^^^^^^^^
  File "C:\Users\HP\OneDrive\Documents\essetech\hotelapp\Hotel-website-Django\.venv\Lib\site-packages\django\template\base.py", line 163, in _render
    return self.nodelist.render(context)
           ~~~~~~~~~~~~~~~~~~~~^^^^^^^^^
  File "C:\Users\HP\OneDrive\Documents\essetech\hotelapp\Hotel-website-Django\.venv\Lib\site-packages\django\template\base.py", line 1008, in render
    return SafeString("".join([node.render_annotated(context) for node in self]))
                               ~~~~~~~~~~~~~~~~~~~~~^^^^^^^^^
  File "C:\Users\HP\OneDrive\Documents\essetech\hotelapp\Hotel-website-Django\.venv\Lib\site-packages\django\template\base.py", line 969, in render_annotated
    return self.render(context)
           ~~~~~~~~~~~^^^^^^^^^
  File "C:\Users\HP\OneDrive\Documents\essetech\hotelapp\Hotel-website-Django\.venv\Lib\site-packages\django\template\loader_tags.py", line 65, in render
    result = block.nodelist.render(context)
  File "C:\Users\HP\OneDrive\Documents\essetech\hotelapp\Hotel-website-Django\.venv\Lib\site-packages\django\template\base.py", line 1008, in render
    return SafeString("".join([node.render_annotated(context) for node in self]))
                               ~~~~~~~~~~~~~~~~~~~~~^^^^^^^^^
  File "C:\Users\HP\OneDrive\Documents\essetech\hotelapp\Hotel-website-Django\.venv\Lib\site-packages\django\template\base.py", line 969, in render_annotated
    return self.render(context)
           ~~~~~~~~~~~^^^^^^^^^
  File "C:\Users\HP\OneDrive\Documents\essetech\hotelapp\Hotel-website-Django\.venv\Lib\site-packages\django\template\loader_tags.py", line 199, in render
    template = context.template.engine.select_template(template_name)
  File "C:\Users\HP\OneDrive\Documents\essetech\hotelapp\Hotel-website-Django\.venv\Lib\site-packages\django\template\engine.py", line 204, in select_template
    raise TemplateDoesNotExist("No template names provided")
django.template.exceptions.TemplateDoesNotExist: No template names provided

The above exception was the direct cause of the following exception:

Traceback (most recent call last):
  File "C:\Users\HP\OneDrive\Documents\essetech\hotelapp\Hotel-website-Django\.venv\Lib\site-packages\django\core\handlers\exception.py", line 55, in inner
    response = get_response(request)
  File "C:\Users\HP\OneDrive\Documents\essetech\hotelapp\Hotel-website-Django\.venv\Lib\site-packages\django\core\handlers\base.py", line 197, in _get_response
    response = wrapped_callback(request, *callback_args, **callback_kwargs)
  File "C:\Users\HP\OneDrive\Documents\essetech\hotelapp\Hotel-website-Django\hotelapp\account\views.py", line 642, in staff_dashboard
    return render(request, "staff/dashboard/staff_dashboard.html")
  File "C:\Users\HP\OneDrive\Documents\essetech\hotelapp\Hotel-website-Django\.venv\Lib\site-packages\django\shortcuts.py", line 25, in render
    content = loader.render_to_string(template_name, context, request, using=using)
  File "C:\Users\HP\OneDrive\Documents\essetech\hotelapp\Hotel-website-Django\.venv\Lib\site-packages\django\template\loader.py", line 62, in render_to_string
    return template.render(context, request)
           ~~~~~~~~~~~~~~~^^^^^^^^^^^^^^^^^^
  File "C:\Users\HP\OneDrive\Documents\essetech\hotelapp\Hotel-website-Django\.venv\Lib\site-packages\django\template\backends\django.py", line 109, in render
    reraise(exc, self.backend)
    ~~~~~~~^^^^^^^^^^^^^^^^^^^
  File "C:\Users\HP\OneDrive\Documents\essetech\hotelapp\Hotel-website-Django\.venv\Lib\site-packages\django\template\backends\django.py", line 130, in reraise
    raise new from exc
django.template.exceptions.TemplateDoesNotExist: No template names provided
ERROR 2025-10-15 09:10:45,442 basehttp 26736 3336 "GET /staff/dashboard HTTP/1.1" 500 160497
ERROR 2025-10-15 09:10:49,855 log 26736 18908 Internal Server Error: /staff/dashboard
Traceback (most recent call last):
  File "C:\Users\HP\OneDrive\Documents\essetech\hotelapp\Hotel-website-Django\.venv\Lib\site-packages\django\template\backends\django.py", line 107, in render
    return self.template.render(context)
           ~~~~~~~~~~~~~~~~~~~~^^^^^^^^^
  File "C:\Users\HP\OneDrive\Documents\essetech\hotelapp\Hotel-website-Django\.venv\Lib\site-packages\django\template\base.py", line 171, in render
    return self._render(context)
           ~~~~~~~~~~~~^^^^^^^^^
  File "C:\Users\HP\OneDrive\Documents\essetech\hotelapp\Hotel-website-Django\.venv\Lib\site-packages\django\template\base.py", line 163, in _render
    return self.nodelist.render(context)
           ~~~~~~~~~~~~~~~~~~~~^^^^^^^^^
  File "C:\Users\HP\OneDrive\Documents\essetech\hotelapp\Hotel-website-Django\.venv\Lib\site-packages\django\template\base.py", line 1008, in render
    return SafeString("".join([node.render_annotated(context) for node in self]))
                               ~~~~~~~~~~~~~~~~~~~~~^^^^^^^^^
  File "C:\Users\HP\OneDrive\Documents\essetech\hotelapp\Hotel-website-Django\.venv\Lib\site-packages\django\template\base.py", line 969, in render_annotated
    return self.render(context)
           ~~~~~~~~~~~^^^^^^^^^
  File "C:\Users\HP\OneDrive\Documents\essetech\hotelapp\Hotel-website-Django\.venv\Lib\site-packages\django\template\loader_tags.py", line 159, in render
    return compiled_parent._render(context)
           ~~~~~~~~~~~~~~~~~~~~~~~^^^^^^^^^
  File "C:\Users\HP\OneDrive\Documents\essetech\hotelapp\Hotel-website-Django\.venv\Lib\site-packages\django\template\base.py", line 163, in _render
    return self.nodelist.render(context)
           ~~~~~~~~~~~~~~~~~~~~^^^^^^^^^
  File "C:\Users\HP\OneDrive\Documents\essetech\hotelapp\Hotel-website-Django\.venv\Lib\site-packages\django\template\base.py", line 1008, in render
    return SafeString("".join([node.render_annotated(context) for node in self]))
                               ~~~~~~~~~~~~~~~~~~~~~^^^^^^^^^
  File "C:\Users\HP\OneDrive\Documents\essetech\hotelapp\Hotel-website-Django\.venv\Lib\site-packages\django\template\base.py", line 969, in render_annotated
    return self.render(context)
           ~~~~~~~~~~~^^^^^^^^^
  File "C:\Users\HP\OneDrive\Documents\essetech\hotelapp\Hotel-website-Django\.venv\Lib\site-packages\django\template\loader_tags.py", line 65, in render
    result = block.nodelist.render(context)
  File "C:\Users\HP\OneDrive\Documents\essetech\hotelapp\Hotel-website-Django\.venv\Lib\site-packages\django\template\base.py", line 1008, in render
    return SafeString("".join([node.render_annotated(context) for node in self]))
                               ~~~~~~~~~~~~~~~~~~~~~^^^^^^^^^
  File "C:\Users\HP\OneDrive\Documents\essetech\hotelapp\Hotel-website-Django\.venv\Lib\site-packages\django\template\base.py", line 969, in render_annotated
    return self.render(context)
           ~~~~~~~~~~~^^^^^^^^^
  File "C:\Users\HP\OneDrive\Documents\essetech\hotelapp\Hotel-website-Django\.venv\Lib\site-packages\django\template\loader_tags.py", line 199, in render
    template = context.template.engine.select_template(template_name)
  File "C:\Users\HP\OneDrive\Documents\essetech\hotelapp\Hotel-website-Django\.venv\Lib\site-packages\django\template\engine.py", line 214, in select_template
    raise TemplateDoesNotExist(", ".join(not_found))
django.template.exceptions.TemplateDoesNotExist: partial

The above exception was the direct cause of the following exception:

Traceback (most recent call last):
  File "C:\Users\HP\OneDrive\Documents\essetech\hotelapp\Hotel-website-Django\.venv\Lib\site-packages\django\core\handlers\exception.py", line 55, in inner
    response = get_response(request)
  File "C:\Users\HP\OneDrive\Documents\essetech\hotelapp\Hotel-website-Django\.venv\Lib\site-packages\django\core\handlers\base.py", line 197, in _get_response
    response = wrapped_callback(request, *callback_args, **callback_kwargs)
  File "C:\Users\HP\OneDrive\Documents\essetech\hotelapp\Hotel-website-Django\hotelapp\account\views.py", line 642, in staff_dashboard
    return render(request, "staff/dashboard/staff_dashboard.html")
  File "C:\Users\HP\OneDrive\Documents\essetech\hotelapp\Hotel-website-Django\.venv\Lib\site-packages\django\shortcuts.py", line 25, in render
    content = loader.render_to_string(template_name, context, request, using=using)
  File "C:\Users\HP\OneDrive\Documents\essetech\hotelapp\Hotel-website-Django\.venv\Lib\site-packages\django\template\loader.py", line 62, in render_to_string
    return template.render(context, request)
           ~~~~~~~~~~~~~~~^^^^^^^^^^^^^^^^^^
  File "C:\Users\HP\OneDrive\Documents\essetech\hotelapp\Hotel-website-Django\.venv\Lib\site-packages\django\template\backends\django.py", line 109, in render
    reraise(exc, self.backend)
    ~~~~~~~^^^^^^^^^^^^^^^^^^^
  File "C:\Users\HP\OneDrive\Documents\essetech\hotelapp\Hotel-website-Django\.venv\Lib\site-packages\django\template\backends\django.py", line 130, in reraise
    raise new from exc
django.template.exceptions.TemplateDoesNotExist: partial
ERROR 2025-10-15 09:10:49,860 basehttp 26736 18908 "GET /staff/dashboard HTTP/1.1" 500 159668
ERROR 2025-10-15 09:10:53,163 log 26736 22880 Internal Server Error: /staff/dashboard
Traceback (most recent call last):
  File "C:\Users\HP\OneDrive\Documents\essetech\hotelapp\Hotel-website-Django\.venv\Lib\site-packages\django\core\handlers\exception.py", line 55, in inner
    response = get_response(request)
  File "C:\Users\HP\OneDrive\Documents\essetech\hotelapp\Hotel-website-Django\.venv\Lib\site-packages\django\core\handlers\base.py", line 197, in _get_response
    response = wrapped_callback(request, *callback_args, **callback_kwargs)
  File "C:\Users\HP\OneDrive\Documents\essetech\hotelapp\Hotel-website-Django\hotelapp\account\views.py", line 642, in staff_dashboard
    return render(request, "staff/dashboard/staff_dashboard.html")
  File "C:\Users\HP\OneDrive\Documents\essetech\hotelapp\Hotel-website-Django\.venv\Lib\site-packages\django\shortcuts.py", line 25, in render
    content = loader.render_to_string(template_name, context, request, using=using)
  File "C:\Users\HP\OneDrive\Documents\essetech\hotelapp\Hotel-website-Django\.venv\Lib\site-packages\django\template\loader.py", line 62, in render_to_string
    return template.render(context, request)
           ~~~~~~~~~~~~~~~^^^^^^^^^^^^^^^^^^
  File "C:\Users\HP\OneDrive\Documents\essetech\hotelapp\Hotel-website-Django\.venv\Lib\site-packages\django\template\backends\django.py", line 107, in render
    return self.template.render(context)
           ~~~~~~~~~~~~~~~~~~~~^^^^^^^^^
  File "C:\Users\HP\OneDrive\Documents\essetech\hotelapp\Hotel-website-Django\.venv\Lib\site-packages\django\template\base.py", line 171, in render
    return self._render(context)
           ~~~~~~~~~~~~^^^^^^^^^
  File "C:\Users\HP\OneDrive\Documents\essetech\hotelapp\Hotel-website-Django\.venv\Lib\site-packages\django\template\base.py", line 163, in _render
    return self.nodelist.render(context)
           ~~~~~~~~~~~~~~~~~~~~^^^^^^^^^
  File "C:\Users\HP\OneDrive\Documents\essetech\hotelapp\Hotel-website-Django\.venv\Lib\site-packages\django\template\base.py", line 1008, in render
    return SafeString("".join([node.render_annotated(context) for node in self]))
                               ~~~~~~~~~~~~~~~~~~~~~^^^^^^^^^
  File "C:\Users\HP\OneDrive\Documents\essetech\hotelapp\Hotel-website-Django\.venv\Lib\site-packages\django\template\base.py", line 969, in render_annotated
    return self.render(context)
           ~~~~~~~~~~~^^^^^^^^^
  File "C:\Users\HP\OneDrive\Documents\essetech\hotelapp\Hotel-website-Django\.venv\Lib\site-packages\django\template\loader_tags.py", line 159, in render
    return compiled_parent._render(context)
           ~~~~~~~~~~~~~~~~~~~~~~~^^^^^^^^^
  File "C:\Users\HP\OneDrive\Documents\essetech\hotelapp\Hotel-website-Django\.venv\Lib\site-packages\django\template\base.py", line 163, in _render
    return self.nodelist.render(context)
           ~~~~~~~~~~~~~~~~~~~~^^^^^^^^^
  File "C:\Users\HP\OneDrive\Documents\essetech\hotelapp\Hotel-website-Django\.venv\Lib\site-packages\django\template\base.py", line 1008, in render
    return SafeString("".join([node.render_annotated(context) for node in self]))
                               ~~~~~~~~~~~~~~~~~~~~~^^^^^^^^^
  File "C:\Users\HP\OneDrive\Documents\essetech\hotelapp\Hotel-website-Django\.venv\Lib\site-packages\django\template\base.py", line 969, in render_annotated
    return self.render(context)
           ~~~~~~~~~~~^^^^^^^^^
  File "C:\Users\HP\OneDrive\Documents\essetech\hotelapp\Hotel-website-Django\.venv\Lib\site-packages\django\template\loader_tags.py", line 65, in render
    result = block.nodelist.render(context)
  File "C:\Users\HP\OneDrive\Documents\essetech\hotelapp\Hotel-website-Django\.venv\Lib\site-packages\django\template\base.py", line 1008, in render
    return SafeString("".join([node.render_annotated(context) for node in self]))
                               ~~~~~~~~~~~~~~~~~~~~~^^^^^^^^^
  File "C:\Users\HP\OneDrive\Documents\essetech\hotelapp\Hotel-website-Django\.venv\Lib\site-packages\django\template\base.py", line 969, in render_annotated
    return self.render(context)
           ~~~~~~~~~~~^^^^^^^^^
  File "C:\Users\HP\OneDrive\Documents\essetech\hotelapp\Hotel-website-Django\.venv\Lib\site-packages\django\template\loader_tags.py", line 199, in render
    template = context.template.engine.select_template(template_name)
  File "C:\Users\HP\OneDrive\Documents\essetech\hotelapp\Hotel-website-Django\.venv\Lib\site-packages\django\template\engine.py", line 208, in select_template
    return self.get_template(template_name)
           ~~~~~~~~~~~~~~~~~^^^^^^^^^^^^^^^
  File "C:\Users\HP\OneDrive\Documents\essetech\hotelapp\Hotel-website-Django\.venv\Lib\site-packages\django\template\engine.py", line 177, in get_template
    template, origin = self.find_template(template_name)
                       ~~~~~~~~~~~~~~~~~~^^^^^^^^^^^^^^^
  File "C:\Users\HP\OneDrive\Documents\essetech\hotelapp\Hotel-website-Django\.venv\Lib\site-packages\django\template\engine.py", line 159, in find_template
    template = loader.get_template(name, skip=skip)
  File "C:\Users\HP\OneDrive\Documents\essetech\hotelapp\Hotel-website-Django\.venv\Lib\site-packages\django\template\loaders\cached.py", line 57, in get_template
    template = super().get_template(template_name, skip)
  File "C:\Users\HP\OneDrive\Documents\essetech\hotelapp\Hotel-website-Django\.venv\Lib\site-packages\django\template\loaders\base.py", line 23, in get_template
    contents = self.get_contents(origin)
  File "C:\Users\HP\OneDrive\Documents\essetech\hotelapp\Hotel-website-Django\.venv\Lib\site-packages\django\template\loaders\cached.py", line 26, in get_contents
    return origin.loader.get_contents(origin)
           ~~~~~~~~~~~~~~~~~~~~~~~~~~^^^^^^^^
  File "C:\Users\HP\OneDrive\Documents\essetech\hotelapp\Hotel-website-Django\.venv\Lib\site-packages\django\template\loaders\filesystem.py", line 22, in get_contents
    with open(origin.name, encoding=self.engine.file_charset) as fp:
         ~~~~^^^^^^^^^^^^^^^^^^^^^^^^^^^^^^^^^^^^^^^^^^^^^^^^
PermissionError: [Errno 13] Permission denied: 'C:\\Users\\HP\\OneDrive\\Documents\\essetech\\hotelapp\\Hotel-website-Django\\hotelapp\\core\\templates\\partials'
ERROR 2025-10-15 09:10:53,176 basehttp 26736 22880 "GET /staff/dashboard HTTP/1.1" 500 183461
ERROR 2025-10-15 09:10:56,137 log 26736 26456 Internal Server Error: /staff/dashboard
Traceback (most recent call last):
  File "C:\Users\HP\OneDrive\Documents\essetech\hotelapp\Hotel-website-Django\.venv\Lib\site-packages\django\template\backends\django.py", line 107, in render
    return self.template.render(context)
           ~~~~~~~~~~~~~~~~~~~~^^^^^^^^^
  File "C:\Users\HP\OneDrive\Documents\essetech\hotelapp\Hotel-website-Django\.venv\Lib\site-packages\django\template\base.py", line 171, in render
    return self._render(context)
           ~~~~~~~~~~~~^^^^^^^^^
  File "C:\Users\HP\OneDrive\Documents\essetech\hotelapp\Hotel-website-Django\.venv\Lib\site-packages\django\template\base.py", line 163, in _render
    return self.nodelist.render(context)
           ~~~~~~~~~~~~~~~~~~~~^^^^^^^^^
  File "C:\Users\HP\OneDrive\Documents\essetech\hotelapp\Hotel-website-Django\.venv\Lib\site-packages\django\template\base.py", line 1008, in render
    return SafeString("".join([node.render_annotated(context) for node in self]))
                               ~~~~~~~~~~~~~~~~~~~~~^^^^^^^^^
  File "C:\Users\HP\OneDrive\Documents\essetech\hotelapp\Hotel-website-Django\.venv\Lib\site-packages\django\template\base.py", line 969, in render_annotated
    return self.render(context)
           ~~~~~~~~~~~^^^^^^^^^
  File "C:\Users\HP\OneDrive\Documents\essetech\hotelapp\Hotel-website-Django\.venv\Lib\site-packages\django\template\loader_tags.py", line 159, in render
    return compiled_parent._render(context)
           ~~~~~~~~~~~~~~~~~~~~~~~^^^^^^^^^
  File "C:\Users\HP\OneDrive\Documents\essetech\hotelapp\Hotel-website-Django\.venv\Lib\site-packages\django\template\base.py", line 163, in _render
    return self.nodelist.render(context)
           ~~~~~~~~~~~~~~~~~~~~^^^^^^^^^
  File "C:\Users\HP\OneDrive\Documents\essetech\hotelapp\Hotel-website-Django\.venv\Lib\site-packages\django\template\base.py", line 1008, in render
    return SafeString("".join([node.render_annotated(context) for node in self]))
                               ~~~~~~~~~~~~~~~~~~~~~^^^^^^^^^
  File "C:\Users\HP\OneDrive\Documents\essetech\hotelapp\Hotel-website-Django\.venv\Lib\site-packages\django\template\base.py", line 969, in render_annotated
    return self.render(context)
           ~~~~~~~~~~~^^^^^^^^^
  File "C:\Users\HP\OneDrive\Documents\essetech\hotelapp\Hotel-website-Django\.venv\Lib\site-packages\django\template\loader_tags.py", line 65, in render
    result = block.nodelist.render(context)
  File "C:\Users\HP\OneDrive\Documents\essetech\hotelapp\Hotel-website-Django\.venv\Lib\site-packages\django\template\base.py", line 1008, in render
    return SafeString("".join([node.render_annotated(context) for node in self]))
                               ~~~~~~~~~~~~~~~~~~~~~^^^^^^^^^
  File "C:\Users\HP\OneDrive\Documents\essetech\hotelapp\Hotel-website-Django\.venv\Lib\site-packages\django\template\base.py", line 969, in render_annotated
    return self.render(context)
           ~~~~~~~~~~~^^^^^^^^^
  File "C:\Users\HP\OneDrive\Documents\essetech\hotelapp\Hotel-website-Django\.venv\Lib\site-packages\django\template\loader_tags.py", line 199, in render
    template = context.template.engine.select_template(template_name)
  File "C:\Users\HP\OneDrive\Documents\essetech\hotelapp\Hotel-website-Django\.venv\Lib\site-packages\django\template\engine.py", line 214, in select_template
    raise TemplateDoesNotExist(", ".join(not_found))
django.template.exceptions.TemplateDoesNotExist: partials/staff

The above exception was the direct cause of the following exception:

Traceback (most recent call last):
  File "C:\Users\HP\OneDrive\Documents\essetech\hotelapp\Hotel-website-Django\.venv\Lib\site-packages\django\core\handlers\exception.py", line 55, in inner
    response = get_response(request)
  File "C:\Users\HP\OneDrive\Documents\essetech\hotelapp\Hotel-website-Django\.venv\Lib\site-packages\django\core\handlers\base.py", line 197, in _get_response
    response = wrapped_callback(request, *callback_args, **callback_kwargs)
  File "C:\Users\HP\OneDrive\Documents\essetech\hotelapp\Hotel-website-Django\hotelapp\account\views.py", line 642, in staff_dashboard
    return render(request, "staff/dashboard/staff_dashboard.html")
  File "C:\Users\HP\OneDrive\Documents\essetech\hotelapp\Hotel-website-Django\.venv\Lib\site-packages\django\shortcuts.py", line 25, in render
    content = loader.render_to_string(template_name, context, request, using=using)
  File "C:\Users\HP\OneDrive\Documents\essetech\hotelapp\Hotel-website-Django\.venv\Lib\site-packages\django\template\loader.py", line 62, in render_to_string
    return template.render(context, request)
           ~~~~~~~~~~~~~~~^^^^^^^^^^^^^^^^^^
  File "C:\Users\HP\OneDrive\Documents\essetech\hotelapp\Hotel-website-Django\.venv\Lib\site-packages\django\template\backends\django.py", line 109, in render
    reraise(exc, self.backend)
    ~~~~~~~^^^^^^^^^^^^^^^^^^^
  File "C:\Users\HP\OneDrive\Documents\essetech\hotelapp\Hotel-website-Django\.venv\Lib\site-packages\django\template\backends\django.py", line 130, in reraise
    raise new from exc
django.template.exceptions.TemplateDoesNotExist: partials/staff
ERROR 2025-10-15 09:10:56,143 basehttp 26736 26456 "GET /staff/dashboard HTTP/1.1" 500 159815
ERROR 2025-10-15 09:11:00,926 log 26736 27704 Internal Server Error: /staff/dashboard
Traceback (most recent call last):
  File "C:\Users\HP\OneDrive\Documents\essetech\hotelapp\Hotel-website-Django\.venv\Lib\site-packages\django\template\backends\django.py", line 107, in render
    return self.template.render(context)
           ~~~~~~~~~~~~~~~~~~~~^^^^^^^^^
  File "C:\Users\HP\OneDrive\Documents\essetech\hotelapp\Hotel-website-Django\.venv\Lib\site-packages\django\template\base.py", line 171, in render
    return self._render(context)
           ~~~~~~~~~~~~^^^^^^^^^
  File "C:\Users\HP\OneDrive\Documents\essetech\hotelapp\Hotel-website-Django\.venv\Lib\site-packages\django\template\base.py", line 163, in _render
    return self.nodelist.render(context)
           ~~~~~~~~~~~~~~~~~~~~^^^^^^^^^
  File "C:\Users\HP\OneDrive\Documents\essetech\hotelapp\Hotel-website-Django\.venv\Lib\site-packages\django\template\base.py", line 1008, in render
    return SafeString("".join([node.render_annotated(context) for node in self]))
                               ~~~~~~~~~~~~~~~~~~~~~^^^^^^^^^
  File "C:\Users\HP\OneDrive\Documents\essetech\hotelapp\Hotel-website-Django\.venv\Lib\site-packages\django\template\base.py", line 969, in render_annotated
    return self.render(context)
           ~~~~~~~~~~~^^^^^^^^^
  File "C:\Users\HP\OneDrive\Documents\essetech\hotelapp\Hotel-website-Django\.venv\Lib\site-packages\django\template\loader_tags.py", line 159, in render
    return compiled_parent._render(context)
           ~~~~~~~~~~~~~~~~~~~~~~~^^^^^^^^^
  File "C:\Users\HP\OneDrive\Documents\essetech\hotelapp\Hotel-website-Django\.venv\Lib\site-packages\django\template\base.py", line 163, in _render
    return self.nodelist.render(context)
           ~~~~~~~~~~~~~~~~~~~~^^^^^^^^^
  File "C:\Users\HP\OneDrive\Documents\essetech\hotelapp\Hotel-website-Django\.venv\Lib\site-packages\django\template\base.py", line 1008, in render
    return SafeString("".join([node.render_annotated(context) for node in self]))
                               ~~~~~~~~~~~~~~~~~~~~~^^^^^^^^^
  File "C:\Users\HP\OneDrive\Documents\essetech\hotelapp\Hotel-website-Django\.venv\Lib\site-packages\django\template\base.py", line 969, in render_annotated
    return self.render(context)
           ~~~~~~~~~~~^^^^^^^^^
  File "C:\Users\HP\OneDrive\Documents\essetech\hotelapp\Hotel-website-Django\.venv\Lib\site-packages\django\template\loader_tags.py", line 65, in render
    result = block.nodelist.render(context)
  File "C:\Users\HP\OneDrive\Documents\essetech\hotelapp\Hotel-website-Django\.venv\Lib\site-packages\django\template\base.py", line 1008, in render
    return SafeString("".join([node.render_annotated(context) for node in self]))
                               ~~~~~~~~~~~~~~~~~~~~~^^^^^^^^^
  File "C:\Users\HP\OneDrive\Documents\essetech\hotelapp\Hotel-website-Django\.venv\Lib\site-packages\django\template\base.py", line 969, in render_annotated
    return self.render(context)
           ~~~~~~~~~~~^^^^^^^^^
  File "C:\Users\HP\OneDrive\Documents\essetech\hotelapp\Hotel-website-Django\.venv\Lib\site-packages\django\template\loader_tags.py", line 199, in render
    template = context.template.engine.select_template(template_name)
  File "C:\Users\HP\OneDrive\Documents\essetech\hotelapp\Hotel-website-Django\.venv\Lib\site-packages\django\template\engine.py", line 214, in select_template
    raise TemplateDoesNotExist(", ".join(not_found))
django.template.exceptions.TemplateDoesNotExist: partials/staff_nav.html

The above exception was the direct cause of the following exception:

Traceback (most recent call last):
  File "C:\Users\HP\OneDrive\Documents\essetech\hotelapp\Hotel-website-Django\.venv\Lib\site-packages\django\core\handlers\exception.py", line 55, in inner
    response = get_response(request)
  File "C:\Users\HP\OneDrive\Documents\essetech\hotelapp\Hotel-website-Django\.venv\Lib\site-packages\django\core\handlers\base.py", line 197, in _get_response
    response = wrapped_callback(request, *callback_args, **callback_kwargs)
  File "C:\Users\HP\OneDrive\Documents\essetech\hotelapp\Hotel-website-Django\hotelapp\account\views.py", line 642, in staff_dashboard
    return render(request, "staff/dashboard/staff_dashboard.html")
  File "C:\Users\HP\OneDrive\Documents\essetech\hotelapp\Hotel-website-Django\.venv\Lib\site-packages\django\shortcuts.py", line 25, in render
    content = loader.render_to_string(template_name, context, request, using=using)
  File "C:\Users\HP\OneDrive\Documents\essetech\hotelapp\Hotel-website-Django\.venv\Lib\site-packages\django\template\loader.py", line 62, in render_to_string
    return template.render(context, request)
           ~~~~~~~~~~~~~~~^^^^^^^^^^^^^^^^^^
  File "C:\Users\HP\OneDrive\Documents\essetech\hotelapp\Hotel-website-Django\.venv\Lib\site-packages\django\template\backends\django.py", line 109, in render
    reraise(exc, self.backend)
    ~~~~~~~^^^^^^^^^^^^^^^^^^^
  File "C:\Users\HP\OneDrive\Documents\essetech\hotelapp\Hotel-website-Django\.venv\Lib\site-packages\django\template\backends\django.py", line 130, in reraise
    raise new from exc
django.template.exceptions.TemplateDoesNotExist: partials/staff_nav.html
ERROR 2025-10-15 09:11:00,931 basehttp 26736 27704 "GET /staff/dashboard HTTP/1.1" 500 160004
INFO 2025-10-15 09:11:22,895 basehttp 26736 15596 "GET /staff/dashboard HTTP/1.1" 200 32500
INFO 2025-10-15 09:11:22,958 basehttp 26736 15596 "GET /static/css/dist/styles.css?v=1760562682 HTTP/1.1" 200 108843
INFO 2025-10-15 09:11:31,890 basehttp 26736 1352 "GET /staff/dashboard HTTP/1.1" 200 32500
INFO 2025-10-15 09:11:31,952 basehttp 26736 1352 "GET /static/css/dist/styles.css?v=1760562691 HTTP/1.1" 200 108843
INFO 2025-10-15 09:11:32,746 basehttp 26736 5048 "GET /staff/dashboard HTTP/1.1" 200 32500
INFO 2025-10-15 09:11:32,796 basehttp 26736 5048 "GET /static/css/dist/styles.css?v=1760562692 HTTP/1.1" 200 108843
INFO 2025-10-15 09:11:33,540 basehttp 26736 2044 "GET /staff/dashboard HTTP/1.1" 200 32500
INFO 2025-10-15 09:11:33,585 basehttp 26736 2044 "GET /static/css/dist/styles.css?v=1760562693 HTTP/1.1" 200 108843
INFO 2025-10-15 09:11:35,819 basehttp 26736 27340 "GET /staff/dashboard HTTP/1.1" 200 32500
INFO 2025-10-15 09:11:35,865 basehttp 26736 27340 "GET /static/css/dist/styles.css?v=1760562695 HTTP/1.1" 200 108843
INFO 2025-10-15 09:11:37,310 basehttp 26736 24876 "GET /staff/dashboard HTTP/1.1" 200 32500
INFO 2025-10-15 09:11:37,353 basehttp 26736 24876 "GET /static/css/dist/styles.css?v=1760562697 HTTP/1.1" 200 108843
INFO 2025-10-15 09:11:37,696 basehttp 26736 28428 "GET /staff/dashboard HTTP/1.1" 200 32500
INFO 2025-10-15 09:11:53,464 basehttp 26736 13092 "GET /staff/dashboard HTTP/1.1" 200 32500
INFO 2025-10-15 09:11:53,517 basehttp 26736 13092 "GET /static/css/dist/styles.css?v=1760562713 HTTP/1.1" 200 108843
INFO 2025-10-15 09:13:05,983 basehttp 26736 10276 "GET /staff/dashboard HTTP/1.1" 200 32500
INFO 2025-10-15 09:13:06,047 basehttp 26736 10276 "GET /static/css/dist/styles.css?v=1760562785 HTTP/1.1" 200 108843
INFO 2025-10-15 09:13:12,394 basehttp 26736 28216 "GET /staff/dashboard HTTP/1.1" 200 32500
INFO 2025-10-15 09:13:12,478 basehttp 26736 28216 "GET /static/css/dist/styles.css?v=1760562792 HTTP/1.1" 200 108843
ERROR 2025-10-15 09:13:45,245 log 26736 3056 Internal Server Error: /staff/dashboard
Traceback (most recent call last):
  File "C:\Users\HP\OneDrive\Documents\essetech\hotelapp\Hotel-website-Django\.venv\Lib\site-packages\django\template\base.py", line 510, in parse
    compile_func = self.tags[command]
                   ~~~~~~~~~^^^^^^^^^
KeyError: 'endblock'

During handling of the above exception, another exception occurred:

Traceback (most recent call last):
  File "C:\Users\HP\OneDrive\Documents\essetech\hotelapp\Hotel-website-Django\.venv\Lib\site-packages\django\core\handlers\exception.py", line 55, in inner
    response = get_response(request)
  File "C:\Users\HP\OneDrive\Documents\essetech\hotelapp\Hotel-website-Django\.venv\Lib\site-packages\django\core\handlers\base.py", line 197, in _get_response
    response = wrapped_callback(request, *callback_args, **callback_kwargs)
  File "C:\Users\HP\OneDrive\Documents\essetech\hotelapp\Hotel-website-Django\hotelapp\account\views.py", line 642, in staff_dashboard
    return render(request, "staff/dashboard/staff_dashboard.html")
  File "C:\Users\HP\OneDrive\Documents\essetech\hotelapp\Hotel-website-Django\.venv\Lib\site-packages\django\shortcuts.py", line 25, in render
    content = loader.render_to_string(template_name, context, request, using=using)
  File "C:\Users\HP\OneDrive\Documents\essetech\hotelapp\Hotel-website-Django\.venv\Lib\site-packages\django\template\loader.py", line 62, in render_to_string
    return template.render(context, request)
           ~~~~~~~~~~~~~~~^^^^^^^^^^^^^^^^^^
  File "C:\Users\HP\OneDrive\Documents\essetech\hotelapp\Hotel-website-Django\.venv\Lib\site-packages\django\template\backends\django.py", line 107, in render
    return self.template.render(context)
           ~~~~~~~~~~~~~~~~~~~~^^^^^^^^^
  File "C:\Users\HP\OneDrive\Documents\essetech\hotelapp\Hotel-website-Django\.venv\Lib\site-packages\django\template\base.py", line 171, in render
    return self._render(context)
           ~~~~~~~~~~~~^^^^^^^^^
  File "C:\Users\HP\OneDrive\Documents\essetech\hotelapp\Hotel-website-Django\.venv\Lib\site-packages\django\template\base.py", line 163, in _render
    return self.nodelist.render(context)
           ~~~~~~~~~~~~~~~~~~~~^^^^^^^^^
  File "C:\Users\HP\OneDrive\Documents\essetech\hotelapp\Hotel-website-Django\.venv\Lib\site-packages\django\template\base.py", line 1008, in render
    return SafeString("".join([node.render_annotated(context) for node in self]))
                               ~~~~~~~~~~~~~~~~~~~~~^^^^^^^^^
  File "C:\Users\HP\OneDrive\Documents\essetech\hotelapp\Hotel-website-Django\.venv\Lib\site-packages\django\template\base.py", line 969, in render_annotated
    return self.render(context)
           ~~~~~~~~~~~^^^^^^^^^
  File "C:\Users\HP\OneDrive\Documents\essetech\hotelapp\Hotel-website-Django\.venv\Lib\site-packages\django\template\loader_tags.py", line 159, in render
    return compiled_parent._render(context)
           ~~~~~~~~~~~~~~~~~~~~~~~^^^^^^^^^
  File "C:\Users\HP\OneDrive\Documents\essetech\hotelapp\Hotel-website-Django\.venv\Lib\site-packages\django\template\base.py", line 163, in _render
    return self.nodelist.render(context)
           ~~~~~~~~~~~~~~~~~~~~^^^^^^^^^
  File "C:\Users\HP\OneDrive\Documents\essetech\hotelapp\Hotel-website-Django\.venv\Lib\site-packages\django\template\base.py", line 1008, in render
    return SafeString("".join([node.render_annotated(context) for node in self]))
                               ~~~~~~~~~~~~~~~~~~~~~^^^^^^^^^
  File "C:\Users\HP\OneDrive\Documents\essetech\hotelapp\Hotel-website-Django\.venv\Lib\site-packages\django\template\base.py", line 969, in render_annotated
    return self.render(context)
           ~~~~~~~~~~~^^^^^^^^^
  File "C:\Users\HP\OneDrive\Documents\essetech\hotelapp\Hotel-website-Django\.venv\Lib\site-packages\django\template\loader_tags.py", line 65, in render
    result = block.nodelist.render(context)
  File "C:\Users\HP\OneDrive\Documents\essetech\hotelapp\Hotel-website-Django\.venv\Lib\site-packages\django\template\base.py", line 1008, in render
    return SafeString("".join([node.render_annotated(context) for node in self]))
                               ~~~~~~~~~~~~~~~~~~~~~^^^^^^^^^
  File "C:\Users\HP\OneDrive\Documents\essetech\hotelapp\Hotel-website-Django\.venv\Lib\site-packages\django\template\base.py", line 969, in render_annotated
    return self.render(context)
           ~~~~~~~~~~~^^^^^^^^^
  File "C:\Users\HP\OneDrive\Documents\essetech\hotelapp\Hotel-website-Django\.venv\Lib\site-packages\django\template\loader_tags.py", line 199, in render
    template = context.template.engine.select_template(template_name)
  File "C:\Users\HP\OneDrive\Documents\essetech\hotelapp\Hotel-website-Django\.venv\Lib\site-packages\django\template\engine.py", line 208, in select_template
    return self.get_template(template_name)
           ~~~~~~~~~~~~~~~~~^^^^^^^^^^^^^^^
  File "C:\Users\HP\OneDrive\Documents\essetech\hotelapp\Hotel-website-Django\.venv\Lib\site-packages\django\template\engine.py", line 177, in get_template
    template, origin = self.find_template(template_name)
                       ~~~~~~~~~~~~~~~~~~^^^^^^^^^^^^^^^
  File "C:\Users\HP\OneDrive\Documents\essetech\hotelapp\Hotel-website-Django\.venv\Lib\site-packages\django\template\engine.py", line 159, in find_template
    template = loader.get_template(name, skip=skip)
  File "C:\Users\HP\OneDrive\Documents\essetech\hotelapp\Hotel-website-Django\.venv\Lib\site-packages\django\template\loaders\cached.py", line 57, in get_template
    template = super().get_template(template_name, skip)
  File "C:\Users\HP\OneDrive\Documents\essetech\hotelapp\Hotel-website-Django\.venv\Lib\site-packages\django\template\loaders\base.py", line 28, in get_template
    return Template(
        contents,
    ...<2 lines>...
        self.engine,
    )
  File "C:\Users\HP\OneDrive\Documents\essetech\hotelapp\Hotel-website-Django\.venv\Lib\site-packages\django\template\base.py", line 154, in __init__
    self.nodelist = self.compile_nodelist()
                    ~~~~~~~~~~~~~~~~~~~~~^^
  File "C:\Users\HP\OneDrive\Documents\essetech\hotelapp\Hotel-website-Django\.venv\Lib\site-packages\django\template\base.py", line 196, in compile_nodelist
    nodelist = parser.parse()
  File "C:\Users\HP\OneDrive\Documents\essetech\hotelapp\Hotel-website-Django\.venv\Lib\site-packages\django\template\base.py", line 518, in parse
    raise self.error(token, e)
  File "C:\Users\HP\OneDrive\Documents\essetech\hotelapp\Hotel-website-Django\.venv\Lib\site-packages\django\template\base.py", line 516, in parse
    compiled_result = compile_func(self, token)
  File "C:\Users\HP\OneDrive\Documents\essetech\hotelapp\Hotel-website-Django\.venv\Lib\site-packages\django\template\loader_tags.py", line 295, in do_extends
    nodelist = parser.parse()
  File "C:\Users\HP\OneDrive\Documents\essetech\hotelapp\Hotel-website-Django\.venv\Lib\site-packages\django\template\base.py", line 512, in parse
    self.invalid_block_tag(token, command, parse_until)
    ~~~~~~~~~~~~~~~~~~~~~~^^^^^^^^^^^^^^^^^^^^^^^^^^^^^
  File "C:\Users\HP\OneDrive\Documents\essetech\hotelapp\Hotel-website-Django\.venv\Lib\site-packages\django\template\base.py", line 573, in invalid_block_tag
    raise self.error(
    ...<3 lines>...
    )
django.template.exceptions.TemplateSyntaxError: Invalid block tag on line 220: 'endblock'. Did you forget to register or load this tag?
ERROR 2025-10-15 09:13:45,252 basehttp 26736 3056 "GET /staff/dashboard HTTP/1.1" 500 233711
INFO 2025-10-15 09:13:50,560 basehttp 26736 17044 "GET /staff/dashboard HTTP/1.1" 200 32500
INFO 2025-10-15 09:13:50,624 basehttp 26736 17044 "GET /static/css/dist/styles.css?v=1760562830 HTTP/1.1" 200 108843
INFO 2025-10-15 09:13:52,886 basehttp 26736 16640 "GET /staff/dashboard HTTP/1.1" 200 32500
INFO 2025-10-15 09:13:52,926 basehttp 26736 16640 "GET /static/css/style.css HTTP/1.1" 200 25498
INFO 2025-10-15 09:13:52,937 basehttp 26736 27428 "GET /static/js/app.js HTTP/1.1" 200 4028
INFO 2025-10-15 09:13:52,940 basehttp 26736 28528 "GET /static/css/dist/styles.css?v=1760562832 HTTP/1.1" 200 108843
INFO 2025-10-15 09:13:53,135 basehttp 26736 28528 "GET /static/django-browser-reload/reload-listener.js HTTP/1.1" 200 623
WARNING 2025-10-15 09:13:53,634 log 26736 27428 Not Found: /favicon.ico
WARNING 2025-10-15 09:13:53,635 basehttp 26736 27428 "GET /favicon.ico HTTP/1.1" 404 13695
INFO 2025-10-15 09:16:10,328 basehttp 26736 10360 "GET /staff/dashboard HTTP/1.1" 200 44930
INFO 2025-10-15 09:16:10,398 basehttp 26736 10360 "GET /static/css/dist/styles.css?v=1760562970 HTTP/1.1" 200 108843
WARNING 2025-10-15 09:16:10,419 basehttp 26736 10360 "GET /static/images/default.png HTTP/1.1" 404 1868
INFO 2025-10-15 09:17:13,572 basehttp 26736 14972 "GET /staff/dashboard HTTP/1.1" 200 44929
INFO 2025-10-15 09:17:13,645 basehttp 26736 14972 "GET /static/css/dist/styles.css?v=1760563033 HTTP/1.1" 200 108843
WARNING 2025-10-15 09:17:13,670 basehttp 26736 14972 "GET /static/images/default.png HTTP/1.1" 404 1868
INFO 2025-10-15 09:17:24,082 basehttp 26736 9152 "GET /admin/ HTTP/1.1" 200 16354
INFO 2025-10-15 09:17:24,141 basehttp 26736 9152 "GET /static/admin/css/base.css HTTP/1.1" 304 0
INFO 2025-10-15 09:17:24,149 basehttp 26736 16660 "GET /static/admin/css/dark_mode.css HTTP/1.1" 304 0
INFO 2025-10-15 09:17:24,151 basehttp 26736 9152 "GET /static/admin/js/theme.js HTTP/1.1" 304 0
INFO 2025-10-15 09:17:24,156 basehttp 26736 20564 "GET /static/admin/css/responsive.css HTTP/1.1" 304 0
INFO 2025-10-15 09:17:24,161 basehttp 26736 11124 "GET /static/admin/css/dashboard.css HTTP/1.1" 304 0
INFO 2025-10-15 09:17:24,165 basehttp 26736 28420 "GET /static/admin/css/nav_sidebar.css HTTP/1.1" 304 0
INFO 2025-10-15 09:17:24,167 basehttp 26736 20564 "GET /static/admin/js/nav_sidebar.js HTTP/1.1" 304 0
INFO 2025-10-15 09:17:24,182 basehttp 26736 20564 "GET /static/admin/img/icon-yes.svg HTTP/1.1" 304 0
INFO 2025-10-15 09:17:24,185 basehttp 26736 28420 "GET /static/admin/img/icon-addlink.svg HTTP/1.1" 304 0
INFO 2025-10-15 09:17:24,190 basehttp 26736 11124 "GET /static/admin/img/icon-changelink.svg HTTP/1.1" 304 0
INFO 2025-10-15 09:17:24,191 basehttp 26736 9152 "GET /static/admin/img/icon-deletelink.svg HTTP/1.1" 304 0
INFO 2025-10-15 09:17:29,579 basehttp 26736 11124 "GET / HTTP/1.1" 200 14512
INFO 2025-10-15 09:17:29,650 basehttp 26736 11124 "GET /static/css/dist/styles.css?v=1760563049 HTTP/1.1" 200 108843
ERROR 2025-10-15 09:17:39,759 log 26736 27944 Internal Server Error: /profile/
Traceback (most recent call last):
  File "C:\Users\HP\OneDrive\Documents\essetech\hotelapp\Hotel-website-Django\.venv\Lib\site-packages\django\core\handlers\exception.py", line 55, in inner
    response = get_response(request)
  File "C:\Users\HP\OneDrive\Documents\essetech\hotelapp\Hotel-website-Django\.venv\Lib\site-packages\django\core\handlers\base.py", line 197, in _get_response
    response = wrapped_callback(request, *callback_args, **callback_kwargs)
  File "C:\Users\HP\OneDrive\Documents\essetech\hotelapp\Hotel-website-Django\.venv\Lib\site-packages\django\contrib\auth\decorators.py", line 60, in _view_wrapper
    return view_func(request, *args, **kwargs)
  File "C:\Users\HP\OneDrive\Documents\essetech\hotelapp\Hotel-website-Django\hotelapp\account\views.py", line 106, in profile
    p_form = UserUpdateForm(instance=request.user.profilemodel)
                                     ^^^^^^^^^^^^^^^^^^^^^^^^^
  File "C:\Users\HP\OneDrive\Documents\essetech\hotelapp\Hotel-website-Django\.venv\Lib\site-packages\django\utils\functional.py", line 253, in inner
    return func(_wrapped, *args)
  File "C:\Users\HP\OneDrive\Documents\essetech\hotelapp\Hotel-website-Django\.venv\Lib\site-packages\django\db\models\fields\related_descriptors.py", line 531, in __get__
    raise self.RelatedObjectDoesNotExist(
    ...<2 lines>...
    )
core.models.CustomUser.profilemodel.RelatedObjectDoesNotExist: CustomUser has no profilemodel.
ERROR 2025-10-15 09:17:39,771 basehttp 26736 27944 "GET /profile/ HTTP/1.1" 500 89156
INFO 2025-10-15 09:17:43,914 basehttp 26736 4736 "GET /admin/ HTTP/1.1" 200 16224
INFO 2025-10-15 09:17:44,678 basehttp 26736 4736 "GET /staff/dashboard HTTP/1.1" 200 44929
INFO 2025-10-15 09:17:44,731 basehttp 26736 4736 "GET /static/css/dist/styles.css?v=1760563064 HTTP/1.1" 200 108843
INFO 2025-10-15 09:17:47,515 basehttp 26736 20676 "GET /staff/dashboard HTTP/1.1" 200 44929
INFO 2025-10-15 09:17:47,570 basehttp 26736 20676 "GET /static/css/dist/styles.css?v=1760563067 HTTP/1.1" 200 108843
WARNING 2025-10-15 09:17:47,600 basehttp 26736 19924 "GET /static/images/default.png HTTP/1.1" 404 1868
INFO 2025-10-15 09:17:48,507 basehttp 26736 28044 "GET /staff/dashboard HTTP/1.1" 200 44929
WARNING 2025-10-15 09:17:48,571 basehttp 26736 10828 "GET /static/images/default.png HTTP/1.1" 404 1868
INFO 2025-10-15 09:17:48,572 basehttp 26736 28044 "GET /static/css/dist/styles.css?v=1760563068 HTTP/1.1" 200 108843
INFO 2025-10-15 09:17:49,546 basehttp 26736 26992 "GET /staff/dashboard HTTP/1.1" 200 44929
INFO 2025-10-15 09:17:49,596 basehttp 26736 26992 "GET /static/css/dist/styles.css?v=1760563069 HTTP/1.1" 200 108843
WARNING 2025-10-15 09:17:49,612 basehttp 26736 27952 "GET /static/images/default.png HTTP/1.1" 404 1868
INFO 2025-10-15 09:17:50,563 basehttp 26736 27428 "GET /staff/dashboard HTTP/1.1" 200 44929
INFO 2025-10-15 09:17:50,630 basehttp 26736 27428 "GET /static/css/dist/styles.css?v=1760563070 HTTP/1.1" 200 108843
WARNING 2025-10-15 09:17:50,649 basehttp 26736 20648 "GET /static/images/default.png HTTP/1.1" 404 1868
INFO 2025-10-15 09:17:51,189 basehttp 26736 9388 "GET /staff/dashboard HTTP/1.1" 200 44929
WARNING 2025-10-15 09:17:51,260 basehttp 26736 25816 "GET /static/images/default.png HTTP/1.1" 404 1868
INFO 2025-10-15 09:17:51,263 basehttp 26736 9388 "GET /static/css/dist/styles.css?v=1760563071 HTTP/1.1" 200 108843
INFO 2025-10-15 09:19:09,649 basehttp 26736 28080 "GET /staff/dashboard HTTP/1.1" 200 44958
WARNING 2025-10-15 09:19:09,783 basehttp 26736 28224 "GET /static/images/default.png HTTP/1.1" 404 1868
INFO 2025-10-15 09:19:09,784 basehttp 26736 28080 "GET /static/css/dist/styles.css?v=1760563149 HTTP/1.1" 200 108843
INFO 2025-10-15 09:19:59,999 basehttp 26736 20516 "GET /staff/dashboard HTTP/1.1" 200 44958
INFO 2025-10-15 09:20:00,050 basehttp 26736 20516 "GET /static/css/dist/styles.css?v=1760563199 HTTP/1.1" 200 108843
WARNING 2025-10-15 09:20:00,064 basehttp 26736 20516 "GET /static/images/default.png HTTP/1.1" 404 1868
INFO 2025-10-15 09:20:13,306 basehttp 26736 28420 "GET /staff/dashboard HTTP/1.1" 200 44956
INFO 2025-10-15 09:20:13,411 basehttp 26736 28420 "GET /static/css/dist/styles.css?v=1760563213 HTTP/1.1" 200 108843
WARNING 2025-10-15 09:20:13,412 basehttp 26736 18360 "GET /static/images/default.png HTTP/1.1" 404 1868
INFO 2025-10-15 09:20:31,604 basehttp 26736 18664 "GET /staff/dashboard HTTP/1.1" 200 44956
INFO 2025-10-15 09:20:31,687 basehttp 26736 18664 "GET /static/css/dist/styles.css?v=1760563231 HTTP/1.1" 200 108843
WARNING 2025-10-15 09:20:31,708 basehttp 26736 19860 "GET /static/images/default.png HTTP/1.1" 404 1868
INFO 2025-10-15 09:20:47,742 basehttp 26736 26232 "GET /staff/dashboard HTTP/1.1" 200 44956
INFO 2025-10-15 09:20:47,776 basehttp 26736 26232 "GET /static/css/dist/styles.css?v=1760563247 HTTP/1.1" 200 108843
WARNING 2025-10-15 09:20:47,787 basehttp 26736 26056 "GET /static/images/default.png HTTP/1.1" 404 1868
INFO 2025-10-15 09:21:18,795 basehttp 26736 23624 "GET /staff/dashboard HTTP/1.1" 200 44956
WARNING 2025-10-15 09:21:18,885 basehttp 26736 26072 "GET /static/images/default.png HTTP/1.1" 404 1868
INFO 2025-10-15 09:21:18,886 basehttp 26736 23624 "GET /static/css/dist/styles.css?v=1760563278 HTTP/1.1" 200 108739
INFO 2025-10-15 09:21:25,218 basehttp 26736 28504 "GET /staff/dashboard HTTP/1.1" 200 44956
WARNING 2025-10-15 09:21:25,324 basehttp 26736 7036 "GET /static/images/default.png HTTP/1.1" 404 1868
INFO 2025-10-15 09:21:25,329 basehttp 26736 28504 "GET /static/css/dist/styles.css?v=1760563285 HTTP/1.1" 200 108848
INFO 2025-10-15 09:21:36,096 basehttp 26736 8984 "GET /staff/dashboard HTTP/1.1" 200 44956
WARNING 2025-10-15 09:21:36,152 basehttp 26736 23060 "GET /static/images/default.png HTTP/1.1" 404 1868
INFO 2025-10-15 09:21:36,154 basehttp 26736 8984 "GET /static/css/dist/styles.css?v=1760563296 HTTP/1.1" 200 108848
INFO 2025-10-15 09:21:59,162 basehttp 26736 25660 "GET /staff/dashboard HTTP/1.1" 200 44954
WARNING 2025-10-15 09:21:59,248 basehttp 26736 18396 "GET /static/images/default.png HTTP/1.1" 404 1868
INFO 2025-10-15 09:21:59,250 basehttp 26736 25660 "GET /static/css/dist/styles.css?v=1760563319 HTTP/1.1" 200 108848
INFO 2025-10-15 09:22:43,903 basehttp 26736 1052 "GET /staff/dashboard HTTP/1.1" 200 44945
INFO 2025-10-15 09:22:43,955 basehttp 26736 1052 "GET /static/css/dist/styles.css?v=1760563363 HTTP/1.1" 200 108848
WARNING 2025-10-15 09:22:43,970 basehttp 26736 22360 "GET /static/images/default.png HTTP/1.1" 404 1868
INFO 2025-10-15 09:22:47,237 basehttp 26736 25800 "GET /staff/dashboard HTTP/1.1" 200 44954
WARNING 2025-10-15 09:22:47,288 basehttp 26736 26404 "GET /static/images/default.png HTTP/1.1" 404 1868
INFO 2025-10-15 09:22:47,300 basehttp 26736 25800 "GET /static/css/dist/styles.css?v=1760563367 HTTP/1.1" 200 108947
INFO 2025-10-15 09:22:52,695 basehttp 26736 3016 "GET /staff/dashboard HTTP/1.1" 200 44939
WARNING 2025-10-15 09:22:52,743 basehttp 26736 5064 "GET /static/images/default.png HTTP/1.1" 404 1868
INFO 2025-10-15 09:22:52,745 basehttp 26736 3016 "GET /static/css/dist/styles.css?v=1760563372 HTTP/1.1" 200 108947
INFO 2025-10-15 09:22:54,875 basehttp 26736 9644 "GET /staff/dashboard HTTP/1.1" 200 44948
INFO 2025-10-15 09:22:54,913 basehttp 26736 9644 "GET /static/css/dist/styles.css?v=1760563374 HTTP/1.1" 200 108947
WARNING 2025-10-15 09:22:54,921 basehttp 26736 27216 "GET /static/images/default.png HTTP/1.1" 404 1868
INFO 2025-10-15 09:22:58,117 basehttp 26736 8120 "GET /staff/dashboard HTTP/1.1" 200 44942
WARNING 2025-10-15 09:22:58,161 basehttp 26736 13404 "GET /static/images/default.png HTTP/1.1" 404 1868
INFO 2025-10-15 09:22:58,162 basehttp 26736 8120 "GET /static/css/dist/styles.css?v=1760563378 HTTP/1.1" 200 108947
INFO 2025-10-15 09:23:00,171 basehttp 26736 9472 "GET /staff/dashboard HTTP/1.1" 200 44948
INFO 2025-10-15 09:23:00,211 basehttp 26736 9472 "GET /static/css/dist/styles.css?v=1760563380 HTTP/1.1" 200 108947
WARNING 2025-10-15 09:23:00,220 basehttp 26736 2548 "GET /static/images/default.png HTTP/1.1" 404 1868
INFO 2025-10-15 09:23:12,279 basehttp 26736 11124 "GET /staff/dashboard HTTP/1.1" 200 44948
WARNING 2025-10-15 09:23:12,437 basehttp 26736 26272 "GET /static/images/default.png HTTP/1.1" 404 1868
INFO 2025-10-15 09:23:12,439 basehttp 26736 11124 "GET /static/css/dist/styles.css?v=1760563392 HTTP/1.1" 200 108947
INFO 2025-10-15 09:24:07,550 basehttp 26736 27008 "GET /staff/dashboard HTTP/1.1" 200 44932
WARNING 2025-10-15 09:24:07,635 basehttp 26736 3976 "GET /static/images/default.png HTTP/1.1" 404 1868
INFO 2025-10-15 09:24:07,635 basehttp 26736 27008 "GET /static/css/dist/styles.css?v=1760563447 HTTP/1.1" 200 108947
INFO 2025-10-15 09:24:39,247 basehttp 26736 17060 "GET /staff/dashboard HTTP/1.1" 200 44929
INFO 2025-10-15 09:24:39,307 basehttp 26736 17060 "GET /static/css/dist/styles.css?v=1760563479 HTTP/1.1" 200 108947
WARNING 2025-10-15 09:24:39,320 basehttp 26736 17060 "GET /static/images/default.png HTTP/1.1" 404 1868
INFO 2025-10-15 09:24:41,391 basehttp 26736 2988 "GET /staff/dashboard HTTP/1.1" 200 44932
INFO 2025-10-15 09:24:41,485 basehttp 26736 2988 "GET /static/css/dist/styles.css?v=1760563481 HTTP/1.1" 200 108947
WARNING 2025-10-15 09:24:41,513 basehttp 26736 2988 "GET /static/images/default.png HTTP/1.1" 404 1868
INFO 2025-10-15 09:25:01,787 basehttp 26736 8744 "GET /staff/dashboard HTTP/1.1" 200 44937
WARNING 2025-10-15 09:25:01,849 basehttp 26736 18560 "GET /static/images/default.png HTTP/1.1" 404 1868
INFO 2025-10-15 09:25:01,850 basehttp 26736 8744 "GET /static/css/dist/styles.css?v=1760563501 HTTP/1.1" 200 108947
INFO 2025-10-15 09:25:06,070 basehttp 26736 10124 "GET /staff/dashboard HTTP/1.1" 200 44932
INFO 2025-10-15 09:25:06,127 basehttp 26736 10124 "GET /static/css/dist/styles.css?v=1760563506 HTTP/1.1" 200 108947
WARNING 2025-10-15 09:25:06,142 basehttp 26736 28336 "GET /static/images/default.png HTTP/1.1" 404 1868
INFO 2025-10-15 09:25:42,576 basehttp 26736 9192 "GET /logout_user/ HTTP/1.1" 302 0
INFO 2025-10-15 09:25:42,615 basehttp 26736 9192 "GET / HTTP/1.1" 200 13159
INFO 2025-10-15 09:25:42,712 basehttp 26736 9192 "GET /static/css/dist/styles.css?v=1760563542 HTTP/1.1" 200 108947
INFO 2025-10-15 09:27:04,303 autoreload 26736 25740 C:\Users\HP\OneDrive\Documents\essetech\hotelapp\Hotel-website-Django\hotelapp\core\models.py changed, reloading.
INFO 2025-10-15 09:27:05,852 autoreload 21000 15520 Watching for file changes with StatReloader
INFO 2025-10-15 09:27:06,899 basehttp 21000 7812 "GET / HTTP/1.1" 200 11110
INFO 2025-10-15 09:27:07,093 basehttp 21000 7812 "GET /static/css/dist/styles.css?v=1760563626 HTTP/1.1" 200 108947
INFO 2025-10-15 09:27:51,915 basehttp 21000 13652 "GET /hotel_rooms/ HTTP/1.1" 200 16799
INFO 2025-10-15 09:27:51,989 basehttp 21000 13652 "GET /static/css/dist/styles.css?v=1760563671 HTTP/1.1" 200 108947
INFO 2025-10-15 09:27:59,428 basehttp 21000 21724 "GET /hotel_rooms/room-list/2/ HTTP/1.1" 200 46840
INFO 2025-10-15 09:27:59,474 basehttp 21000 21724 "GET /static/css/dist/styles.css?v=1760563679 HTTP/1.1" 200 108947
INFO 2025-10-15 09:28:28,859 basehttp 21000 10780 "GET /hotel_rooms/ HTTP/1.1" 200 16799
INFO 2025-10-15 09:28:28,912 basehttp 21000 10780 "GET /static/css/dist/styles.css?v=1760563708 HTTP/1.1" 200 108947
INFO 2025-10-15 09:28:30,493 basehttp 21000 24460 "GET /hotel_rooms/room-list/1/ HTTP/1.1" 200 46766
INFO 2025-10-15 09:28:30,546 basehttp 21000 24460 "GET /static/css/dist/styles.css?v=1760563710 HTTP/1.1" 200 108947
INFO 2025-10-15 09:28:36,891 basehttp 21000 13764 "GET /hotel_rooms/ HTTP/1.1" 200 16799
INFO 2025-10-15 09:28:36,951 basehttp 21000 13764 "GET /static/css/dist/styles.css?v=1760563716 HTTP/1.1" 200 108947
INFO 2025-10-15 09:30:48,145 basehttp 21000 28464 "GET /hotel_rooms/ HTTP/1.1" 200 16799
INFO 2025-10-15 09:30:48,221 basehttp 21000 28464 "GET /static/css/dist/styles.css?v=1760563848 HTTP/1.1" 200 108947
INFO 2025-10-15 09:31:09,620 basehttp 21000 24140 "GET /hotel_rooms/ HTTP/1.1" 200 16799
INFO 2025-10-15 09:31:09,705 basehttp 21000 24140 "GET /static/css/dist/styles.css?v=1760563869 HTTP/1.1" 200 108947
INFO 2025-10-15 09:31:23,580 basehttp 21000 20136 "GET /hotel_rooms/ HTTP/1.1" 200 16799
INFO 2025-10-15 09:31:23,628 basehttp 21000 20136 "GET /static/css/dist/styles.css?v=1760563883 HTTP/1.1" 200 108947
INFO 2025-10-15 09:31:27,930 basehttp 21000 26428 "GET /hotel_rooms/ HTTP/1.1" 200 16799
INFO 2025-10-15 09:31:27,972 basehttp 21000 26428 "GET /static/css/dist/styles.css?v=1760563887 HTTP/1.1" 200 108947
INFO 2025-10-15 09:31:40,887 basehttp 21000 2476 "GET /hotel_rooms/ HTTP/1.1" 200 16799
INFO 2025-10-15 09:31:40,933 basehttp 21000 2476 "GET /static/css/dist/styles.css?v=1760563900 HTTP/1.1" 200 108947
INFO 2025-10-15 09:31:46,177 basehttp 21000 27948 "GET /hotel_rooms/ HTTP/1.1" 200 16799
INFO 2025-10-15 09:31:46,213 basehttp 21000 27948 "GET /static/css/dist/styles.css?v=1760563906 HTTP/1.1" 200 108947
INFO 2025-10-15 09:31:55,941 basehttp 21000 8800 "GET /hotel_rooms/ HTTP/1.1" 200 16799
INFO 2025-10-15 09:31:55,994 basehttp 21000 8800 "GET /static/css/dist/styles.css?v=1760563915 HTTP/1.1" 200 108947
INFO 2025-10-15 09:31:56,939 basehttp 21000 8880 "GET /hotel_rooms/ HTTP/1.1" 200 16799
INFO 2025-10-15 09:31:56,978 basehttp 21000 8880 "GET /static/css/dist/styles.css?v=1760563916 HTTP/1.1" 200 108947
INFO 2025-10-15 09:32:02,368 basehttp 21000 17352 "GET /hotel_rooms/ HTTP/1.1" 200 16799
INFO 2025-10-15 09:32:02,408 basehttp 21000 17352 "GET /static/css/dist/styles.css?v=1760563922 HTTP/1.1" 200 108947
INFO 2025-10-15 09:32:04,610 basehttp 21000 15320 "GET /hotel_rooms/ HTTP/1.1" 200 16799
INFO 2025-10-15 09:32:04,646 basehttp 21000 15320 "GET /static/css/dist/styles.css?v=1760563924 HTTP/1.1" 200 108947
INFO 2025-10-15 09:32:14,151 autoreload 21000 15520 C:\Users\HP\OneDrive\Documents\essetech\hotelapp\Hotel-website-Django\hotelapp\account\urls.py changed, reloading.
INFO 2025-10-15 09:32:16,142 autoreload 25936 18140 Watching for file changes with StatReloader
INFO 2025-10-15 09:32:29,363 autoreload 25936 18140 C:\Users\HP\OneDrive\Documents\essetech\hotelapp\Hotel-website-Django\hotelapp\account\views.py changed, reloading.
INFO 2025-10-15 09:32:30,471 autoreload 28532 8008 Watching for file changes with StatReloader
INFO 2025-10-15 09:32:34,526 autoreload 28532 8008 C:\Users\HP\OneDrive\Documents\essetech\hotelapp\Hotel-website-Django\hotelapp\account\views.py changed, reloading.
INFO 2025-10-15 09:32:35,299 autoreload 28372 19020 Watching for file changes with StatReloader
INFO 2025-10-15 09:32:44,072 autoreload 28372 19020 C:\Users\HP\OneDrive\Documents\essetech\hotelapp\Hotel-website-Django\hotelapp\account\views.py changed, reloading.
INFO 2025-10-15 09:32:45,191 autoreload 528 16304 Watching for file changes with StatReloader
INFO 2025-10-15 09:32:47,985 autoreload 528 16304 C:\Users\HP\OneDrive\Documents\essetech\hotelapp\Hotel-website-Django\hotelapp\account\views.py changed, reloading.
INFO 2025-10-15 09:32:49,014 autoreload 22700 3100 Watching for file changes with StatReloader
INFO 2025-10-15 09:32:50,063 basehttp 22700 8740 "GET /hotel_rooms/ HTTP/1.1" 200 16799
INFO 2025-10-15 09:32:50,201 basehttp 22700 8740 "GET /static/css/dist/styles.css?v=1760563970 HTTP/1.1" 200 108947
INFO 2025-10-15 09:32:55,725 autoreload 22700 3100 C:\Users\HP\OneDrive\Documents\essetech\hotelapp\Hotel-website-Django\hotelapp\account\views.py changed, reloading.
INFO 2025-10-15 09:32:56,780 autoreload 25596 3804 Watching for file changes with StatReloader
INFO 2025-10-15 09:32:57,844 basehttp 25596 13492 "GET /hotel_rooms/ HTTP/1.1" 200 16799
INFO 2025-10-15 09:32:57,968 basehttp 25596 13492 "GET /static/css/dist/styles.css?v=1760563977 HTTP/1.1" 200 108947
INFO 2025-10-15 09:33:07,828 autoreload 25596 3804 C:\Users\HP\OneDrive\Documents\essetech\hotelapp\Hotel-website-Django\hotelapp\account\views.py changed, reloading.
INFO 2025-10-15 09:33:08,648 autoreload 28240 17684 Watching for file changes with StatReloader
INFO 2025-10-15 09:33:10,194 basehttp 28240 6988 "GET /hotel_rooms/ HTTP/1.1" 200 16799
INFO 2025-10-15 09:33:10,343 basehttp 28240 6988 "GET /static/css/dist/styles.css?v=1760563990 HTTP/1.1" 200 108947
INFO 2025-10-15 09:33:11,590 autoreload 28240 17684 C:\Users\HP\OneDrive\Documents\essetech\hotelapp\Hotel-website-Django\hotelapp\account\views.py changed, reloading.
INFO 2025-10-15 09:33:12,469 autoreload 11504 26148 Watching for file changes with StatReloader
INFO 2025-10-15 09:33:13,658 basehttp 11504 13828 "GET /hotel_rooms/ HTTP/1.1" 200 16799
INFO 2025-10-15 09:33:13,775 basehttp 11504 13828 "GET /static/css/dist/styles.css?v=1760563993 HTTP/1.1" 200 108947
INFO 2025-10-15 09:33:28,843 autoreload 11504 26148 C:\Users\HP\OneDrive\Documents\essetech\hotelapp\Hotel-website-Django\hotelapp\account\views.py changed, reloading.
INFO 2025-10-15 09:33:29,603 autoreload 26344 21832 Watching for file changes with StatReloader
INFO 2025-10-15 09:33:35,022 autoreload 26344 21832 C:\Users\HP\OneDrive\Documents\essetech\hotelapp\Hotel-website-Django\hotelapp\account\views.py changed, reloading.
INFO 2025-10-15 09:33:36,615 autoreload 9284 20256 Watching for file changes with StatReloader
INFO 2025-10-15 09:33:37,579 basehttp 9284 22336 "GET /hotel_rooms/ HTTP/1.1" 200 16799
INFO 2025-10-15 09:33:37,671 basehttp 9284 22336 "GET /static/css/dist/styles.css?v=1760564017 HTTP/1.1" 200 108947
INFO 2025-10-15 09:33:43,408 autoreload 9284 20256 C:\Users\HP\OneDrive\Documents\essetech\hotelapp\Hotel-website-Django\hotelapp\account\views.py changed, reloading.
INFO 2025-10-15 09:33:44,742 autoreload 12444 18340 Watching for file changes with StatReloader
INFO 2025-10-15 09:33:46,118 basehttp 12444 8524 "GET /hotel_rooms/ HTTP/1.1" 200 16799
INFO 2025-10-15 09:33:46,305 basehttp 12444 8524 "GET /static/css/dist/styles.css?v=1760564026 HTTP/1.1" 200 108947
INFO 2025-10-15 09:33:58,398 autoreload 12444 18340 C:\Users\HP\OneDrive\Documents\essetech\hotelapp\Hotel-website-Django\hotelapp\account\views.py changed, reloading.
INFO 2025-10-15 09:33:59,736 autoreload 15392 9980 Watching for file changes with StatReloader
INFO 2025-10-15 09:34:03,859 autoreload 15392 9980 C:\Users\HP\OneDrive\Documents\essetech\hotelapp\Hotel-website-Django\hotelapp\account\views.py changed, reloading.
INFO 2025-10-15 09:34:04,689 autoreload 27164 26940 Watching for file changes with StatReloader
INFO 2025-10-15 09:34:08,834 autoreload 27164 26940 C:\Users\HP\OneDrive\Documents\essetech\hotelapp\Hotel-website-Django\hotelapp\account\views.py changed, reloading.
INFO 2025-10-15 09:34:09,813 autoreload 26912 2776 Watching for file changes with StatReloader
INFO 2025-10-15 09:34:10,709 basehttp 26912 27388 "GET /hotel_rooms/ HTTP/1.1" 200 16799
INFO 2025-10-15 09:34:10,827 basehttp 26912 27388 "GET /static/css/dist/styles.css?v=1760564050 HTTP/1.1" 200 108947
INFO 2025-10-15 09:34:14,519 autoreload 26912 2776 C:\Users\HP\OneDrive\Documents\essetech\hotelapp\Hotel-website-Django\hotelapp\account\views.py changed, reloading.
INFO 2025-10-15 09:34:15,549 autoreload 7404 27700 Watching for file changes with StatReloader
INFO 2025-10-15 09:34:16,640 basehttp 7404 28316 "GET /hotel_rooms/ HTTP/1.1" 200 16799
INFO 2025-10-15 09:34:16,765 basehttp 7404 28316 "GET /static/css/dist/styles.css?v=1760564056 HTTP/1.1" 200 108947
INFO 2025-10-15 09:34:21,305 autoreload 7404 27700 C:\Users\HP\OneDrive\Documents\essetech\hotelapp\Hotel-website-Django\hotelapp\account\views.py changed, reloading.
INFO 2025-10-15 09:34:22,827 autoreload 22680 28584 Watching for file changes with StatReloader
INFO 2025-10-15 09:34:24,307 basehttp 22680 11004 "GET /hotel_rooms/ HTTP/1.1" 200 16799
INFO 2025-10-15 09:34:24,496 basehttp 22680 11004 "GET /static/css/dist/styles.css?v=1760564064 HTTP/1.1" 200 108947
INFO 2025-10-15 09:34:27,015 autoreload 22680 28584 C:\Users\HP\OneDrive\Documents\essetech\hotelapp\Hotel-website-Django\hotelapp\account\views.py changed, reloading.
INFO 2025-10-15 09:34:28,578 autoreload 25304 28172 Watching for file changes with StatReloader
INFO 2025-10-15 09:34:29,670 basehttp 25304 7800 "GET /hotel_rooms/ HTTP/1.1" 200 16799
INFO 2025-10-15 09:34:29,782 basehttp 25304 7800 "GET /static/css/dist/styles.css?v=1760564069 HTTP/1.1" 200 108947
INFO 2025-10-15 09:34:31,716 autoreload 25304 28172 C:\Users\HP\OneDrive\Documents\essetech\hotelapp\Hotel-website-Django\hotelapp\account\views.py changed, reloading.
INFO 2025-10-15 09:34:33,165 autoreload 26676 7100 Watching for file changes with StatReloader
INFO 2025-10-15 09:34:35,763 autoreload 26676 7100 C:\Users\HP\OneDrive\Documents\essetech\hotelapp\Hotel-website-Django\hotelapp\account\views.py changed, reloading.
INFO 2025-10-15 09:34:36,838 autoreload 28520 20068 Watching for file changes with StatReloader
INFO 2025-10-15 09:34:37,911 basehttp 28520 13124 "GET /hotel_rooms/ HTTP/1.1" 200 16799
INFO 2025-10-15 09:34:38,026 basehttp 28520 13124 "GET /static/css/dist/styles.css?v=1760564077 HTTP/1.1" 200 108947
INFO 2025-10-15 09:34:43,610 autoreload 28520 20068 C:\Users\HP\OneDrive\Documents\essetech\hotelapp\Hotel-website-Django\hotelapp\account\views.py changed, reloading.
INFO 2025-10-15 09:34:45,817 autoreload 4528 2536 Watching for file changes with StatReloader
INFO 2025-10-15 09:34:52,302 autoreload 4528 2536 C:\Users\HP\OneDrive\Documents\essetech\hotelapp\Hotel-website-Django\hotelapp\account\views.py changed, reloading.
INFO 2025-10-15 09:34:53,357 autoreload 20780 28608 Watching for file changes with StatReloader
INFO 2025-10-15 09:34:54,495 basehttp 20780 13764 "GET /hotel_rooms/ HTTP/1.1" 200 16799
INFO 2025-10-15 09:34:54,615 basehttp 20780 13764 "GET /static/css/dist/styles.css?v=1760564094 HTTP/1.1" 200 108947
INFO 2025-10-15 09:34:57,150 autoreload 20780 28608 C:\Users\HP\OneDrive\Documents\essetech\hotelapp\Hotel-website-Django\hotelapp\account\views.py changed, reloading.
INFO 2025-10-15 09:34:58,280 autoreload 17056 17544 Watching for file changes with StatReloader
INFO 2025-10-15 09:34:59,540 basehttp 17056 10420 "GET /hotel_rooms/ HTTP/1.1" 200 16799
INFO 2025-10-15 09:34:59,702 basehttp 17056 10420 "GET /static/css/dist/styles.css?v=1760564099 HTTP/1.1" 200 108947
INFO 2025-10-15 09:35:01,208 autoreload 17056 17544 C:\Users\HP\OneDrive\Documents\essetech\hotelapp\Hotel-website-Django\hotelapp\account\views.py changed, reloading.
INFO 2025-10-15 09:35:02,741 autoreload 20648 21096 Watching for file changes with StatReloader
INFO 2025-10-15 09:35:03,832 basehttp 20648 26328 "GET /hotel_rooms/ HTTP/1.1" 200 16799
INFO 2025-10-15 09:35:03,937 basehttp 20648 26328 "GET /static/css/dist/styles.css?v=1760564103 HTTP/1.1" 200 108947
INFO 2025-10-15 09:40:12,881 basehttp 20648 10392 "GET /hotel_rooms/ HTTP/1.1" 200 16799
INFO 2025-10-15 09:40:13,000 basehttp 20648 10392 "GET /static/css/dist/styles.css?v=1760564412 HTTP/1.1" 200 109334
INFO 2025-10-15 09:40:28,743 basehttp 20648 28572 "GET /hotel_rooms/ HTTP/1.1" 200 16799
INFO 2025-10-15 09:40:28,770 basehttp 20648 28572 "GET /static/css/dist/styles.css?v=1760564428 HTTP/1.1" 200 109334
INFO 2025-10-15 09:40:37,275 basehttp 20648 7456 "GET /hotel_rooms/ HTTP/1.1" 200 16799
INFO 2025-10-15 09:40:37,305 basehttp 20648 7456 "GET /static/css/dist/styles.css?v=1760564437 HTTP/1.1" 200 109334
INFO 2025-10-15 09:40:40,573 basehttp 20648 17500 "GET /hotel_rooms/ HTTP/1.1" 200 16799
INFO 2025-10-15 09:40:40,620 basehttp 20648 17500 "GET /static/css/dist/styles.css?v=1760564440 HTTP/1.1" 200 109334
INFO 2025-10-15 09:40:46,009 basehttp 20648 16012 "GET /sign_up/ HTTP/1.1" 200 16069
INFO 2025-10-15 09:40:46,083 basehttp 20648 16012 "GET /static/css/dist/styles.css?v=1760564446 HTTP/1.1" 200 109334
INFO 2025-10-15 09:40:48,301 basehttp 20648 12212 "GET /login/ HTTP/1.1" 200 11508
INFO 2025-10-15 09:40:48,343 basehttp 20648 12212 "GET /static/css/dist/styles.css?v=1760564448 HTTP/1.1" 200 109334
INFO 2025-10-15 09:40:55,982 basehttp 20648 28056 "POST /login/ HTTP/1.1" 302 0
INFO 2025-10-15 09:40:56,043 basehttp 20648 28056 "GET /staff/dashboard HTTP/1.1" 200 44932
WARNING 2025-10-15 09:40:56,127 basehttp 20648 25232 "GET /static/images/default.png HTTP/1.1" 404 1868
INFO 2025-10-15 09:40:56,129 basehttp 20648 28056 "GET /static/css/dist/styles.css?v=1760564455 HTTP/1.1" 200 109334
INFO 2025-10-15 09:41:20,516 basehttp 20648 928 "GET /staff/dashboard HTTP/1.1" 200 44935
INFO 2025-10-15 09:41:20,551 basehttp 20648 928 "GET /static/css/dist/styles.css?v=1760564480 HTTP/1.1" 200 109334
WARNING 2025-10-15 09:41:20,565 basehttp 20648 25888 "GET /static/images/default.png HTTP/1.1" 404 1868
INFO 2025-10-15 09:41:21,542 basehttp 20648 9552 "GET /staff/dashboard HTTP/1.1" 200 44935
INFO 2025-10-15 09:41:21,581 basehttp 20648 9552 "GET /static/css/dist/styles.css?v=1760564481 HTTP/1.1" 200 109334
WARNING 2025-10-15 09:41:21,597 basehttp 20648 28576 "GET /static/images/default.png HTTP/1.1" 404 1868
INFO 2025-10-15 09:41:23,627 basehttp 20648 10560 "GET /staff/dashboard HTTP/1.1" 200 44931
INFO 2025-10-15 09:41:23,695 basehttp 20648 10560 "GET /static/css/dist/styles.css?v=1760564483 HTTP/1.1" 200 109334
WARNING 2025-10-15 09:41:23,725 basehttp 20648 2940 "GET /static/images/default.png HTTP/1.1" 404 1868
INFO 2025-10-15 09:41:24,668 basehttp 20648 18312 "GET /staff/dashboard HTTP/1.1" 200 44935
WARNING 2025-10-15 09:41:24,710 basehttp 20648 3772 "GET /static/images/default.png HTTP/1.1" 404 1868
INFO 2025-10-15 09:41:24,712 basehttp 20648 18312 "GET /static/css/dist/styles.css?v=1760564484 HTTP/1.1" 200 109334
ERROR 2025-10-15 09:41:27,825 log 20648 4372 Internal Server Error: /staff/dashboard
Traceback (most recent call last):
  File "C:\Users\HP\OneDrive\Documents\essetech\hotelapp\Hotel-website-Django\.venv\Lib\site-packages\django\core\handlers\exception.py", line 55, in inner
    response = get_response(request)
  File "C:\Users\HP\OneDrive\Documents\essetech\hotelapp\Hotel-website-Django\.venv\Lib\site-packages\django\core\handlers\base.py", line 197, in _get_response
    response = wrapped_callback(request, *callback_args, **callback_kwargs)
  File "C:\Users\HP\OneDrive\Documents\essetech\hotelapp\Hotel-website-Django\hotelapp\account\views.py", line 646, in staff_dashboard
    return render(request, "staff/dashboard/staff_dashboard.html")
  File "C:\Users\HP\OneDrive\Documents\essetech\hotelapp\Hotel-website-Django\.venv\Lib\site-packages\django\shortcuts.py", line 25, in render
    content = loader.render_to_string(template_name, context, request, using=using)
  File "C:\Users\HP\OneDrive\Documents\essetech\hotelapp\Hotel-website-Django\.venv\Lib\site-packages\django\template\loader.py", line 62, in render_to_string
    return template.render(context, request)
           ~~~~~~~~~~~~~~~^^^^^^^^^^^^^^^^^^
  File "C:\Users\HP\OneDrive\Documents\essetech\hotelapp\Hotel-website-Django\.venv\Lib\site-packages\django\template\backends\django.py", line 107, in render
    return self.template.render(context)
           ~~~~~~~~~~~~~~~~~~~~^^^^^^^^^
  File "C:\Users\HP\OneDrive\Documents\essetech\hotelapp\Hotel-website-Django\.venv\Lib\site-packages\django\template\base.py", line 171, in render
    return self._render(context)
           ~~~~~~~~~~~~^^^^^^^^^
  File "C:\Users\HP\OneDrive\Documents\essetech\hotelapp\Hotel-website-Django\.venv\Lib\site-packages\django\template\base.py", line 163, in _render
    return self.nodelist.render(context)
           ~~~~~~~~~~~~~~~~~~~~^^^^^^^^^
  File "C:\Users\HP\OneDrive\Documents\essetech\hotelapp\Hotel-website-Django\.venv\Lib\site-packages\django\template\base.py", line 1008, in render
    return SafeString("".join([node.render_annotated(context) for node in self]))
                               ~~~~~~~~~~~~~~~~~~~~~^^^^^^^^^
  File "C:\Users\HP\OneDrive\Documents\essetech\hotelapp\Hotel-website-Django\.venv\Lib\site-packages\django\template\base.py", line 969, in render_annotated
    return self.render(context)
           ~~~~~~~~~~~^^^^^^^^^
  File "C:\Users\HP\OneDrive\Documents\essetech\hotelapp\Hotel-website-Django\.venv\Lib\site-packages\django\template\loader_tags.py", line 159, in render
    return compiled_parent._render(context)
           ~~~~~~~~~~~~~~~~~~~~~~~^^^^^^^^^
  File "C:\Users\HP\OneDrive\Documents\essetech\hotelapp\Hotel-website-Django\.venv\Lib\site-packages\django\template\base.py", line 163, in _render
    return self.nodelist.render(context)
           ~~~~~~~~~~~~~~~~~~~~^^^^^^^^^
  File "C:\Users\HP\OneDrive\Documents\essetech\hotelapp\Hotel-website-Django\.venv\Lib\site-packages\django\template\base.py", line 1008, in render
    return SafeString("".join([node.render_annotated(context) for node in self]))
                               ~~~~~~~~~~~~~~~~~~~~~^^^^^^^^^
  File "C:\Users\HP\OneDrive\Documents\essetech\hotelapp\Hotel-website-Django\.venv\Lib\site-packages\django\template\base.py", line 969, in render_annotated
    return self.render(context)
           ~~~~~~~~~~~^^^^^^^^^
  File "C:\Users\HP\OneDrive\Documents\essetech\hotelapp\Hotel-website-Django\.venv\Lib\site-packages\django\template\loader_tags.py", line 65, in render
    result = block.nodelist.render(context)
  File "C:\Users\HP\OneDrive\Documents\essetech\hotelapp\Hotel-website-Django\.venv\Lib\site-packages\django\template\base.py", line 1008, in render
    return SafeString("".join([node.render_annotated(context) for node in self]))
                               ~~~~~~~~~~~~~~~~~~~~~^^^^^^^^^
  File "C:\Users\HP\OneDrive\Documents\essetech\hotelapp\Hotel-website-Django\.venv\Lib\site-packages\django\template\base.py", line 969, in render_annotated
    return self.render(context)
           ~~~~~~~~~~~^^^^^^^^^
  File "C:\Users\HP\OneDrive\Documents\essetech\hotelapp\Hotel-website-Django\.venv\Lib\site-packages\django\template\loader_tags.py", line 210, in render
    return template.render(context)
           ~~~~~~~~~~~~~~~^^^^^^^^^
  File "C:\Users\HP\OneDrive\Documents\essetech\hotelapp\Hotel-website-Django\.venv\Lib\site-packages\django\template\base.py", line 173, in render
    return self._render(context)
           ~~~~~~~~~~~~^^^^^^^^^
  File "C:\Users\HP\OneDrive\Documents\essetech\hotelapp\Hotel-website-Django\.venv\Lib\site-packages\django\template\base.py", line 163, in _render
    return self.nodelist.render(context)
           ~~~~~~~~~~~~~~~~~~~~^^^^^^^^^
  File "C:\Users\HP\OneDrive\Documents\essetech\hotelapp\Hotel-website-Django\.venv\Lib\site-packages\django\template\base.py", line 1008, in render
    return SafeString("".join([node.render_annotated(context) for node in self]))
                               ~~~~~~~~~~~~~~~~~~~~~^^^^^^^^^
  File "C:\Users\HP\OneDrive\Documents\essetech\hotelapp\Hotel-website-Django\.venv\Lib\site-packages\django\template\base.py", line 969, in render_annotated
    return self.render(context)
           ~~~~~~~~~~~^^^^^^^^^
  File "C:\Users\HP\OneDrive\Documents\essetech\hotelapp\Hotel-website-Django\.venv\Lib\site-packages\django\template\defaulttags.py", line 327, in render
    return nodelist.render(context)
           ~~~~~~~~~~~~~~~^^^^^^^^^
  File "C:\Users\HP\OneDrive\Documents\essetech\hotelapp\Hotel-website-Django\.venv\Lib\site-packages\django\template\base.py", line 1008, in render
    return SafeString("".join([node.render_annotated(context) for node in self]))
                               ~~~~~~~~~~~~~~~~~~~~~^^^^^^^^^
  File "C:\Users\HP\OneDrive\Documents\essetech\hotelapp\Hotel-website-Django\.venv\Lib\site-packages\django\template\base.py", line 969, in render_annotated
    return self.render(context)
           ~~~~~~~~~~~^^^^^^^^^
  File "C:\Users\HP\OneDrive\Documents\essetech\hotelapp\Hotel-website-Django\.venv\Lib\site-packages\django\template\defaulttags.py", line 480, in render
    url = reverse(view_name, args=args, kwargs=kwargs, current_app=current_app)
  File "C:\Users\HP\OneDrive\Documents\essetech\hotelapp\Hotel-website-Django\.venv\Lib\site-packages\django\urls\base.py", line 88, in reverse
    return resolver._reverse_with_prefix(view, prefix, *args, **kwargs)
           ~~~~~~~~~~~~~~~~~~~~~~~~~~~~~^^^^^^^^^^^^^^^^^^^^^^^^^^^^^^^
  File "C:\Users\HP\OneDrive\Documents\essetech\hotelapp\Hotel-website-Django\.venv\Lib\site-packages\django\urls\resolvers.py", line 831, in _reverse_with_prefix
    raise NoReverseMatch(msg)
django.urls.exceptions.NoReverseMatch: Reverse for '' not found. '' is not a valid view function or pattern name.
ERROR 2025-10-15 09:41:27,838 basehttp 20648 4372 "GET /staff/dashboard HTTP/1.1" 500 195254
ERROR 2025-10-15 09:41:28,927 log 20648 9796 Internal Server Error: /staff/dashboard
Traceback (most recent call last):
  File "C:\Users\HP\OneDrive\Documents\essetech\hotelapp\Hotel-website-Django\.venv\Lib\site-packages\django\core\handlers\exception.py", line 55, in inner
    response = get_response(request)
  File "C:\Users\HP\OneDrive\Documents\essetech\hotelapp\Hotel-website-Django\.venv\Lib\site-packages\django\core\handlers\base.py", line 197, in _get_response
    response = wrapped_callback(request, *callback_args, **callback_kwargs)
  File "C:\Users\HP\OneDrive\Documents\essetech\hotelapp\Hotel-website-Django\hotelapp\account\views.py", line 646, in staff_dashboard
    return render(request, "staff/dashboard/staff_dashboard.html")
  File "C:\Users\HP\OneDrive\Documents\essetech\hotelapp\Hotel-website-Django\.venv\Lib\site-packages\django\shortcuts.py", line 25, in render
    content = loader.render_to_string(template_name, context, request, using=using)
  File "C:\Users\HP\OneDrive\Documents\essetech\hotelapp\Hotel-website-Django\.venv\Lib\site-packages\django\template\loader.py", line 62, in render_to_string
    return template.render(context, request)
           ~~~~~~~~~~~~~~~^^^^^^^^^^^^^^^^^^
  File "C:\Users\HP\OneDrive\Documents\essetech\hotelapp\Hotel-website-Django\.venv\Lib\site-packages\django\template\backends\django.py", line 107, in render
    return self.template.render(context)
           ~~~~~~~~~~~~~~~~~~~~^^^^^^^^^
  File "C:\Users\HP\OneDrive\Documents\essetech\hotelapp\Hotel-website-Django\.venv\Lib\site-packages\django\template\base.py", line 171, in render
    return self._render(context)
           ~~~~~~~~~~~~^^^^^^^^^
  File "C:\Users\HP\OneDrive\Documents\essetech\hotelapp\Hotel-website-Django\.venv\Lib\site-packages\django\template\base.py", line 163, in _render
    return self.nodelist.render(context)
           ~~~~~~~~~~~~~~~~~~~~^^^^^^^^^
  File "C:\Users\HP\OneDrive\Documents\essetech\hotelapp\Hotel-website-Django\.venv\Lib\site-packages\django\template\base.py", line 1008, in render
    return SafeString("".join([node.render_annotated(context) for node in self]))
                               ~~~~~~~~~~~~~~~~~~~~~^^^^^^^^^
  File "C:\Users\HP\OneDrive\Documents\essetech\hotelapp\Hotel-website-Django\.venv\Lib\site-packages\django\template\base.py", line 969, in render_annotated
    return self.render(context)
           ~~~~~~~~~~~^^^^^^^^^
  File "C:\Users\HP\OneDrive\Documents\essetech\hotelapp\Hotel-website-Django\.venv\Lib\site-packages\django\template\loader_tags.py", line 159, in render
    return compiled_parent._render(context)
           ~~~~~~~~~~~~~~~~~~~~~~~^^^^^^^^^
  File "C:\Users\HP\OneDrive\Documents\essetech\hotelapp\Hotel-website-Django\.venv\Lib\site-packages\django\template\base.py", line 163, in _render
    return self.nodelist.render(context)
           ~~~~~~~~~~~~~~~~~~~~^^^^^^^^^
  File "C:\Users\HP\OneDrive\Documents\essetech\hotelapp\Hotel-website-Django\.venv\Lib\site-packages\django\template\base.py", line 1008, in render
    return SafeString("".join([node.render_annotated(context) for node in self]))
                               ~~~~~~~~~~~~~~~~~~~~~^^^^^^^^^
  File "C:\Users\HP\OneDrive\Documents\essetech\hotelapp\Hotel-website-Django\.venv\Lib\site-packages\django\template\base.py", line 969, in render_annotated
    return self.render(context)
           ~~~~~~~~~~~^^^^^^^^^
  File "C:\Users\HP\OneDrive\Documents\essetech\hotelapp\Hotel-website-Django\.venv\Lib\site-packages\django\template\loader_tags.py", line 65, in render
    result = block.nodelist.render(context)
  File "C:\Users\HP\OneDrive\Documents\essetech\hotelapp\Hotel-website-Django\.venv\Lib\site-packages\django\template\base.py", line 1008, in render
    return SafeString("".join([node.render_annotated(context) for node in self]))
                               ~~~~~~~~~~~~~~~~~~~~~^^^^^^^^^
  File "C:\Users\HP\OneDrive\Documents\essetech\hotelapp\Hotel-website-Django\.venv\Lib\site-packages\django\template\base.py", line 969, in render_annotated
    return self.render(context)
           ~~~~~~~~~~~^^^^^^^^^
  File "C:\Users\HP\OneDrive\Documents\essetech\hotelapp\Hotel-website-Django\.venv\Lib\site-packages\django\template\loader_tags.py", line 210, in render
    return template.render(context)
           ~~~~~~~~~~~~~~~^^^^^^^^^
  File "C:\Users\HP\OneDrive\Documents\essetech\hotelapp\Hotel-website-Django\.venv\Lib\site-packages\django\template\base.py", line 173, in render
    return self._render(context)
           ~~~~~~~~~~~~^^^^^^^^^
  File "C:\Users\HP\OneDrive\Documents\essetech\hotelapp\Hotel-website-Django\.venv\Lib\site-packages\django\template\base.py", line 163, in _render
    return self.nodelist.render(context)
           ~~~~~~~~~~~~~~~~~~~~^^^^^^^^^
  File "C:\Users\HP\OneDrive\Documents\essetech\hotelapp\Hotel-website-Django\.venv\Lib\site-packages\django\template\base.py", line 1008, in render
    return SafeString("".join([node.render_annotated(context) for node in self]))
                               ~~~~~~~~~~~~~~~~~~~~~^^^^^^^^^
  File "C:\Users\HP\OneDrive\Documents\essetech\hotelapp\Hotel-website-Django\.venv\Lib\site-packages\django\template\base.py", line 969, in render_annotated
    return self.render(context)
           ~~~~~~~~~~~^^^^^^^^^
  File "C:\Users\HP\OneDrive\Documents\essetech\hotelapp\Hotel-website-Django\.venv\Lib\site-packages\django\template\defaulttags.py", line 327, in render
    return nodelist.render(context)
           ~~~~~~~~~~~~~~~^^^^^^^^^
  File "C:\Users\HP\OneDrive\Documents\essetech\hotelapp\Hotel-website-Django\.venv\Lib\site-packages\django\template\base.py", line 1008, in render
    return SafeString("".join([node.render_annotated(context) for node in self]))
                               ~~~~~~~~~~~~~~~~~~~~~^^^^^^^^^
  File "C:\Users\HP\OneDrive\Documents\essetech\hotelapp\Hotel-website-Django\.venv\Lib\site-packages\django\template\base.py", line 969, in render_annotated
    return self.render(context)
           ~~~~~~~~~~~^^^^^^^^^
  File "C:\Users\HP\OneDrive\Documents\essetech\hotelapp\Hotel-website-Django\.venv\Lib\site-packages\django\template\defaulttags.py", line 480, in render
    url = reverse(view_name, args=args, kwargs=kwargs, current_app=current_app)
  File "C:\Users\HP\OneDrive\Documents\essetech\hotelapp\Hotel-website-Django\.venv\Lib\site-packages\django\urls\base.py", line 88, in reverse
    return resolver._reverse_with_prefix(view, prefix, *args, **kwargs)
           ~~~~~~~~~~~~~~~~~~~~~~~~~~~~~^^^^^^^^^^^^^^^^^^^^^^^^^^^^^^^
  File "C:\Users\HP\OneDrive\Documents\essetech\hotelapp\Hotel-website-Django\.venv\Lib\site-packages\django\urls\resolvers.py", line 831, in _reverse_with_prefix
    raise NoReverseMatch(msg)
django.urls.exceptions.NoReverseMatch: Reverse for 'v' not found. 'v' is not a valid view function or pattern name.
ERROR 2025-10-15 09:41:28,935 basehttp 20648 9796 "GET /staff/dashboard HTTP/1.1" 500 195248
INFO 2025-10-15 09:41:31,032 basehttp 20648 2776 "GET /staff/dashboard HTTP/1.1" 200 44954
INFO 2025-10-15 09:41:31,095 basehttp 20648 2776 "GET /static/css/dist/styles.css?v=1760564490 HTTP/1.1" 200 109334
WARNING 2025-10-15 09:41:31,110 basehttp 20648 26896 "GET /static/images/default.png HTTP/1.1" 404 1868
INFO 2025-10-15 09:41:32,848 basehttp 20648 15264 "GET /staff/user-management HTTP/1.1" 200 43413
WARNING 2025-10-15 09:41:32,911 basehttp 20648 12604 "GET /static/images/default.png HTTP/1.1" 404 1868
INFO 2025-10-15 09:41:32,912 basehttp 20648 15264 "GET /static/css/dist/styles.css?v=1760564492 HTTP/1.1" 200 109334
INFO 2025-10-15 09:42:57,622 basehttp 20648 12272 "GET /static/css/dist/styles.css?v=1760564492 HTTP/1.1" 304 0
WARNING 2025-10-15 09:42:57,667 log 20648 12272 Not Found: /.well-known/appspecific/com.chrome.devtools.json
WARNING 2025-10-15 09:42:57,668 basehttp 20648 12272 "GET /.well-known/appspecific/com.chrome.devtools.json HTTP/1.1" 404 14084
INFO 2025-10-15 09:43:19,396 basehttp 20648 12272 "GET /staff/user-management HTTP/1.1" 200 43413
WARNING 2025-10-15 09:43:19,457 basehttp 20648 3804 "GET /static/images/default.png HTTP/1.1" 404 1868
INFO 2025-10-15 09:43:19,459 basehttp 20648 12272 "GET /static/css/dist/styles.css?v=1760564599 HTTP/1.1" 200 109334
INFO 2025-10-15 09:43:39,070 basehttp 20648 20684 "GET /staff/user-management HTTP/1.1" 200 43416
WARNING 2025-10-15 09:43:39,118 basehttp 20648 18908 "GET /static/images/default.png HTTP/1.1" 404 1868
INFO 2025-10-15 09:43:39,119 basehttp 20648 20684 "GET /static/css/dist/styles.css?v=1760564618 HTTP/1.1" 200 109334
INFO 2025-10-15 09:43:42,174 basehttp 20648 26388 "GET /staff/user-management HTTP/1.1" 200 43429
INFO 2025-10-15 09:43:42,227 basehttp 20648 26388 "GET /static/css/dist/styles.css?v=1760564622 HTTP/1.1" 200 109334
WARNING 2025-10-15 09:43:42,240 basehttp 20648 356 "GET /static/images/default.png HTTP/1.1" 404 1868
INFO 2025-10-15 09:43:43,844 basehttp 20648 22336 "GET /staff/user-management HTTP/1.1" 200 43429
WARNING 2025-10-15 09:43:43,891 basehttp 20648 28348 "GET /static/images/default.png HTTP/1.1" 404 1868
INFO 2025-10-15 09:43:43,893 basehttp 20648 22336 "GET /static/css/dist/styles.css?v=1760564623 HTTP/1.1" 200 109334
INFO 2025-10-15 09:43:44,700 basehttp 20648 8744 "GET /staff/dashboard HTTP/1.1" 200 44970
INFO 2025-10-15 09:43:44,755 basehttp 20648 8744 "GET /static/css/dist/styles.css?v=1760564624 HTTP/1.1" 200 109334
WARNING 2025-10-15 09:43:44,765 basehttp 20648 19200 "GET /static/images/default.png HTTP/1.1" 404 1868
INFO 2025-10-15 09:43:46,254 basehttp 20648 24960 "GET /staff/user-management HTTP/1.1" 200 43429
INFO 2025-10-15 09:43:46,311 basehttp 20648 24960 "GET /static/css/dist/styles.css?v=1760564626 HTTP/1.1" 200 109334
WARNING 2025-10-15 09:43:46,320 basehttp 20648 20280 "GET /static/images/default.png HTTP/1.1" 404 1868
INFO 2025-10-15 09:44:38,592 basehttp 20648 18812 "GET /staff/user-management HTTP/1.1" 200 43429
WARNING 2025-10-15 09:44:38,700 basehttp 20648 20528 "GET /static/images/default.png HTTP/1.1" 404 1868
INFO 2025-10-15 09:44:38,701 basehttp 20648 18812 "GET /static/css/dist/styles.css?v=1760564678 HTTP/1.1" 200 109334
INFO 2025-10-15 09:44:43,886 basehttp 20648 12212 "GET /staff/user-management HTTP/1.1" 200 43428
INFO 2025-10-15 09:44:43,928 basehttp 20648 12212 "GET /static/css/dist/styles.css?v=1760564683 HTTP/1.1" 200 109334
WARNING 2025-10-15 09:44:43,941 basehttp 20648 25596 "GET /static/images/default.png HTTP/1.1" 404 1868
INFO 2025-10-15 09:44:48,755 basehttp 20648 19324 "GET /staff/user-management HTTP/1.1" 200 43428
INFO 2025-10-15 09:44:48,802 basehttp 20648 19324 "GET /static/css/dist/styles.css?v=1760564688 HTTP/1.1" 200 109334
WARNING 2025-10-15 09:44:48,817 basehttp 20648 13404 "GET /static/images/default.png HTTP/1.1" 404 1868
INFO 2025-10-15 09:45:11,672 basehttp 20648 24996 "GET /staff/user-management HTTP/1.1" 200 43428
WARNING 2025-10-15 09:45:11,766 basehttp 20648 25760 "GET /static/images/default.png HTTP/1.1" 404 1868
INFO 2025-10-15 09:45:11,767 basehttp 20648 24996 "GET /static/css/dist/styles.css?v=1760564711 HTTP/1.1" 200 109334
INFO 2025-10-15 09:45:13,769 basehttp 20648 5000 "GET /staff/user-management HTTP/1.1" 200 43426
INFO 2025-10-15 09:45:13,802 basehttp 20648 5000 "GET /static/css/dist/styles.css?v=1760564713 HTTP/1.1" 200 109334
WARNING 2025-10-15 09:45:13,815 basehttp 20648 28368 "GET /static/images/default.png HTTP/1.1" 404 1868
INFO 2025-10-15 09:45:15,855 basehttp 20648 17056 "GET /staff/user-management HTTP/1.1" 200 43426
INFO 2025-10-15 09:45:15,902 basehttp 20648 17056 "GET /static/css/dist/styles.css?v=1760564715 HTTP/1.1" 200 109334
WARNING 2025-10-15 09:45:15,903 basehttp 20648 20660 "GET /static/images/default.png HTTP/1.1" 404 1868
INFO 2025-10-15 09:45:20,032 basehttp 20648 19416 "GET /staff/user-management HTTP/1.1" 200 43430
WARNING 2025-10-15 09:45:20,089 basehttp 20648 12684 "GET /static/images/default.png HTTP/1.1" 404 1868
INFO 2025-10-15 09:45:20,091 basehttp 20648 19416 "GET /static/css/dist/styles.css?v=1760564720 HTTP/1.1" 200 109334
INFO 2025-10-15 09:45:23,195 basehttp 20648 24928 "GET /staff/user-management HTTP/1.1" 200 43426
WARNING 2025-10-15 09:45:23,244 basehttp 20648 10236 "GET /static/images/default.png HTTP/1.1" 404 1868
INFO 2025-10-15 09:45:23,246 basehttp 20648 24928 "GET /static/css/dist/styles.css?v=1760564723 HTTP/1.1" 200 109334
INFO 2025-10-15 09:45:40,251 basehttp 20648 18072 "GET /staff/user-management HTTP/1.1" 200 43428
INFO 2025-10-15 09:45:40,298 basehttp 20648 18072 "GET /static/css/dist/styles.css?v=1760564740 HTTP/1.1" 200 109334
WARNING 2025-10-15 09:45:40,316 basehttp 20648 8212 "GET /static/images/default.png HTTP/1.1" 404 1868
INFO 2025-10-15 09:54:55,307 autoreload 20648 21096 C:\Users\HP\OneDrive\Documents\essetech\hotelapp\Hotel-website-Django\hotelapp\account\forms.py changed, reloading.
INFO 2025-10-15 09:54:57,003 autoreload 23872 11572 Watching for file changes with StatReloader
INFO 2025-10-15 09:54:58,258 basehttp 23872 28156 "GET /staff/user-management HTTP/1.1" 200 43428
WARNING 2025-10-15 09:54:58,354 basehttp 23872 25624 "GET /static/images/default.png HTTP/1.1" 404 1868
INFO 2025-10-15 09:54:58,399 basehttp 23872 28156 "GET /static/css/dist/styles.css?v=1760565298 HTTP/1.1" 200 109334
INFO 2025-10-15 09:55:09,072 autoreload 23872 11572 C:\Users\HP\OneDrive\Documents\essetech\hotelapp\Hotel-website-Django\hotelapp\account\forms.py changed, reloading.
INFO 2025-10-15 09:55:09,969 autoreload 22868 27008 Watching for file changes with StatReloader
INFO 2025-10-15 09:55:10,965 basehttp 22868 5584 "GET /staff/user-management HTTP/1.1" 200 43428
WARNING 2025-10-15 09:55:11,003 basehttp 22868 9868 "GET /static/images/default.png HTTP/1.1" 404 1868
INFO 2025-10-15 09:55:11,051 basehttp 22868 5584 "GET /static/css/dist/styles.css?v=1760565310 HTTP/1.1" 200 109334
INFO 2025-10-15 09:55:18,258 autoreload 22868 27008 C:\Users\HP\OneDrive\Documents\essetech\hotelapp\Hotel-website-Django\hotelapp\account\forms.py changed, reloading.
INFO 2025-10-15 09:55:20,038 autoreload 14664 10736 Watching for file changes with StatReloader
INFO 2025-10-15 09:55:21,387 basehttp 14664 21476 "GET /staff/user-management HTTP/1.1" 200 43428
WARNING 2025-10-15 09:55:21,450 basehttp 14664 25724 "GET /static/images/default.png HTTP/1.1" 404 1868
INFO 2025-10-15 09:55:21,522 basehttp 14664 21476 "GET /static/css/dist/styles.css?v=1760565321 HTTP/1.1" 200 109334
INFO 2025-10-15 09:55:24,190 autoreload 14664 10736 C:\Users\HP\OneDrive\Documents\essetech\hotelapp\Hotel-website-Django\hotelapp\account\forms.py changed, reloading.
INFO 2025-10-15 09:55:26,051 autoreload 27808 10792 Watching for file changes with StatReloader
INFO 2025-10-15 09:55:27,504 autoreload 27808 10792 C:\Users\HP\OneDrive\Documents\essetech\hotelapp\Hotel-website-Django\hotelapp\account\forms.py changed, reloading.
INFO 2025-10-15 09:55:28,633 autoreload 1176 10112 Watching for file changes with StatReloader
INFO 2025-10-15 09:55:29,831 basehttp 1176 4948 "GET /staff/user-management HTTP/1.1" 200 43428
WARNING 2025-10-15 09:55:29,885 basehttp 1176 22524 "GET /static/images/default.png HTTP/1.1" 404 1868
INFO 2025-10-15 09:55:29,952 basehttp 1176 4948 "GET /static/css/dist/styles.css?v=1760565329 HTTP/1.1" 200 109334
INFO 2025-10-15 09:56:58,214 autoreload 1176 10112 C:\Users\HP\OneDrive\Documents\essetech\hotelapp\Hotel-website-Django\hotelapp\account\urls.py changed, reloading.
INFO 2025-10-15 09:56:59,478 autoreload 24680 9904 Watching for file changes with StatReloader
INFO 2025-10-15 09:57:00,565 basehttp 24680 1932 "GET /staff/user-management HTTP/1.1" 200 43428
WARNING 2025-10-15 09:57:00,611 basehttp 24680 12544 "GET /static/images/default.png HTTP/1.1" 404 1868
INFO 2025-10-15 09:57:00,660 basehttp 24680 1932 "GET /static/css/dist/styles.css?v=1760565420 HTTP/1.1" 200 109334
INFO 2025-10-15 09:57:01,703 autoreload 24680 9904 C:\Users\HP\OneDrive\Documents\essetech\hotelapp\Hotel-website-Django\hotelapp\account\urls.py changed, reloading.
INFO 2025-10-15 09:57:02,464 autoreload 168 13948 Watching for file changes with StatReloader
INFO 2025-10-15 09:57:29,963 autoreload 168 13948 C:\Users\HP\OneDrive\Documents\essetech\hotelapp\Hotel-website-Django\hotelapp\account\urls.py changed, reloading.
INFO 2025-10-15 09:57:30,824 autoreload 27940 20388 Watching for file changes with StatReloader
INFO 2025-10-15 09:57:39,093 autoreload 27940 20388 C:\Users\HP\OneDrive\Documents\essetech\hotelapp\Hotel-website-Django\hotelapp\account\urls.py changed, reloading.
INFO 2025-10-15 09:57:39,971 autoreload 19788 4188 Watching for file changes with StatReloader
INFO 2025-10-15 09:57:41,858 autoreload 19788 4188 C:\Users\HP\OneDrive\Documents\essetech\hotelapp\Hotel-website-Django\hotelapp\account\urls.py changed, reloading.
INFO 2025-10-15 09:57:42,711 autoreload 15400 18160 Watching for file changes with StatReloader
INFO 2025-10-15 09:58:13,122 autoreload 15400 18160 C:\Users\HP\OneDrive\Documents\essetech\hotelapp\Hotel-website-Django\hotelapp\account\urls.py changed, reloading.
INFO 2025-10-15 09:58:13,850 autoreload 28564 17716 Watching for file changes with StatReloader
INFO 2025-10-15 09:58:26,162 autoreload 28564 17716 C:\Users\HP\OneDrive\Documents\essetech\hotelapp\Hotel-website-Django\hotelapp\account\urls.py changed, reloading.
INFO 2025-10-15 09:58:26,922 autoreload 27388 28112 Watching for file changes with StatReloader
INFO 2025-10-15 09:58:43,475 autoreload 27388 28112 C:\Users\HP\OneDrive\Documents\essetech\hotelapp\Hotel-website-Django\hotelapp\account\urls.py changed, reloading.
INFO 2025-10-15 09:58:44,405 autoreload 23280 23032 Watching for file changes with StatReloader
INFO 2025-10-15 09:58:47,235 autoreload 23280 23032 C:\Users\HP\OneDrive\Documents\essetech\hotelapp\Hotel-website-Django\hotelapp\account\urls.py changed, reloading.
INFO 2025-10-15 09:58:47,956 autoreload 16612 28124 Watching for file changes with StatReloader
INFO 2025-10-15 09:59:00,154 autoreload 16612 28124 C:\Users\HP\OneDrive\Documents\essetech\hotelapp\Hotel-website-Django\hotelapp\account\urls.py changed, reloading.
INFO 2025-10-15 09:59:00,865 autoreload 12772 24144 Watching for file changes with StatReloader
INFO 2025-10-15 10:00:27,108 autoreload 12772 24144 C:\Users\HP\OneDrive\Documents\essetech\hotelapp\Hotel-website-Django\hotelapp\account\views.py changed, reloading.
INFO 2025-10-15 10:00:27,887 autoreload 26844 18068 Watching for file changes with StatReloader
INFO 2025-10-15 10:00:31,766 autoreload 26844 18068 C:\Users\HP\OneDrive\Documents\essetech\hotelapp\Hotel-website-Django\hotelapp\account\views.py changed, reloading.
INFO 2025-10-15 10:00:32,460 autoreload 15240 10276 Watching for file changes with StatReloader
INFO 2025-10-15 10:00:43,702 autoreload 15240 10276 C:\Users\HP\OneDrive\Documents\essetech\hotelapp\Hotel-website-Django\hotelapp\account\views.py changed, reloading.
INFO 2025-10-15 10:00:45,116 autoreload 24504 15776 Watching for file changes with StatReloader
INFO 2025-10-15 10:00:49,240 autoreload 24504 15776 C:\Users\HP\OneDrive\Documents\essetech\hotelapp\Hotel-website-Django\hotelapp\account\views.py changed, reloading.
INFO 2025-10-15 10:00:50,007 autoreload 27264 26580 Watching for file changes with StatReloader
INFO 2025-10-15 10:01:09,940 autoreload 27264 26580 C:\Users\HP\OneDrive\Documents\essetech\hotelapp\Hotel-website-Django\hotelapp\account\views.py changed, reloading.
INFO 2025-10-15 10:01:10,987 autoreload 20348 12036 Watching for file changes with StatReloader
INFO 2025-10-15 10:01:41,445 autoreload 20348 12036 C:\Users\HP\OneDrive\Documents\essetech\hotelapp\Hotel-website-Django\hotelapp\account\views.py changed, reloading.
INFO 2025-10-15 10:01:42,483 autoreload 22196 27388 Watching for file changes with StatReloader
INFO 2025-10-15 10:02:08,734 autoreload 22196 27388 C:\Users\HP\OneDrive\Documents\essetech\hotelapp\Hotel-website-Django\hotelapp\account\views.py changed, reloading.
INFO 2025-10-15 10:02:09,683 autoreload 17500 18464 Watching for file changes with StatReloader
INFO 2025-10-15 10:02:38,107 autoreload 17500 18464 C:\Users\HP\OneDrive\Documents\essetech\hotelapp\Hotel-website-Django\hotelapp\account\views.py changed, reloading.
INFO 2025-10-15 10:02:38,985 autoreload 12368 15296 Watching for file changes with StatReloader
INFO 2025-10-15 10:03:14,793 autoreload 12368 15296 C:\Users\HP\OneDrive\Documents\essetech\hotelapp\Hotel-website-Django\hotelapp\account\views.py changed, reloading.
INFO 2025-10-15 10:03:15,625 autoreload 5020 23272 Watching for file changes with StatReloader
INFO 2025-10-15 10:03:16,800 basehttp 5020 10780 "GET /staff/user-management HTTP/1.1" 200 43427
WARNING 2025-10-15 10:03:16,867 basehttp 5020 22300 "GET /static/images/default.png HTTP/1.1" 404 1868
INFO 2025-10-15 10:03:16,905 basehttp 5020 10780 "GET /static/css/dist/styles.css?v=1760565796 HTTP/1.1" 200 109334
ERROR 2025-10-15 10:11:46,416 log 5020 20232 Internal Server Error: /staff/user-management
Traceback (most recent call last):
  File "C:\Users\HP\OneDrive\Documents\essetech\hotelapp\Hotel-website-Django\.venv\Lib\site-packages\django\core\handlers\exception.py", line 55, in inner
    response = get_response(request)
  File "C:\Users\HP\OneDrive\Documents\essetech\hotelapp\Hotel-website-Django\.venv\Lib\site-packages\django\core\handlers\base.py", line 197, in _get_response
    response = wrapped_callback(request, *callback_args, **callback_kwargs)
  File "C:\Users\HP\OneDrive\Documents\essetech\hotelapp\Hotel-website-Django\.venv\Lib\site-packages\django\contrib\auth\decorators.py", line 60, in _view_wrapper
    return view_func(request, *args, **kwargs)
  File "C:\Users\HP\OneDrive\Documents\essetech\hotelapp\Hotel-website-Django\hotelapp\account\views.py", line 33, in wrapper
    return view_func(request, *args, **kwargs)
  File "C:\Users\HP\OneDrive\Documents\essetech\hotelapp\Hotel-website-Django\hotelapp\account\views.py", line 732, in user_management
    return render(request, "staff/dashboard/user_management.html",context)
  File "C:\Users\HP\OneDrive\Documents\essetech\hotelapp\Hotel-website-Django\.venv\Lib\site-packages\django\shortcuts.py", line 25, in render
    content = loader.render_to_string(template_name, context, request, using=using)
  File "C:\Users\HP\OneDrive\Documents\essetech\hotelapp\Hotel-website-Django\.venv\Lib\site-packages\django\template\loader.py", line 62, in render_to_string
    return template.render(context, request)
           ~~~~~~~~~~~~~~~^^^^^^^^^^^^^^^^^^
  File "C:\Users\HP\OneDrive\Documents\essetech\hotelapp\Hotel-website-Django\.venv\Lib\site-packages\django\template\backends\django.py", line 107, in render
    return self.template.render(context)
           ~~~~~~~~~~~~~~~~~~~~^^^^^^^^^
  File "C:\Users\HP\OneDrive\Documents\essetech\hotelapp\Hotel-website-Django\.venv\Lib\site-packages\django\template\base.py", line 171, in render
    return self._render(context)
           ~~~~~~~~~~~~^^^^^^^^^
  File "C:\Users\HP\OneDrive\Documents\essetech\hotelapp\Hotel-website-Django\.venv\Lib\site-packages\django\template\base.py", line 163, in _render
    return self.nodelist.render(context)
           ~~~~~~~~~~~~~~~~~~~~^^^^^^^^^
  File "C:\Users\HP\OneDrive\Documents\essetech\hotelapp\Hotel-website-Django\.venv\Lib\site-packages\django\template\base.py", line 1008, in render
    return SafeString("".join([node.render_annotated(context) for node in self]))
                               ~~~~~~~~~~~~~~~~~~~~~^^^^^^^^^
  File "C:\Users\HP\OneDrive\Documents\essetech\hotelapp\Hotel-website-Django\.venv\Lib\site-packages\django\template\base.py", line 969, in render_annotated
    return self.render(context)
           ~~~~~~~~~~~^^^^^^^^^
  File "C:\Users\HP\OneDrive\Documents\essetech\hotelapp\Hotel-website-Django\.venv\Lib\site-packages\django\template\loader_tags.py", line 159, in render
    return compiled_parent._render(context)
           ~~~~~~~~~~~~~~~~~~~~~~~^^^^^^^^^
  File "C:\Users\HP\OneDrive\Documents\essetech\hotelapp\Hotel-website-Django\.venv\Lib\site-packages\django\template\base.py", line 163, in _render
    return self.nodelist.render(context)
           ~~~~~~~~~~~~~~~~~~~~^^^^^^^^^
  File "C:\Users\HP\OneDrive\Documents\essetech\hotelapp\Hotel-website-Django\.venv\Lib\site-packages\django\template\base.py", line 1008, in render
    return SafeString("".join([node.render_annotated(context) for node in self]))
                               ~~~~~~~~~~~~~~~~~~~~~^^^^^^^^^
  File "C:\Users\HP\OneDrive\Documents\essetech\hotelapp\Hotel-website-Django\.venv\Lib\site-packages\django\template\base.py", line 969, in render_annotated
    return self.render(context)
           ~~~~~~~~~~~^^^^^^^^^
  File "C:\Users\HP\OneDrive\Documents\essetech\hotelapp\Hotel-website-Django\.venv\Lib\site-packages\django\template\loader_tags.py", line 65, in render
    result = block.nodelist.render(context)
  File "C:\Users\HP\OneDrive\Documents\essetech\hotelapp\Hotel-website-Django\.venv\Lib\site-packages\django\template\base.py", line 1008, in render
    return SafeString("".join([node.render_annotated(context) for node in self]))
                               ~~~~~~~~~~~~~~~~~~~~~^^^^^^^^^
  File "C:\Users\HP\OneDrive\Documents\essetech\hotelapp\Hotel-website-Django\.venv\Lib\site-packages\django\template\base.py", line 969, in render_annotated
    return self.render(context)
           ~~~~~~~~~~~^^^^^^^^^
  File "C:\Users\HP\OneDrive\Documents\essetech\hotelapp\Hotel-website-Django\.venv\Lib\site-packages\django\template\defaulttags.py", line 199, in render
    len_values = len(values)
  File "C:\Users\HP\OneDrive\Documents\essetech\hotelapp\Hotel-website-Django\.venv\Lib\site-packages\django\core\paginator.py", line 191, in __len__
    return len(self.object_list)
  File "C:\Users\HP\OneDrive\Documents\essetech\hotelapp\Hotel-website-Django\.venv\Lib\site-packages\django\db\models\query.py", line 382, in __len__
    self._fetch_all()
    ~~~~~~~~~~~~~~~^^
  File "C:\Users\HP\OneDrive\Documents\essetech\hotelapp\Hotel-website-Django\.venv\Lib\site-packages\django\db\models\query.py", line 1930, in _fetch_all
    self._prefetch_related_objects()
    ~~~~~~~~~~~~~~~~~~~~~~~~~~~~~~^^
  File "C:\Users\HP\OneDrive\Documents\essetech\hotelapp\Hotel-website-Django\.venv\Lib\site-packages\django\db\models\query.py", line 1320, in _prefetch_related_objects
    prefetch_related_objects(self._result_cache, *self._prefetch_related_lookups)
    ~~~~~~~~~~~~~~~~~~~~~~~~^^^^^^^^^^^^^^^^^^^^^^^^^^^^^^^^^^^^^^^^^^^^^^^^^^^^^
  File "C:\Users\HP\OneDrive\Documents\essetech\hotelapp\Hotel-website-Django\.venv\Lib\site-packages\django\db\models\query.py", line 2355, in prefetch_related_objects
    raise AttributeError(
    ...<7 lines>...
    )
AttributeError: Cannot find 'staff_set' on CustomUser object, 'staff_set' is an invalid parameter to prefetch_related()
ERROR 2025-10-15 10:11:46,436 basehttp 5020 20232 "GET /staff/user-management HTTP/1.1" 500 199277
ERROR 2025-10-15 10:12:10,061 log 5020 25096 Internal Server Error: /staff/user-management
Traceback (most recent call last):
  File "C:\Users\HP\OneDrive\Documents\essetech\hotelapp\Hotel-website-Django\.venv\Lib\site-packages\django\core\handlers\exception.py", line 55, in inner
    response = get_response(request)
  File "C:\Users\HP\OneDrive\Documents\essetech\hotelapp\Hotel-website-Django\.venv\Lib\site-packages\django\core\handlers\base.py", line 197, in _get_response
    response = wrapped_callback(request, *callback_args, **callback_kwargs)
  File "C:\Users\HP\OneDrive\Documents\essetech\hotelapp\Hotel-website-Django\.venv\Lib\site-packages\django\contrib\auth\decorators.py", line 60, in _view_wrapper
    return view_func(request, *args, **kwargs)
  File "C:\Users\HP\OneDrive\Documents\essetech\hotelapp\Hotel-website-Django\hotelapp\account\views.py", line 33, in wrapper
    return view_func(request, *args, **kwargs)
  File "C:\Users\HP\OneDrive\Documents\essetech\hotelapp\Hotel-website-Django\hotelapp\account\views.py", line 732, in user_management
    return render(request, "staff/dashboard/user_management.html",context)
  File "C:\Users\HP\OneDrive\Documents\essetech\hotelapp\Hotel-website-Django\.venv\Lib\site-packages\django\shortcuts.py", line 25, in render
    content = loader.render_to_string(template_name, context, request, using=using)
  File "C:\Users\HP\OneDrive\Documents\essetech\hotelapp\Hotel-website-Django\.venv\Lib\site-packages\django\template\loader.py", line 62, in render_to_string
    return template.render(context, request)
           ~~~~~~~~~~~~~~~^^^^^^^^^^^^^^^^^^
  File "C:\Users\HP\OneDrive\Documents\essetech\hotelapp\Hotel-website-Django\.venv\Lib\site-packages\django\template\backends\django.py", line 107, in render
    return self.template.render(context)
           ~~~~~~~~~~~~~~~~~~~~^^^^^^^^^
  File "C:\Users\HP\OneDrive\Documents\essetech\hotelapp\Hotel-website-Django\.venv\Lib\site-packages\django\template\base.py", line 171, in render
    return self._render(context)
           ~~~~~~~~~~~~^^^^^^^^^
  File "C:\Users\HP\OneDrive\Documents\essetech\hotelapp\Hotel-website-Django\.venv\Lib\site-packages\django\template\base.py", line 163, in _render
    return self.nodelist.render(context)
           ~~~~~~~~~~~~~~~~~~~~^^^^^^^^^
  File "C:\Users\HP\OneDrive\Documents\essetech\hotelapp\Hotel-website-Django\.venv\Lib\site-packages\django\template\base.py", line 1008, in render
    return SafeString("".join([node.render_annotated(context) for node in self]))
                               ~~~~~~~~~~~~~~~~~~~~~^^^^^^^^^
  File "C:\Users\HP\OneDrive\Documents\essetech\hotelapp\Hotel-website-Django\.venv\Lib\site-packages\django\template\base.py", line 969, in render_annotated
    return self.render(context)
           ~~~~~~~~~~~^^^^^^^^^
  File "C:\Users\HP\OneDrive\Documents\essetech\hotelapp\Hotel-website-Django\.venv\Lib\site-packages\django\template\loader_tags.py", line 159, in render
    return compiled_parent._render(context)
           ~~~~~~~~~~~~~~~~~~~~~~~^^^^^^^^^
  File "C:\Users\HP\OneDrive\Documents\essetech\hotelapp\Hotel-website-Django\.venv\Lib\site-packages\django\template\base.py", line 163, in _render
    return self.nodelist.render(context)
           ~~~~~~~~~~~~~~~~~~~~^^^^^^^^^
  File "C:\Users\HP\OneDrive\Documents\essetech\hotelapp\Hotel-website-Django\.venv\Lib\site-packages\django\template\base.py", line 1008, in render
    return SafeString("".join([node.render_annotated(context) for node in self]))
                               ~~~~~~~~~~~~~~~~~~~~~^^^^^^^^^
  File "C:\Users\HP\OneDrive\Documents\essetech\hotelapp\Hotel-website-Django\.venv\Lib\site-packages\django\template\base.py", line 969, in render_annotated
    return self.render(context)
           ~~~~~~~~~~~^^^^^^^^^
  File "C:\Users\HP\OneDrive\Documents\essetech\hotelapp\Hotel-website-Django\.venv\Lib\site-packages\django\template\loader_tags.py", line 65, in render
    result = block.nodelist.render(context)
  File "C:\Users\HP\OneDrive\Documents\essetech\hotelapp\Hotel-website-Django\.venv\Lib\site-packages\django\template\base.py", line 1008, in render
    return SafeString("".join([node.render_annotated(context) for node in self]))
                               ~~~~~~~~~~~~~~~~~~~~~^^^^^^^^^
  File "C:\Users\HP\OneDrive\Documents\essetech\hotelapp\Hotel-website-Django\.venv\Lib\site-packages\django\template\base.py", line 969, in render_annotated
    return self.render(context)
           ~~~~~~~~~~~^^^^^^^^^
  File "C:\Users\HP\OneDrive\Documents\essetech\hotelapp\Hotel-website-Django\.venv\Lib\site-packages\django\template\defaulttags.py", line 199, in render
    len_values = len(values)
  File "C:\Users\HP\OneDrive\Documents\essetech\hotelapp\Hotel-website-Django\.venv\Lib\site-packages\django\core\paginator.py", line 191, in __len__
    return len(self.object_list)
  File "C:\Users\HP\OneDrive\Documents\essetech\hotelapp\Hotel-website-Django\.venv\Lib\site-packages\django\db\models\query.py", line 382, in __len__
    self._fetch_all()
    ~~~~~~~~~~~~~~~^^
  File "C:\Users\HP\OneDrive\Documents\essetech\hotelapp\Hotel-website-Django\.venv\Lib\site-packages\django\db\models\query.py", line 1930, in _fetch_all
    self._prefetch_related_objects()
    ~~~~~~~~~~~~~~~~~~~~~~~~~~~~~~^^
  File "C:\Users\HP\OneDrive\Documents\essetech\hotelapp\Hotel-website-Django\.venv\Lib\site-packages\django\db\models\query.py", line 1320, in _prefetch_related_objects
    prefetch_related_objects(self._result_cache, *self._prefetch_related_lookups)
    ~~~~~~~~~~~~~~~~~~~~~~~~^^^^^^^^^^^^^^^^^^^^^^^^^^^^^^^^^^^^^^^^^^^^^^^^^^^^^
  File "C:\Users\HP\OneDrive\Documents\essetech\hotelapp\Hotel-website-Django\.venv\Lib\site-packages\django\db\models\query.py", line 2355, in prefetch_related_objects
    raise AttributeError(
    ...<7 lines>...
    )
AttributeError: Cannot find 'staff_set' on CustomUser object, 'staff_set' is an invalid parameter to prefetch_related()
ERROR 2025-10-15 10:12:10,074 basehttp 5020 25096 "GET /staff/user-management HTTP/1.1" 500 199277
ERROR 2025-10-15 10:13:05,542 log 5020 3820 Internal Server Error: /staff/user-management
Traceback (most recent call last):
  File "C:\Users\HP\OneDrive\Documents\essetech\hotelapp\Hotel-website-Django\.venv\Lib\site-packages\django\core\handlers\exception.py", line 55, in inner
    response = get_response(request)
  File "C:\Users\HP\OneDrive\Documents\essetech\hotelapp\Hotel-website-Django\.venv\Lib\site-packages\django\core\handlers\base.py", line 197, in _get_response
    response = wrapped_callback(request, *callback_args, **callback_kwargs)
  File "C:\Users\HP\OneDrive\Documents\essetech\hotelapp\Hotel-website-Django\.venv\Lib\site-packages\django\contrib\auth\decorators.py", line 60, in _view_wrapper
    return view_func(request, *args, **kwargs)
  File "C:\Users\HP\OneDrive\Documents\essetech\hotelapp\Hotel-website-Django\hotelapp\account\views.py", line 33, in wrapper
    return view_func(request, *args, **kwargs)
  File "C:\Users\HP\OneDrive\Documents\essetech\hotelapp\Hotel-website-Django\hotelapp\account\views.py", line 732, in user_management
    return render(request, "staff/dashboard/user_management.html",context)
  File "C:\Users\HP\OneDrive\Documents\essetech\hotelapp\Hotel-website-Django\.venv\Lib\site-packages\django\shortcuts.py", line 25, in render
    content = loader.render_to_string(template_name, context, request, using=using)
  File "C:\Users\HP\OneDrive\Documents\essetech\hotelapp\Hotel-website-Django\.venv\Lib\site-packages\django\template\loader.py", line 62, in render_to_string
    return template.render(context, request)
           ~~~~~~~~~~~~~~~^^^^^^^^^^^^^^^^^^
  File "C:\Users\HP\OneDrive\Documents\essetech\hotelapp\Hotel-website-Django\.venv\Lib\site-packages\django\template\backends\django.py", line 107, in render
    return self.template.render(context)
           ~~~~~~~~~~~~~~~~~~~~^^^^^^^^^
  File "C:\Users\HP\OneDrive\Documents\essetech\hotelapp\Hotel-website-Django\.venv\Lib\site-packages\django\template\base.py", line 171, in render
    return self._render(context)
           ~~~~~~~~~~~~^^^^^^^^^
  File "C:\Users\HP\OneDrive\Documents\essetech\hotelapp\Hotel-website-Django\.venv\Lib\site-packages\django\template\base.py", line 163, in _render
    return self.nodelist.render(context)
           ~~~~~~~~~~~~~~~~~~~~^^^^^^^^^
  File "C:\Users\HP\OneDrive\Documents\essetech\hotelapp\Hotel-website-Django\.venv\Lib\site-packages\django\template\base.py", line 1008, in render
    return SafeString("".join([node.render_annotated(context) for node in self]))
                               ~~~~~~~~~~~~~~~~~~~~~^^^^^^^^^
  File "C:\Users\HP\OneDrive\Documents\essetech\hotelapp\Hotel-website-Django\.venv\Lib\site-packages\django\template\base.py", line 969, in render_annotated
    return self.render(context)
           ~~~~~~~~~~~^^^^^^^^^
  File "C:\Users\HP\OneDrive\Documents\essetech\hotelapp\Hotel-website-Django\.venv\Lib\site-packages\django\template\loader_tags.py", line 159, in render
    return compiled_parent._render(context)
           ~~~~~~~~~~~~~~~~~~~~~~~^^^^^^^^^
  File "C:\Users\HP\OneDrive\Documents\essetech\hotelapp\Hotel-website-Django\.venv\Lib\site-packages\django\template\base.py", line 163, in _render
    return self.nodelist.render(context)
           ~~~~~~~~~~~~~~~~~~~~^^^^^^^^^
  File "C:\Users\HP\OneDrive\Documents\essetech\hotelapp\Hotel-website-Django\.venv\Lib\site-packages\django\template\base.py", line 1008, in render
    return SafeString("".join([node.render_annotated(context) for node in self]))
                               ~~~~~~~~~~~~~~~~~~~~~^^^^^^^^^
  File "C:\Users\HP\OneDrive\Documents\essetech\hotelapp\Hotel-website-Django\.venv\Lib\site-packages\django\template\base.py", line 969, in render_annotated
    return self.render(context)
           ~~~~~~~~~~~^^^^^^^^^
  File "C:\Users\HP\OneDrive\Documents\essetech\hotelapp\Hotel-website-Django\.venv\Lib\site-packages\django\template\loader_tags.py", line 65, in render
    result = block.nodelist.render(context)
  File "C:\Users\HP\OneDrive\Documents\essetech\hotelapp\Hotel-website-Django\.venv\Lib\site-packages\django\template\base.py", line 1008, in render
    return SafeString("".join([node.render_annotated(context) for node in self]))
                               ~~~~~~~~~~~~~~~~~~~~~^^^^^^^^^
  File "C:\Users\HP\OneDrive\Documents\essetech\hotelapp\Hotel-website-Django\.venv\Lib\site-packages\django\template\base.py", line 969, in render_annotated
    return self.render(context)
           ~~~~~~~~~~~^^^^^^^^^
  File "C:\Users\HP\OneDrive\Documents\essetech\hotelapp\Hotel-website-Django\.venv\Lib\site-packages\django\template\defaulttags.py", line 199, in render
    len_values = len(values)
  File "C:\Users\HP\OneDrive\Documents\essetech\hotelapp\Hotel-website-Django\.venv\Lib\site-packages\django\core\paginator.py", line 191, in __len__
    return len(self.object_list)
  File "C:\Users\HP\OneDrive\Documents\essetech\hotelapp\Hotel-website-Django\.venv\Lib\site-packages\django\db\models\query.py", line 382, in __len__
    self._fetch_all()
    ~~~~~~~~~~~~~~~^^
  File "C:\Users\HP\OneDrive\Documents\essetech\hotelapp\Hotel-website-Django\.venv\Lib\site-packages\django\db\models\query.py", line 1930, in _fetch_all
    self._prefetch_related_objects()
    ~~~~~~~~~~~~~~~~~~~~~~~~~~~~~~^^
  File "C:\Users\HP\OneDrive\Documents\essetech\hotelapp\Hotel-website-Django\.venv\Lib\site-packages\django\db\models\query.py", line 1320, in _prefetch_related_objects
    prefetch_related_objects(self._result_cache, *self._prefetch_related_lookups)
    ~~~~~~~~~~~~~~~~~~~~~~~~^^^^^^^^^^^^^^^^^^^^^^^^^^^^^^^^^^^^^^^^^^^^^^^^^^^^^
  File "C:\Users\HP\OneDrive\Documents\essetech\hotelapp\Hotel-website-Django\.venv\Lib\site-packages\django\db\models\query.py", line 2355, in prefetch_related_objects
    raise AttributeError(
    ...<7 lines>...
    )
AttributeError: Cannot find 'staff_set' on CustomUser object, 'staff_set' is an invalid parameter to prefetch_related()
ERROR 2025-10-15 10:13:05,548 basehttp 5020 3820 "GET /staff/user-management HTTP/1.1" 500 199277
ERROR 2025-10-15 10:13:17,644 log 5020 21152 Internal Server Error: /staff/user-management
Traceback (most recent call last):
  File "C:\Users\HP\OneDrive\Documents\essetech\hotelapp\Hotel-website-Django\.venv\Lib\site-packages\django\core\handlers\exception.py", line 55, in inner
    response = get_response(request)
  File "C:\Users\HP\OneDrive\Documents\essetech\hotelapp\Hotel-website-Django\.venv\Lib\site-packages\django\core\handlers\base.py", line 197, in _get_response
    response = wrapped_callback(request, *callback_args, **callback_kwargs)
  File "C:\Users\HP\OneDrive\Documents\essetech\hotelapp\Hotel-website-Django\.venv\Lib\site-packages\django\contrib\auth\decorators.py", line 60, in _view_wrapper
    return view_func(request, *args, **kwargs)
  File "C:\Users\HP\OneDrive\Documents\essetech\hotelapp\Hotel-website-Django\hotelapp\account\views.py", line 33, in wrapper
    return view_func(request, *args, **kwargs)
  File "C:\Users\HP\OneDrive\Documents\essetech\hotelapp\Hotel-website-Django\hotelapp\account\views.py", line 732, in user_management
    return render(request, "staff/dashboard/user_management.html",context)
  File "C:\Users\HP\OneDrive\Documents\essetech\hotelapp\Hotel-website-Django\.venv\Lib\site-packages\django\shortcuts.py", line 25, in render
    content = loader.render_to_string(template_name, context, request, using=using)
  File "C:\Users\HP\OneDrive\Documents\essetech\hotelapp\Hotel-website-Django\.venv\Lib\site-packages\django\template\loader.py", line 62, in render_to_string
    return template.render(context, request)
           ~~~~~~~~~~~~~~~^^^^^^^^^^^^^^^^^^
  File "C:\Users\HP\OneDrive\Documents\essetech\hotelapp\Hotel-website-Django\.venv\Lib\site-packages\django\template\backends\django.py", line 107, in render
    return self.template.render(context)
           ~~~~~~~~~~~~~~~~~~~~^^^^^^^^^
  File "C:\Users\HP\OneDrive\Documents\essetech\hotelapp\Hotel-website-Django\.venv\Lib\site-packages\django\template\base.py", line 171, in render
    return self._render(context)
           ~~~~~~~~~~~~^^^^^^^^^
  File "C:\Users\HP\OneDrive\Documents\essetech\hotelapp\Hotel-website-Django\.venv\Lib\site-packages\django\template\base.py", line 163, in _render
    return self.nodelist.render(context)
           ~~~~~~~~~~~~~~~~~~~~^^^^^^^^^
  File "C:\Users\HP\OneDrive\Documents\essetech\hotelapp\Hotel-website-Django\.venv\Lib\site-packages\django\template\base.py", line 1008, in render
    return SafeString("".join([node.render_annotated(context) for node in self]))
                               ~~~~~~~~~~~~~~~~~~~~~^^^^^^^^^
  File "C:\Users\HP\OneDrive\Documents\essetech\hotelapp\Hotel-website-Django\.venv\Lib\site-packages\django\template\base.py", line 969, in render_annotated
    return self.render(context)
           ~~~~~~~~~~~^^^^^^^^^
  File "C:\Users\HP\OneDrive\Documents\essetech\hotelapp\Hotel-website-Django\.venv\Lib\site-packages\django\template\loader_tags.py", line 159, in render
    return compiled_parent._render(context)
           ~~~~~~~~~~~~~~~~~~~~~~~^^^^^^^^^
  File "C:\Users\HP\OneDrive\Documents\essetech\hotelapp\Hotel-website-Django\.venv\Lib\site-packages\django\template\base.py", line 163, in _render
    return self.nodelist.render(context)
           ~~~~~~~~~~~~~~~~~~~~^^^^^^^^^
  File "C:\Users\HP\OneDrive\Documents\essetech\hotelapp\Hotel-website-Django\.venv\Lib\site-packages\django\template\base.py", line 1008, in render
    return SafeString("".join([node.render_annotated(context) for node in self]))
                               ~~~~~~~~~~~~~~~~~~~~~^^^^^^^^^
  File "C:\Users\HP\OneDrive\Documents\essetech\hotelapp\Hotel-website-Django\.venv\Lib\site-packages\django\template\base.py", line 969, in render_annotated
    return self.render(context)
           ~~~~~~~~~~~^^^^^^^^^
  File "C:\Users\HP\OneDrive\Documents\essetech\hotelapp\Hotel-website-Django\.venv\Lib\site-packages\django\template\loader_tags.py", line 65, in render
    result = block.nodelist.render(context)
  File "C:\Users\HP\OneDrive\Documents\essetech\hotelapp\Hotel-website-Django\.venv\Lib\site-packages\django\template\base.py", line 1008, in render
    return SafeString("".join([node.render_annotated(context) for node in self]))
                               ~~~~~~~~~~~~~~~~~~~~~^^^^^^^^^
  File "C:\Users\HP\OneDrive\Documents\essetech\hotelapp\Hotel-website-Django\.venv\Lib\site-packages\django\template\base.py", line 969, in render_annotated
    return self.render(context)
           ~~~~~~~~~~~^^^^^^^^^
  File "C:\Users\HP\OneDrive\Documents\essetech\hotelapp\Hotel-website-Django\.venv\Lib\site-packages\django\template\defaulttags.py", line 199, in render
    len_values = len(values)
  File "C:\Users\HP\OneDrive\Documents\essetech\hotelapp\Hotel-website-Django\.venv\Lib\site-packages\django\core\paginator.py", line 191, in __len__
    return len(self.object_list)
  File "C:\Users\HP\OneDrive\Documents\essetech\hotelapp\Hotel-website-Django\.venv\Lib\site-packages\django\db\models\query.py", line 382, in __len__
    self._fetch_all()
    ~~~~~~~~~~~~~~~^^
  File "C:\Users\HP\OneDrive\Documents\essetech\hotelapp\Hotel-website-Django\.venv\Lib\site-packages\django\db\models\query.py", line 1930, in _fetch_all
    self._prefetch_related_objects()
    ~~~~~~~~~~~~~~~~~~~~~~~~~~~~~~^^
  File "C:\Users\HP\OneDrive\Documents\essetech\hotelapp\Hotel-website-Django\.venv\Lib\site-packages\django\db\models\query.py", line 1320, in _prefetch_related_objects
    prefetch_related_objects(self._result_cache, *self._prefetch_related_lookups)
    ~~~~~~~~~~~~~~~~~~~~~~~~^^^^^^^^^^^^^^^^^^^^^^^^^^^^^^^^^^^^^^^^^^^^^^^^^^^^^
  File "C:\Users\HP\OneDrive\Documents\essetech\hotelapp\Hotel-website-Django\.venv\Lib\site-packages\django\db\models\query.py", line 2355, in prefetch_related_objects
    raise AttributeError(
    ...<7 lines>...
    )
AttributeError: Cannot find 'staff_set' on CustomUser object, 'staff_set' is an invalid parameter to prefetch_related()
ERROR 2025-10-15 10:13:17,656 basehttp 5020 21152 "GET /staff/user-management HTTP/1.1" 500 199277
ERROR 2025-10-15 10:13:18,711 log 5020 16904 Internal Server Error: /staff/user-management
Traceback (most recent call last):
  File "C:\Users\HP\OneDrive\Documents\essetech\hotelapp\Hotel-website-Django\.venv\Lib\site-packages\django\core\handlers\exception.py", line 55, in inner
    response = get_response(request)
  File "C:\Users\HP\OneDrive\Documents\essetech\hotelapp\Hotel-website-Django\.venv\Lib\site-packages\django\core\handlers\base.py", line 197, in _get_response
    response = wrapped_callback(request, *callback_args, **callback_kwargs)
  File "C:\Users\HP\OneDrive\Documents\essetech\hotelapp\Hotel-website-Django\.venv\Lib\site-packages\django\contrib\auth\decorators.py", line 60, in _view_wrapper
    return view_func(request, *args, **kwargs)
  File "C:\Users\HP\OneDrive\Documents\essetech\hotelapp\Hotel-website-Django\hotelapp\account\views.py", line 33, in wrapper
    return view_func(request, *args, **kwargs)
  File "C:\Users\HP\OneDrive\Documents\essetech\hotelapp\Hotel-website-Django\hotelapp\account\views.py", line 732, in user_management
    return render(request, "staff/dashboard/user_management.html",context)
  File "C:\Users\HP\OneDrive\Documents\essetech\hotelapp\Hotel-website-Django\.venv\Lib\site-packages\django\shortcuts.py", line 25, in render
    content = loader.render_to_string(template_name, context, request, using=using)
  File "C:\Users\HP\OneDrive\Documents\essetech\hotelapp\Hotel-website-Django\.venv\Lib\site-packages\django\template\loader.py", line 62, in render_to_string
    return template.render(context, request)
           ~~~~~~~~~~~~~~~^^^^^^^^^^^^^^^^^^
  File "C:\Users\HP\OneDrive\Documents\essetech\hotelapp\Hotel-website-Django\.venv\Lib\site-packages\django\template\backends\django.py", line 107, in render
    return self.template.render(context)
           ~~~~~~~~~~~~~~~~~~~~^^^^^^^^^
  File "C:\Users\HP\OneDrive\Documents\essetech\hotelapp\Hotel-website-Django\.venv\Lib\site-packages\django\template\base.py", line 171, in render
    return self._render(context)
           ~~~~~~~~~~~~^^^^^^^^^
  File "C:\Users\HP\OneDrive\Documents\essetech\hotelapp\Hotel-website-Django\.venv\Lib\site-packages\django\template\base.py", line 163, in _render
    return self.nodelist.render(context)
           ~~~~~~~~~~~~~~~~~~~~^^^^^^^^^
  File "C:\Users\HP\OneDrive\Documents\essetech\hotelapp\Hotel-website-Django\.venv\Lib\site-packages\django\template\base.py", line 1008, in render
    return SafeString("".join([node.render_annotated(context) for node in self]))
                               ~~~~~~~~~~~~~~~~~~~~~^^^^^^^^^
  File "C:\Users\HP\OneDrive\Documents\essetech\hotelapp\Hotel-website-Django\.venv\Lib\site-packages\django\template\base.py", line 969, in render_annotated
    return self.render(context)
           ~~~~~~~~~~~^^^^^^^^^
  File "C:\Users\HP\OneDrive\Documents\essetech\hotelapp\Hotel-website-Django\.venv\Lib\site-packages\django\template\loader_tags.py", line 159, in render
    return compiled_parent._render(context)
           ~~~~~~~~~~~~~~~~~~~~~~~^^^^^^^^^
  File "C:\Users\HP\OneDrive\Documents\essetech\hotelapp\Hotel-website-Django\.venv\Lib\site-packages\django\template\base.py", line 163, in _render
    return self.nodelist.render(context)
           ~~~~~~~~~~~~~~~~~~~~^^^^^^^^^
  File "C:\Users\HP\OneDrive\Documents\essetech\hotelapp\Hotel-website-Django\.venv\Lib\site-packages\django\template\base.py", line 1008, in render
    return SafeString("".join([node.render_annotated(context) for node in self]))
                               ~~~~~~~~~~~~~~~~~~~~~^^^^^^^^^
  File "C:\Users\HP\OneDrive\Documents\essetech\hotelapp\Hotel-website-Django\.venv\Lib\site-packages\django\template\base.py", line 969, in render_annotated
    return self.render(context)
           ~~~~~~~~~~~^^^^^^^^^
  File "C:\Users\HP\OneDrive\Documents\essetech\hotelapp\Hotel-website-Django\.venv\Lib\site-packages\django\template\loader_tags.py", line 65, in render
    result = block.nodelist.render(context)
  File "C:\Users\HP\OneDrive\Documents\essetech\hotelapp\Hotel-website-Django\.venv\Lib\site-packages\django\template\base.py", line 1008, in render
    return SafeString("".join([node.render_annotated(context) for node in self]))
                               ~~~~~~~~~~~~~~~~~~~~~^^^^^^^^^
  File "C:\Users\HP\OneDrive\Documents\essetech\hotelapp\Hotel-website-Django\.venv\Lib\site-packages\django\template\base.py", line 969, in render_annotated
    return self.render(context)
           ~~~~~~~~~~~^^^^^^^^^
  File "C:\Users\HP\OneDrive\Documents\essetech\hotelapp\Hotel-website-Django\.venv\Lib\site-packages\django\template\defaulttags.py", line 199, in render
    len_values = len(values)
  File "C:\Users\HP\OneDrive\Documents\essetech\hotelapp\Hotel-website-Django\.venv\Lib\site-packages\django\core\paginator.py", line 191, in __len__
    return len(self.object_list)
  File "C:\Users\HP\OneDrive\Documents\essetech\hotelapp\Hotel-website-Django\.venv\Lib\site-packages\django\db\models\query.py", line 382, in __len__
    self._fetch_all()
    ~~~~~~~~~~~~~~~^^
  File "C:\Users\HP\OneDrive\Documents\essetech\hotelapp\Hotel-website-Django\.venv\Lib\site-packages\django\db\models\query.py", line 1930, in _fetch_all
    self._prefetch_related_objects()
    ~~~~~~~~~~~~~~~~~~~~~~~~~~~~~~^^
  File "C:\Users\HP\OneDrive\Documents\essetech\hotelapp\Hotel-website-Django\.venv\Lib\site-packages\django\db\models\query.py", line 1320, in _prefetch_related_objects
    prefetch_related_objects(self._result_cache, *self._prefetch_related_lookups)
    ~~~~~~~~~~~~~~~~~~~~~~~~^^^^^^^^^^^^^^^^^^^^^^^^^^^^^^^^^^^^^^^^^^^^^^^^^^^^^
  File "C:\Users\HP\OneDrive\Documents\essetech\hotelapp\Hotel-website-Django\.venv\Lib\site-packages\django\db\models\query.py", line 2355, in prefetch_related_objects
    raise AttributeError(
    ...<7 lines>...
    )
AttributeError: Cannot find 'staff_set' on CustomUser object, 'staff_set' is an invalid parameter to prefetch_related()
ERROR 2025-10-15 10:13:18,719 basehttp 5020 16904 "GET /staff/user-management HTTP/1.1" 500 199277
ERROR 2025-10-15 10:13:20,867 log 5020 15056 Internal Server Error: /staff/user-management
Traceback (most recent call last):
  File "C:\Users\HP\OneDrive\Documents\essetech\hotelapp\Hotel-website-Django\.venv\Lib\site-packages\django\core\handlers\exception.py", line 55, in inner
    response = get_response(request)
  File "C:\Users\HP\OneDrive\Documents\essetech\hotelapp\Hotel-website-Django\.venv\Lib\site-packages\django\core\handlers\base.py", line 197, in _get_response
    response = wrapped_callback(request, *callback_args, **callback_kwargs)
  File "C:\Users\HP\OneDrive\Documents\essetech\hotelapp\Hotel-website-Django\.venv\Lib\site-packages\django\contrib\auth\decorators.py", line 60, in _view_wrapper
    return view_func(request, *args, **kwargs)
  File "C:\Users\HP\OneDrive\Documents\essetech\hotelapp\Hotel-website-Django\hotelapp\account\views.py", line 33, in wrapper
    return view_func(request, *args, **kwargs)
  File "C:\Users\HP\OneDrive\Documents\essetech\hotelapp\Hotel-website-Django\hotelapp\account\views.py", line 732, in user_management
    return render(request, "staff/dashboard/user_management.html",context)
  File "C:\Users\HP\OneDrive\Documents\essetech\hotelapp\Hotel-website-Django\.venv\Lib\site-packages\django\shortcuts.py", line 25, in render
    content = loader.render_to_string(template_name, context, request, using=using)
  File "C:\Users\HP\OneDrive\Documents\essetech\hotelapp\Hotel-website-Django\.venv\Lib\site-packages\django\template\loader.py", line 62, in render_to_string
    return template.render(context, request)
           ~~~~~~~~~~~~~~~^^^^^^^^^^^^^^^^^^
  File "C:\Users\HP\OneDrive\Documents\essetech\hotelapp\Hotel-website-Django\.venv\Lib\site-packages\django\template\backends\django.py", line 107, in render
    return self.template.render(context)
           ~~~~~~~~~~~~~~~~~~~~^^^^^^^^^
  File "C:\Users\HP\OneDrive\Documents\essetech\hotelapp\Hotel-website-Django\.venv\Lib\site-packages\django\template\base.py", line 171, in render
    return self._render(context)
           ~~~~~~~~~~~~^^^^^^^^^
  File "C:\Users\HP\OneDrive\Documents\essetech\hotelapp\Hotel-website-Django\.venv\Lib\site-packages\django\template\base.py", line 163, in _render
    return self.nodelist.render(context)
           ~~~~~~~~~~~~~~~~~~~~^^^^^^^^^
  File "C:\Users\HP\OneDrive\Documents\essetech\hotelapp\Hotel-website-Django\.venv\Lib\site-packages\django\template\base.py", line 1008, in render
    return SafeString("".join([node.render_annotated(context) for node in self]))
                               ~~~~~~~~~~~~~~~~~~~~~^^^^^^^^^
  File "C:\Users\HP\OneDrive\Documents\essetech\hotelapp\Hotel-website-Django\.venv\Lib\site-packages\django\template\base.py", line 969, in render_annotated
    return self.render(context)
           ~~~~~~~~~~~^^^^^^^^^
  File "C:\Users\HP\OneDrive\Documents\essetech\hotelapp\Hotel-website-Django\.venv\Lib\site-packages\django\template\loader_tags.py", line 159, in render
    return compiled_parent._render(context)
           ~~~~~~~~~~~~~~~~~~~~~~~^^^^^^^^^
  File "C:\Users\HP\OneDrive\Documents\essetech\hotelapp\Hotel-website-Django\.venv\Lib\site-packages\django\template\base.py", line 163, in _render
    return self.nodelist.render(context)
           ~~~~~~~~~~~~~~~~~~~~^^^^^^^^^
  File "C:\Users\HP\OneDrive\Documents\essetech\hotelapp\Hotel-website-Django\.venv\Lib\site-packages\django\template\base.py", line 1008, in render
    return SafeString("".join([node.render_annotated(context) for node in self]))
                               ~~~~~~~~~~~~~~~~~~~~~^^^^^^^^^
  File "C:\Users\HP\OneDrive\Documents\essetech\hotelapp\Hotel-website-Django\.venv\Lib\site-packages\django\template\base.py", line 969, in render_annotated
    return self.render(context)
           ~~~~~~~~~~~^^^^^^^^^
  File "C:\Users\HP\OneDrive\Documents\essetech\hotelapp\Hotel-website-Django\.venv\Lib\site-packages\django\template\loader_tags.py", line 65, in render
    result = block.nodelist.render(context)
  File "C:\Users\HP\OneDrive\Documents\essetech\hotelapp\Hotel-website-Django\.venv\Lib\site-packages\django\template\base.py", line 1008, in render
    return SafeString("".join([node.render_annotated(context) for node in self]))
                               ~~~~~~~~~~~~~~~~~~~~~^^^^^^^^^
  File "C:\Users\HP\OneDrive\Documents\essetech\hotelapp\Hotel-website-Django\.venv\Lib\site-packages\django\template\base.py", line 969, in render_annotated
    return self.render(context)
           ~~~~~~~~~~~^^^^^^^^^
  File "C:\Users\HP\OneDrive\Documents\essetech\hotelapp\Hotel-website-Django\.venv\Lib\site-packages\django\template\defaulttags.py", line 199, in render
    len_values = len(values)
  File "C:\Users\HP\OneDrive\Documents\essetech\hotelapp\Hotel-website-Django\.venv\Lib\site-packages\django\core\paginator.py", line 191, in __len__
    return len(self.object_list)
  File "C:\Users\HP\OneDrive\Documents\essetech\hotelapp\Hotel-website-Django\.venv\Lib\site-packages\django\db\models\query.py", line 382, in __len__
    self._fetch_all()
    ~~~~~~~~~~~~~~~^^
  File "C:\Users\HP\OneDrive\Documents\essetech\hotelapp\Hotel-website-Django\.venv\Lib\site-packages\django\db\models\query.py", line 1930, in _fetch_all
    self._prefetch_related_objects()
    ~~~~~~~~~~~~~~~~~~~~~~~~~~~~~~^^
  File "C:\Users\HP\OneDrive\Documents\essetech\hotelapp\Hotel-website-Django\.venv\Lib\site-packages\django\db\models\query.py", line 1320, in _prefetch_related_objects
    prefetch_related_objects(self._result_cache, *self._prefetch_related_lookups)
    ~~~~~~~~~~~~~~~~~~~~~~~~^^^^^^^^^^^^^^^^^^^^^^^^^^^^^^^^^^^^^^^^^^^^^^^^^^^^^
  File "C:\Users\HP\OneDrive\Documents\essetech\hotelapp\Hotel-website-Django\.venv\Lib\site-packages\django\db\models\query.py", line 2355, in prefetch_related_objects
    raise AttributeError(
    ...<7 lines>...
    )
AttributeError: Cannot find 'staff_set' on CustomUser object, 'staff_set' is an invalid parameter to prefetch_related()
ERROR 2025-10-15 10:13:20,873 basehttp 5020 15056 "GET /staff/user-management HTTP/1.1" 500 199277
ERROR 2025-10-15 10:13:21,998 log 5020 9192 Internal Server Error: /staff/user-management
Traceback (most recent call last):
  File "C:\Users\HP\OneDrive\Documents\essetech\hotelapp\Hotel-website-Django\.venv\Lib\site-packages\django\core\handlers\exception.py", line 55, in inner
    response = get_response(request)
  File "C:\Users\HP\OneDrive\Documents\essetech\hotelapp\Hotel-website-Django\.venv\Lib\site-packages\django\core\handlers\base.py", line 197, in _get_response
    response = wrapped_callback(request, *callback_args, **callback_kwargs)
  File "C:\Users\HP\OneDrive\Documents\essetech\hotelapp\Hotel-website-Django\.venv\Lib\site-packages\django\contrib\auth\decorators.py", line 60, in _view_wrapper
    return view_func(request, *args, **kwargs)
  File "C:\Users\HP\OneDrive\Documents\essetech\hotelapp\Hotel-website-Django\hotelapp\account\views.py", line 33, in wrapper
    return view_func(request, *args, **kwargs)
  File "C:\Users\HP\OneDrive\Documents\essetech\hotelapp\Hotel-website-Django\hotelapp\account\views.py", line 732, in user_management
    return render(request, "staff/dashboard/user_management.html",context)
  File "C:\Users\HP\OneDrive\Documents\essetech\hotelapp\Hotel-website-Django\.venv\Lib\site-packages\django\shortcuts.py", line 25, in render
    content = loader.render_to_string(template_name, context, request, using=using)
  File "C:\Users\HP\OneDrive\Documents\essetech\hotelapp\Hotel-website-Django\.venv\Lib\site-packages\django\template\loader.py", line 62, in render_to_string
    return template.render(context, request)
           ~~~~~~~~~~~~~~~^^^^^^^^^^^^^^^^^^
  File "C:\Users\HP\OneDrive\Documents\essetech\hotelapp\Hotel-website-Django\.venv\Lib\site-packages\django\template\backends\django.py", line 107, in render
    return self.template.render(context)
           ~~~~~~~~~~~~~~~~~~~~^^^^^^^^^
  File "C:\Users\HP\OneDrive\Documents\essetech\hotelapp\Hotel-website-Django\.venv\Lib\site-packages\django\template\base.py", line 171, in render
    return self._render(context)
           ~~~~~~~~~~~~^^^^^^^^^
  File "C:\Users\HP\OneDrive\Documents\essetech\hotelapp\Hotel-website-Django\.venv\Lib\site-packages\django\template\base.py", line 163, in _render
    return self.nodelist.render(context)
           ~~~~~~~~~~~~~~~~~~~~^^^^^^^^^
  File "C:\Users\HP\OneDrive\Documents\essetech\hotelapp\Hotel-website-Django\.venv\Lib\site-packages\django\template\base.py", line 1008, in render
    return SafeString("".join([node.render_annotated(context) for node in self]))
                               ~~~~~~~~~~~~~~~~~~~~~^^^^^^^^^
  File "C:\Users\HP\OneDrive\Documents\essetech\hotelapp\Hotel-website-Django\.venv\Lib\site-packages\django\template\base.py", line 969, in render_annotated
    return self.render(context)
           ~~~~~~~~~~~^^^^^^^^^
  File "C:\Users\HP\OneDrive\Documents\essetech\hotelapp\Hotel-website-Django\.venv\Lib\site-packages\django\template\loader_tags.py", line 159, in render
    return compiled_parent._render(context)
           ~~~~~~~~~~~~~~~~~~~~~~~^^^^^^^^^
  File "C:\Users\HP\OneDrive\Documents\essetech\hotelapp\Hotel-website-Django\.venv\Lib\site-packages\django\template\base.py", line 163, in _render
    return self.nodelist.render(context)
           ~~~~~~~~~~~~~~~~~~~~^^^^^^^^^
  File "C:\Users\HP\OneDrive\Documents\essetech\hotelapp\Hotel-website-Django\.venv\Lib\site-packages\django\template\base.py", line 1008, in render
    return SafeString("".join([node.render_annotated(context) for node in self]))
                               ~~~~~~~~~~~~~~~~~~~~~^^^^^^^^^
  File "C:\Users\HP\OneDrive\Documents\essetech\hotelapp\Hotel-website-Django\.venv\Lib\site-packages\django\template\base.py", line 969, in render_annotated
    return self.render(context)
           ~~~~~~~~~~~^^^^^^^^^
  File "C:\Users\HP\OneDrive\Documents\essetech\hotelapp\Hotel-website-Django\.venv\Lib\site-packages\django\template\loader_tags.py", line 65, in render
    result = block.nodelist.render(context)
  File "C:\Users\HP\OneDrive\Documents\essetech\hotelapp\Hotel-website-Django\.venv\Lib\site-packages\django\template\base.py", line 1008, in render
    return SafeString("".join([node.render_annotated(context) for node in self]))
                               ~~~~~~~~~~~~~~~~~~~~~^^^^^^^^^
  File "C:\Users\HP\OneDrive\Documents\essetech\hotelapp\Hotel-website-Django\.venv\Lib\site-packages\django\template\base.py", line 969, in render_annotated
    return self.render(context)
           ~~~~~~~~~~~^^^^^^^^^
  File "C:\Users\HP\OneDrive\Documents\essetech\hotelapp\Hotel-website-Django\.venv\Lib\site-packages\django\template\defaulttags.py", line 199, in render
    len_values = len(values)
  File "C:\Users\HP\OneDrive\Documents\essetech\hotelapp\Hotel-website-Django\.venv\Lib\site-packages\django\core\paginator.py", line 191, in __len__
    return len(self.object_list)
  File "C:\Users\HP\OneDrive\Documents\essetech\hotelapp\Hotel-website-Django\.venv\Lib\site-packages\django\db\models\query.py", line 382, in __len__
    self._fetch_all()
    ~~~~~~~~~~~~~~~^^
  File "C:\Users\HP\OneDrive\Documents\essetech\hotelapp\Hotel-website-Django\.venv\Lib\site-packages\django\db\models\query.py", line 1930, in _fetch_all
    self._prefetch_related_objects()
    ~~~~~~~~~~~~~~~~~~~~~~~~~~~~~~^^
  File "C:\Users\HP\OneDrive\Documents\essetech\hotelapp\Hotel-website-Django\.venv\Lib\site-packages\django\db\models\query.py", line 1320, in _prefetch_related_objects
    prefetch_related_objects(self._result_cache, *self._prefetch_related_lookups)
    ~~~~~~~~~~~~~~~~~~~~~~~~^^^^^^^^^^^^^^^^^^^^^^^^^^^^^^^^^^^^^^^^^^^^^^^^^^^^^
  File "C:\Users\HP\OneDrive\Documents\essetech\hotelapp\Hotel-website-Django\.venv\Lib\site-packages\django\db\models\query.py", line 2355, in prefetch_related_objects
    raise AttributeError(
    ...<7 lines>...
    )
AttributeError: Cannot find 'staff_set' on CustomUser object, 'staff_set' is an invalid parameter to prefetch_related()
ERROR 2025-10-15 10:13:22,006 basehttp 5020 9192 "GET /staff/user-management HTTP/1.1" 500 199277
ERROR 2025-10-15 10:13:44,520 log 5020 14588 Internal Server Error: /staff/user-management
Traceback (most recent call last):
  File "C:\Users\HP\OneDrive\Documents\essetech\hotelapp\Hotel-website-Django\.venv\Lib\site-packages\django\core\handlers\exception.py", line 55, in inner
    response = get_response(request)
  File "C:\Users\HP\OneDrive\Documents\essetech\hotelapp\Hotel-website-Django\.venv\Lib\site-packages\django\core\handlers\base.py", line 197, in _get_response
    response = wrapped_callback(request, *callback_args, **callback_kwargs)
  File "C:\Users\HP\OneDrive\Documents\essetech\hotelapp\Hotel-website-Django\.venv\Lib\site-packages\django\contrib\auth\decorators.py", line 60, in _view_wrapper
    return view_func(request, *args, **kwargs)
  File "C:\Users\HP\OneDrive\Documents\essetech\hotelapp\Hotel-website-Django\hotelapp\account\views.py", line 33, in wrapper
    return view_func(request, *args, **kwargs)
  File "C:\Users\HP\OneDrive\Documents\essetech\hotelapp\Hotel-website-Django\hotelapp\account\views.py", line 732, in user_management
    return render(request, "staff/dashboard/user_management.html",context)
  File "C:\Users\HP\OneDrive\Documents\essetech\hotelapp\Hotel-website-Django\.venv\Lib\site-packages\django\shortcuts.py", line 25, in render
    content = loader.render_to_string(template_name, context, request, using=using)
  File "C:\Users\HP\OneDrive\Documents\essetech\hotelapp\Hotel-website-Django\.venv\Lib\site-packages\django\template\loader.py", line 62, in render_to_string
    return template.render(context, request)
           ~~~~~~~~~~~~~~~^^^^^^^^^^^^^^^^^^
  File "C:\Users\HP\OneDrive\Documents\essetech\hotelapp\Hotel-website-Django\.venv\Lib\site-packages\django\template\backends\django.py", line 107, in render
    return self.template.render(context)
           ~~~~~~~~~~~~~~~~~~~~^^^^^^^^^
  File "C:\Users\HP\OneDrive\Documents\essetech\hotelapp\Hotel-website-Django\.venv\Lib\site-packages\django\template\base.py", line 171, in render
    return self._render(context)
           ~~~~~~~~~~~~^^^^^^^^^
  File "C:\Users\HP\OneDrive\Documents\essetech\hotelapp\Hotel-website-Django\.venv\Lib\site-packages\django\template\base.py", line 163, in _render
    return self.nodelist.render(context)
           ~~~~~~~~~~~~~~~~~~~~^^^^^^^^^
  File "C:\Users\HP\OneDrive\Documents\essetech\hotelapp\Hotel-website-Django\.venv\Lib\site-packages\django\template\base.py", line 1008, in render
    return SafeString("".join([node.render_annotated(context) for node in self]))
                               ~~~~~~~~~~~~~~~~~~~~~^^^^^^^^^
  File "C:\Users\HP\OneDrive\Documents\essetech\hotelapp\Hotel-website-Django\.venv\Lib\site-packages\django\template\base.py", line 969, in render_annotated
    return self.render(context)
           ~~~~~~~~~~~^^^^^^^^^
  File "C:\Users\HP\OneDrive\Documents\essetech\hotelapp\Hotel-website-Django\.venv\Lib\site-packages\django\template\loader_tags.py", line 159, in render
    return compiled_parent._render(context)
           ~~~~~~~~~~~~~~~~~~~~~~~^^^^^^^^^
  File "C:\Users\HP\OneDrive\Documents\essetech\hotelapp\Hotel-website-Django\.venv\Lib\site-packages\django\template\base.py", line 163, in _render
    return self.nodelist.render(context)
           ~~~~~~~~~~~~~~~~~~~~^^^^^^^^^
  File "C:\Users\HP\OneDrive\Documents\essetech\hotelapp\Hotel-website-Django\.venv\Lib\site-packages\django\template\base.py", line 1008, in render
    return SafeString("".join([node.render_annotated(context) for node in self]))
                               ~~~~~~~~~~~~~~~~~~~~~^^^^^^^^^
  File "C:\Users\HP\OneDrive\Documents\essetech\hotelapp\Hotel-website-Django\.venv\Lib\site-packages\django\template\base.py", line 969, in render_annotated
    return self.render(context)
           ~~~~~~~~~~~^^^^^^^^^
  File "C:\Users\HP\OneDrive\Documents\essetech\hotelapp\Hotel-website-Django\.venv\Lib\site-packages\django\template\loader_tags.py", line 65, in render
    result = block.nodelist.render(context)
  File "C:\Users\HP\OneDrive\Documents\essetech\hotelapp\Hotel-website-Django\.venv\Lib\site-packages\django\template\base.py", line 1008, in render
    return SafeString("".join([node.render_annotated(context) for node in self]))
                               ~~~~~~~~~~~~~~~~~~~~~^^^^^^^^^
  File "C:\Users\HP\OneDrive\Documents\essetech\hotelapp\Hotel-website-Django\.venv\Lib\site-packages\django\template\base.py", line 969, in render_annotated
    return self.render(context)
           ~~~~~~~~~~~^^^^^^^^^
  File "C:\Users\HP\OneDrive\Documents\essetech\hotelapp\Hotel-website-Django\.venv\Lib\site-packages\django\template\defaulttags.py", line 199, in render
    len_values = len(values)
  File "C:\Users\HP\OneDrive\Documents\essetech\hotelapp\Hotel-website-Django\.venv\Lib\site-packages\django\core\paginator.py", line 191, in __len__
    return len(self.object_list)
  File "C:\Users\HP\OneDrive\Documents\essetech\hotelapp\Hotel-website-Django\.venv\Lib\site-packages\django\db\models\query.py", line 382, in __len__
    self._fetch_all()
    ~~~~~~~~~~~~~~~^^
  File "C:\Users\HP\OneDrive\Documents\essetech\hotelapp\Hotel-website-Django\.venv\Lib\site-packages\django\db\models\query.py", line 1930, in _fetch_all
    self._prefetch_related_objects()
    ~~~~~~~~~~~~~~~~~~~~~~~~~~~~~~^^
  File "C:\Users\HP\OneDrive\Documents\essetech\hotelapp\Hotel-website-Django\.venv\Lib\site-packages\django\db\models\query.py", line 1320, in _prefetch_related_objects
    prefetch_related_objects(self._result_cache, *self._prefetch_related_lookups)
    ~~~~~~~~~~~~~~~~~~~~~~~~^^^^^^^^^^^^^^^^^^^^^^^^^^^^^^^^^^^^^^^^^^^^^^^^^^^^^
  File "C:\Users\HP\OneDrive\Documents\essetech\hotelapp\Hotel-website-Django\.venv\Lib\site-packages\django\db\models\query.py", line 2355, in prefetch_related_objects
    raise AttributeError(
    ...<7 lines>...
    )
AttributeError: Cannot find 'staff_set' on CustomUser object, 'staff_set' is an invalid parameter to prefetch_related()
ERROR 2025-10-15 10:13:44,526 basehttp 5020 14588 "GET /staff/user-management HTTP/1.1" 500 199277
ERROR 2025-10-15 10:14:08,017 log 5020 20780 Internal Server Error: /staff/user-management
Traceback (most recent call last):
  File "C:\Users\HP\OneDrive\Documents\essetech\hotelapp\Hotel-website-Django\.venv\Lib\site-packages\django\core\handlers\exception.py", line 55, in inner
    response = get_response(request)
  File "C:\Users\HP\OneDrive\Documents\essetech\hotelapp\Hotel-website-Django\.venv\Lib\site-packages\django\core\handlers\base.py", line 197, in _get_response
    response = wrapped_callback(request, *callback_args, **callback_kwargs)
  File "C:\Users\HP\OneDrive\Documents\essetech\hotelapp\Hotel-website-Django\.venv\Lib\site-packages\django\contrib\auth\decorators.py", line 60, in _view_wrapper
    return view_func(request, *args, **kwargs)
  File "C:\Users\HP\OneDrive\Documents\essetech\hotelapp\Hotel-website-Django\hotelapp\account\views.py", line 33, in wrapper
    return view_func(request, *args, **kwargs)
  File "C:\Users\HP\OneDrive\Documents\essetech\hotelapp\Hotel-website-Django\hotelapp\account\views.py", line 732, in user_management
    return render(request, "staff/dashboard/user_management.html",context)
  File "C:\Users\HP\OneDrive\Documents\essetech\hotelapp\Hotel-website-Django\.venv\Lib\site-packages\django\shortcuts.py", line 25, in render
    content = loader.render_to_string(template_name, context, request, using=using)
  File "C:\Users\HP\OneDrive\Documents\essetech\hotelapp\Hotel-website-Django\.venv\Lib\site-packages\django\template\loader.py", line 62, in render_to_string
    return template.render(context, request)
           ~~~~~~~~~~~~~~~^^^^^^^^^^^^^^^^^^
  File "C:\Users\HP\OneDrive\Documents\essetech\hotelapp\Hotel-website-Django\.venv\Lib\site-packages\django\template\backends\django.py", line 107, in render
    return self.template.render(context)
           ~~~~~~~~~~~~~~~~~~~~^^^^^^^^^
  File "C:\Users\HP\OneDrive\Documents\essetech\hotelapp\Hotel-website-Django\.venv\Lib\site-packages\django\template\base.py", line 171, in render
    return self._render(context)
           ~~~~~~~~~~~~^^^^^^^^^
  File "C:\Users\HP\OneDrive\Documents\essetech\hotelapp\Hotel-website-Django\.venv\Lib\site-packages\django\template\base.py", line 163, in _render
    return self.nodelist.render(context)
           ~~~~~~~~~~~~~~~~~~~~^^^^^^^^^
  File "C:\Users\HP\OneDrive\Documents\essetech\hotelapp\Hotel-website-Django\.venv\Lib\site-packages\django\template\base.py", line 1008, in render
    return SafeString("".join([node.render_annotated(context) for node in self]))
                               ~~~~~~~~~~~~~~~~~~~~~^^^^^^^^^
  File "C:\Users\HP\OneDrive\Documents\essetech\hotelapp\Hotel-website-Django\.venv\Lib\site-packages\django\template\base.py", line 969, in render_annotated
    return self.render(context)
           ~~~~~~~~~~~^^^^^^^^^
  File "C:\Users\HP\OneDrive\Documents\essetech\hotelapp\Hotel-website-Django\.venv\Lib\site-packages\django\template\loader_tags.py", line 159, in render
    return compiled_parent._render(context)
           ~~~~~~~~~~~~~~~~~~~~~~~^^^^^^^^^
  File "C:\Users\HP\OneDrive\Documents\essetech\hotelapp\Hotel-website-Django\.venv\Lib\site-packages\django\template\base.py", line 163, in _render
    return self.nodelist.render(context)
           ~~~~~~~~~~~~~~~~~~~~^^^^^^^^^
  File "C:\Users\HP\OneDrive\Documents\essetech\hotelapp\Hotel-website-Django\.venv\Lib\site-packages\django\template\base.py", line 1008, in render
    return SafeString("".join([node.render_annotated(context) for node in self]))
                               ~~~~~~~~~~~~~~~~~~~~~^^^^^^^^^
  File "C:\Users\HP\OneDrive\Documents\essetech\hotelapp\Hotel-website-Django\.venv\Lib\site-packages\django\template\base.py", line 969, in render_annotated
    return self.render(context)
           ~~~~~~~~~~~^^^^^^^^^
  File "C:\Users\HP\OneDrive\Documents\essetech\hotelapp\Hotel-website-Django\.venv\Lib\site-packages\django\template\loader_tags.py", line 65, in render
    result = block.nodelist.render(context)
  File "C:\Users\HP\OneDrive\Documents\essetech\hotelapp\Hotel-website-Django\.venv\Lib\site-packages\django\template\base.py", line 1008, in render
    return SafeString("".join([node.render_annotated(context) for node in self]))
                               ~~~~~~~~~~~~~~~~~~~~~^^^^^^^^^
  File "C:\Users\HP\OneDrive\Documents\essetech\hotelapp\Hotel-website-Django\.venv\Lib\site-packages\django\template\base.py", line 969, in render_annotated
    return self.render(context)
           ~~~~~~~~~~~^^^^^^^^^
  File "C:\Users\HP\OneDrive\Documents\essetech\hotelapp\Hotel-website-Django\.venv\Lib\site-packages\django\template\defaulttags.py", line 199, in render
    len_values = len(values)
  File "C:\Users\HP\OneDrive\Documents\essetech\hotelapp\Hotel-website-Django\.venv\Lib\site-packages\django\core\paginator.py", line 191, in __len__
    return len(self.object_list)
  File "C:\Users\HP\OneDrive\Documents\essetech\hotelapp\Hotel-website-Django\.venv\Lib\site-packages\django\db\models\query.py", line 382, in __len__
    self._fetch_all()
    ~~~~~~~~~~~~~~~^^
  File "C:\Users\HP\OneDrive\Documents\essetech\hotelapp\Hotel-website-Django\.venv\Lib\site-packages\django\db\models\query.py", line 1930, in _fetch_all
    self._prefetch_related_objects()
    ~~~~~~~~~~~~~~~~~~~~~~~~~~~~~~^^
  File "C:\Users\HP\OneDrive\Documents\essetech\hotelapp\Hotel-website-Django\.venv\Lib\site-packages\django\db\models\query.py", line 1320, in _prefetch_related_objects
    prefetch_related_objects(self._result_cache, *self._prefetch_related_lookups)
    ~~~~~~~~~~~~~~~~~~~~~~~~^^^^^^^^^^^^^^^^^^^^^^^^^^^^^^^^^^^^^^^^^^^^^^^^^^^^^
  File "C:\Users\HP\OneDrive\Documents\essetech\hotelapp\Hotel-website-Django\.venv\Lib\site-packages\django\db\models\query.py", line 2355, in prefetch_related_objects
    raise AttributeError(
    ...<7 lines>...
    )
AttributeError: Cannot find 'staff_set' on CustomUser object, 'staff_set' is an invalid parameter to prefetch_related()
ERROR 2025-10-15 10:14:08,025 basehttp 5020 20780 "GET /staff/user-management HTTP/1.1" 500 199277
ERROR 2025-10-15 10:14:11,279 log 5020 12684 Internal Server Error: /staff/user-management
Traceback (most recent call last):
  File "C:\Users\HP\OneDrive\Documents\essetech\hotelapp\Hotel-website-Django\.venv\Lib\site-packages\django\core\handlers\exception.py", line 55, in inner
    response = get_response(request)
  File "C:\Users\HP\OneDrive\Documents\essetech\hotelapp\Hotel-website-Django\.venv\Lib\site-packages\django\core\handlers\base.py", line 197, in _get_response
    response = wrapped_callback(request, *callback_args, **callback_kwargs)
  File "C:\Users\HP\OneDrive\Documents\essetech\hotelapp\Hotel-website-Django\.venv\Lib\site-packages\django\contrib\auth\decorators.py", line 60, in _view_wrapper
    return view_func(request, *args, **kwargs)
  File "C:\Users\HP\OneDrive\Documents\essetech\hotelapp\Hotel-website-Django\hotelapp\account\views.py", line 33, in wrapper
    return view_func(request, *args, **kwargs)
  File "C:\Users\HP\OneDrive\Documents\essetech\hotelapp\Hotel-website-Django\hotelapp\account\views.py", line 732, in user_management
    return render(request, "staff/dashboard/user_management.html",context)
  File "C:\Users\HP\OneDrive\Documents\essetech\hotelapp\Hotel-website-Django\.venv\Lib\site-packages\django\shortcuts.py", line 25, in render
    content = loader.render_to_string(template_name, context, request, using=using)
  File "C:\Users\HP\OneDrive\Documents\essetech\hotelapp\Hotel-website-Django\.venv\Lib\site-packages\django\template\loader.py", line 62, in render_to_string
    return template.render(context, request)
           ~~~~~~~~~~~~~~~^^^^^^^^^^^^^^^^^^
  File "C:\Users\HP\OneDrive\Documents\essetech\hotelapp\Hotel-website-Django\.venv\Lib\site-packages\django\template\backends\django.py", line 107, in render
    return self.template.render(context)
           ~~~~~~~~~~~~~~~~~~~~^^^^^^^^^
  File "C:\Users\HP\OneDrive\Documents\essetech\hotelapp\Hotel-website-Django\.venv\Lib\site-packages\django\template\base.py", line 171, in render
    return self._render(context)
           ~~~~~~~~~~~~^^^^^^^^^
  File "C:\Users\HP\OneDrive\Documents\essetech\hotelapp\Hotel-website-Django\.venv\Lib\site-packages\django\template\base.py", line 163, in _render
    return self.nodelist.render(context)
           ~~~~~~~~~~~~~~~~~~~~^^^^^^^^^
  File "C:\Users\HP\OneDrive\Documents\essetech\hotelapp\Hotel-website-Django\.venv\Lib\site-packages\django\template\base.py", line 1008, in render
    return SafeString("".join([node.render_annotated(context) for node in self]))
                               ~~~~~~~~~~~~~~~~~~~~~^^^^^^^^^
  File "C:\Users\HP\OneDrive\Documents\essetech\hotelapp\Hotel-website-Django\.venv\Lib\site-packages\django\template\base.py", line 969, in render_annotated
    return self.render(context)
           ~~~~~~~~~~~^^^^^^^^^
  File "C:\Users\HP\OneDrive\Documents\essetech\hotelapp\Hotel-website-Django\.venv\Lib\site-packages\django\template\loader_tags.py", line 159, in render
    return compiled_parent._render(context)
           ~~~~~~~~~~~~~~~~~~~~~~~^^^^^^^^^
  File "C:\Users\HP\OneDrive\Documents\essetech\hotelapp\Hotel-website-Django\.venv\Lib\site-packages\django\template\base.py", line 163, in _render
    return self.nodelist.render(context)
           ~~~~~~~~~~~~~~~~~~~~^^^^^^^^^
  File "C:\Users\HP\OneDrive\Documents\essetech\hotelapp\Hotel-website-Django\.venv\Lib\site-packages\django\template\base.py", line 1008, in render
    return SafeString("".join([node.render_annotated(context) for node in self]))
                               ~~~~~~~~~~~~~~~~~~~~~^^^^^^^^^
  File "C:\Users\HP\OneDrive\Documents\essetech\hotelapp\Hotel-website-Django\.venv\Lib\site-packages\django\template\base.py", line 969, in render_annotated
    return self.render(context)
           ~~~~~~~~~~~^^^^^^^^^
  File "C:\Users\HP\OneDrive\Documents\essetech\hotelapp\Hotel-website-Django\.venv\Lib\site-packages\django\template\loader_tags.py", line 65, in render
    result = block.nodelist.render(context)
  File "C:\Users\HP\OneDrive\Documents\essetech\hotelapp\Hotel-website-Django\.venv\Lib\site-packages\django\template\base.py", line 1008, in render
    return SafeString("".join([node.render_annotated(context) for node in self]))
                               ~~~~~~~~~~~~~~~~~~~~~^^^^^^^^^
  File "C:\Users\HP\OneDrive\Documents\essetech\hotelapp\Hotel-website-Django\.venv\Lib\site-packages\django\template\base.py", line 969, in render_annotated
    return self.render(context)
           ~~~~~~~~~~~^^^^^^^^^
  File "C:\Users\HP\OneDrive\Documents\essetech\hotelapp\Hotel-website-Django\.venv\Lib\site-packages\django\template\defaulttags.py", line 199, in render
    len_values = len(values)
  File "C:\Users\HP\OneDrive\Documents\essetech\hotelapp\Hotel-website-Django\.venv\Lib\site-packages\django\core\paginator.py", line 191, in __len__
    return len(self.object_list)
  File "C:\Users\HP\OneDrive\Documents\essetech\hotelapp\Hotel-website-Django\.venv\Lib\site-packages\django\db\models\query.py", line 382, in __len__
    self._fetch_all()
    ~~~~~~~~~~~~~~~^^
  File "C:\Users\HP\OneDrive\Documents\essetech\hotelapp\Hotel-website-Django\.venv\Lib\site-packages\django\db\models\query.py", line 1930, in _fetch_all
    self._prefetch_related_objects()
    ~~~~~~~~~~~~~~~~~~~~~~~~~~~~~~^^
  File "C:\Users\HP\OneDrive\Documents\essetech\hotelapp\Hotel-website-Django\.venv\Lib\site-packages\django\db\models\query.py", line 1320, in _prefetch_related_objects
    prefetch_related_objects(self._result_cache, *self._prefetch_related_lookups)
    ~~~~~~~~~~~~~~~~~~~~~~~~^^^^^^^^^^^^^^^^^^^^^^^^^^^^^^^^^^^^^^^^^^^^^^^^^^^^^
  File "C:\Users\HP\OneDrive\Documents\essetech\hotelapp\Hotel-website-Django\.venv\Lib\site-packages\django\db\models\query.py", line 2355, in prefetch_related_objects
    raise AttributeError(
    ...<7 lines>...
    )
AttributeError: Cannot find 'staff_set' on CustomUser object, 'staff_set' is an invalid parameter to prefetch_related()
ERROR 2025-10-15 10:14:11,286 basehttp 5020 12684 "GET /staff/user-management HTTP/1.1" 500 199277
ERROR 2025-10-15 10:14:13,455 log 5020 1176 Internal Server Error: /staff/user-management
Traceback (most recent call last):
  File "C:\Users\HP\OneDrive\Documents\essetech\hotelapp\Hotel-website-Django\.venv\Lib\site-packages\django\core\handlers\exception.py", line 55, in inner
    response = get_response(request)
  File "C:\Users\HP\OneDrive\Documents\essetech\hotelapp\Hotel-website-Django\.venv\Lib\site-packages\django\core\handlers\base.py", line 197, in _get_response
    response = wrapped_callback(request, *callback_args, **callback_kwargs)
  File "C:\Users\HP\OneDrive\Documents\essetech\hotelapp\Hotel-website-Django\.venv\Lib\site-packages\django\contrib\auth\decorators.py", line 60, in _view_wrapper
    return view_func(request, *args, **kwargs)
  File "C:\Users\HP\OneDrive\Documents\essetech\hotelapp\Hotel-website-Django\hotelapp\account\views.py", line 33, in wrapper
    return view_func(request, *args, **kwargs)
  File "C:\Users\HP\OneDrive\Documents\essetech\hotelapp\Hotel-website-Django\hotelapp\account\views.py", line 732, in user_management
    return render(request, "staff/dashboard/user_management.html",context)
  File "C:\Users\HP\OneDrive\Documents\essetech\hotelapp\Hotel-website-Django\.venv\Lib\site-packages\django\shortcuts.py", line 25, in render
    content = loader.render_to_string(template_name, context, request, using=using)
  File "C:\Users\HP\OneDrive\Documents\essetech\hotelapp\Hotel-website-Django\.venv\Lib\site-packages\django\template\loader.py", line 62, in render_to_string
    return template.render(context, request)
           ~~~~~~~~~~~~~~~^^^^^^^^^^^^^^^^^^
  File "C:\Users\HP\OneDrive\Documents\essetech\hotelapp\Hotel-website-Django\.venv\Lib\site-packages\django\template\backends\django.py", line 107, in render
    return self.template.render(context)
           ~~~~~~~~~~~~~~~~~~~~^^^^^^^^^
  File "C:\Users\HP\OneDrive\Documents\essetech\hotelapp\Hotel-website-Django\.venv\Lib\site-packages\django\template\base.py", line 171, in render
    return self._render(context)
           ~~~~~~~~~~~~^^^^^^^^^
  File "C:\Users\HP\OneDrive\Documents\essetech\hotelapp\Hotel-website-Django\.venv\Lib\site-packages\django\template\base.py", line 163, in _render
    return self.nodelist.render(context)
           ~~~~~~~~~~~~~~~~~~~~^^^^^^^^^
  File "C:\Users\HP\OneDrive\Documents\essetech\hotelapp\Hotel-website-Django\.venv\Lib\site-packages\django\template\base.py", line 1008, in render
    return SafeString("".join([node.render_annotated(context) for node in self]))
                               ~~~~~~~~~~~~~~~~~~~~~^^^^^^^^^
  File "C:\Users\HP\OneDrive\Documents\essetech\hotelapp\Hotel-website-Django\.venv\Lib\site-packages\django\template\base.py", line 969, in render_annotated
    return self.render(context)
           ~~~~~~~~~~~^^^^^^^^^
  File "C:\Users\HP\OneDrive\Documents\essetech\hotelapp\Hotel-website-Django\.venv\Lib\site-packages\django\template\loader_tags.py", line 159, in render
    return compiled_parent._render(context)
           ~~~~~~~~~~~~~~~~~~~~~~~^^^^^^^^^
  File "C:\Users\HP\OneDrive\Documents\essetech\hotelapp\Hotel-website-Django\.venv\Lib\site-packages\django\template\base.py", line 163, in _render
    return self.nodelist.render(context)
           ~~~~~~~~~~~~~~~~~~~~^^^^^^^^^
  File "C:\Users\HP\OneDrive\Documents\essetech\hotelapp\Hotel-website-Django\.venv\Lib\site-packages\django\template\base.py", line 1008, in render
    return SafeString("".join([node.render_annotated(context) for node in self]))
                               ~~~~~~~~~~~~~~~~~~~~~^^^^^^^^^
  File "C:\Users\HP\OneDrive\Documents\essetech\hotelapp\Hotel-website-Django\.venv\Lib\site-packages\django\template\base.py", line 969, in render_annotated
    return self.render(context)
           ~~~~~~~~~~~^^^^^^^^^
  File "C:\Users\HP\OneDrive\Documents\essetech\hotelapp\Hotel-website-Django\.venv\Lib\site-packages\django\template\loader_tags.py", line 65, in render
    result = block.nodelist.render(context)
  File "C:\Users\HP\OneDrive\Documents\essetech\hotelapp\Hotel-website-Django\.venv\Lib\site-packages\django\template\base.py", line 1008, in render
    return SafeString("".join([node.render_annotated(context) for node in self]))
                               ~~~~~~~~~~~~~~~~~~~~~^^^^^^^^^
  File "C:\Users\HP\OneDrive\Documents\essetech\hotelapp\Hotel-website-Django\.venv\Lib\site-packages\django\template\base.py", line 969, in render_annotated
    return self.render(context)
           ~~~~~~~~~~~^^^^^^^^^
  File "C:\Users\HP\OneDrive\Documents\essetech\hotelapp\Hotel-website-Django\.venv\Lib\site-packages\django\template\defaulttags.py", line 199, in render
    len_values = len(values)
  File "C:\Users\HP\OneDrive\Documents\essetech\hotelapp\Hotel-website-Django\.venv\Lib\site-packages\django\core\paginator.py", line 191, in __len__
    return len(self.object_list)
  File "C:\Users\HP\OneDrive\Documents\essetech\hotelapp\Hotel-website-Django\.venv\Lib\site-packages\django\db\models\query.py", line 382, in __len__
    self._fetch_all()
    ~~~~~~~~~~~~~~~^^
  File "C:\Users\HP\OneDrive\Documents\essetech\hotelapp\Hotel-website-Django\.venv\Lib\site-packages\django\db\models\query.py", line 1930, in _fetch_all
    self._prefetch_related_objects()
    ~~~~~~~~~~~~~~~~~~~~~~~~~~~~~~^^
  File "C:\Users\HP\OneDrive\Documents\essetech\hotelapp\Hotel-website-Django\.venv\Lib\site-packages\django\db\models\query.py", line 1320, in _prefetch_related_objects
    prefetch_related_objects(self._result_cache, *self._prefetch_related_lookups)
    ~~~~~~~~~~~~~~~~~~~~~~~~^^^^^^^^^^^^^^^^^^^^^^^^^^^^^^^^^^^^^^^^^^^^^^^^^^^^^
  File "C:\Users\HP\OneDrive\Documents\essetech\hotelapp\Hotel-website-Django\.venv\Lib\site-packages\django\db\models\query.py", line 2355, in prefetch_related_objects
    raise AttributeError(
    ...<7 lines>...
    )
AttributeError: Cannot find 'staff_set' on CustomUser object, 'staff_set' is an invalid parameter to prefetch_related()
ERROR 2025-10-15 10:14:13,461 basehttp 5020 1176 "GET /staff/user-management HTTP/1.1" 500 199277
ERROR 2025-10-15 10:14:15,593 log 5020 28196 Internal Server Error: /staff/user-management
Traceback (most recent call last):
  File "C:\Users\HP\OneDrive\Documents\essetech\hotelapp\Hotel-website-Django\.venv\Lib\site-packages\django\core\handlers\exception.py", line 55, in inner
    response = get_response(request)
  File "C:\Users\HP\OneDrive\Documents\essetech\hotelapp\Hotel-website-Django\.venv\Lib\site-packages\django\core\handlers\base.py", line 197, in _get_response
    response = wrapped_callback(request, *callback_args, **callback_kwargs)
  File "C:\Users\HP\OneDrive\Documents\essetech\hotelapp\Hotel-website-Django\.venv\Lib\site-packages\django\contrib\auth\decorators.py", line 60, in _view_wrapper
    return view_func(request, *args, **kwargs)
  File "C:\Users\HP\OneDrive\Documents\essetech\hotelapp\Hotel-website-Django\hotelapp\account\views.py", line 33, in wrapper
    return view_func(request, *args, **kwargs)
  File "C:\Users\HP\OneDrive\Documents\essetech\hotelapp\Hotel-website-Django\hotelapp\account\views.py", line 732, in user_management
    return render(request, "staff/dashboard/user_management.html",context)
  File "C:\Users\HP\OneDrive\Documents\essetech\hotelapp\Hotel-website-Django\.venv\Lib\site-packages\django\shortcuts.py", line 25, in render
    content = loader.render_to_string(template_name, context, request, using=using)
  File "C:\Users\HP\OneDrive\Documents\essetech\hotelapp\Hotel-website-Django\.venv\Lib\site-packages\django\template\loader.py", line 62, in render_to_string
    return template.render(context, request)
           ~~~~~~~~~~~~~~~^^^^^^^^^^^^^^^^^^
  File "C:\Users\HP\OneDrive\Documents\essetech\hotelapp\Hotel-website-Django\.venv\Lib\site-packages\django\template\backends\django.py", line 107, in render
    return self.template.render(context)
           ~~~~~~~~~~~~~~~~~~~~^^^^^^^^^
  File "C:\Users\HP\OneDrive\Documents\essetech\hotelapp\Hotel-website-Django\.venv\Lib\site-packages\django\template\base.py", line 171, in render
    return self._render(context)
           ~~~~~~~~~~~~^^^^^^^^^
  File "C:\Users\HP\OneDrive\Documents\essetech\hotelapp\Hotel-website-Django\.venv\Lib\site-packages\django\template\base.py", line 163, in _render
    return self.nodelist.render(context)
           ~~~~~~~~~~~~~~~~~~~~^^^^^^^^^
  File "C:\Users\HP\OneDrive\Documents\essetech\hotelapp\Hotel-website-Django\.venv\Lib\site-packages\django\template\base.py", line 1008, in render
    return SafeString("".join([node.render_annotated(context) for node in self]))
                               ~~~~~~~~~~~~~~~~~~~~~^^^^^^^^^
  File "C:\Users\HP\OneDrive\Documents\essetech\hotelapp\Hotel-website-Django\.venv\Lib\site-packages\django\template\base.py", line 969, in render_annotated
    return self.render(context)
           ~~~~~~~~~~~^^^^^^^^^
  File "C:\Users\HP\OneDrive\Documents\essetech\hotelapp\Hotel-website-Django\.venv\Lib\site-packages\django\template\loader_tags.py", line 159, in render
    return compiled_parent._render(context)
           ~~~~~~~~~~~~~~~~~~~~~~~^^^^^^^^^
  File "C:\Users\HP\OneDrive\Documents\essetech\hotelapp\Hotel-website-Django\.venv\Lib\site-packages\django\template\base.py", line 163, in _render
    return self.nodelist.render(context)
           ~~~~~~~~~~~~~~~~~~~~^^^^^^^^^
  File "C:\Users\HP\OneDrive\Documents\essetech\hotelapp\Hotel-website-Django\.venv\Lib\site-packages\django\template\base.py", line 1008, in render
    return SafeString("".join([node.render_annotated(context) for node in self]))
                               ~~~~~~~~~~~~~~~~~~~~~^^^^^^^^^
  File "C:\Users\HP\OneDrive\Documents\essetech\hotelapp\Hotel-website-Django\.venv\Lib\site-packages\django\template\base.py", line 969, in render_annotated
    return self.render(context)
           ~~~~~~~~~~~^^^^^^^^^
  File "C:\Users\HP\OneDrive\Documents\essetech\hotelapp\Hotel-website-Django\.venv\Lib\site-packages\django\template\loader_tags.py", line 65, in render
    result = block.nodelist.render(context)
  File "C:\Users\HP\OneDrive\Documents\essetech\hotelapp\Hotel-website-Django\.venv\Lib\site-packages\django\template\base.py", line 1008, in render
    return SafeString("".join([node.render_annotated(context) for node in self]))
                               ~~~~~~~~~~~~~~~~~~~~~^^^^^^^^^
  File "C:\Users\HP\OneDrive\Documents\essetech\hotelapp\Hotel-website-Django\.venv\Lib\site-packages\django\template\base.py", line 969, in render_annotated
    return self.render(context)
           ~~~~~~~~~~~^^^^^^^^^
  File "C:\Users\HP\OneDrive\Documents\essetech\hotelapp\Hotel-website-Django\.venv\Lib\site-packages\django\template\defaulttags.py", line 199, in render
    len_values = len(values)
  File "C:\Users\HP\OneDrive\Documents\essetech\hotelapp\Hotel-website-Django\.venv\Lib\site-packages\django\core\paginator.py", line 191, in __len__
    return len(self.object_list)
  File "C:\Users\HP\OneDrive\Documents\essetech\hotelapp\Hotel-website-Django\.venv\Lib\site-packages\django\db\models\query.py", line 382, in __len__
    self._fetch_all()
    ~~~~~~~~~~~~~~~^^
  File "C:\Users\HP\OneDrive\Documents\essetech\hotelapp\Hotel-website-Django\.venv\Lib\site-packages\django\db\models\query.py", line 1930, in _fetch_all
    self._prefetch_related_objects()
    ~~~~~~~~~~~~~~~~~~~~~~~~~~~~~~^^
  File "C:\Users\HP\OneDrive\Documents\essetech\hotelapp\Hotel-website-Django\.venv\Lib\site-packages\django\db\models\query.py", line 1320, in _prefetch_related_objects
    prefetch_related_objects(self._result_cache, *self._prefetch_related_lookups)
    ~~~~~~~~~~~~~~~~~~~~~~~~^^^^^^^^^^^^^^^^^^^^^^^^^^^^^^^^^^^^^^^^^^^^^^^^^^^^^
  File "C:\Users\HP\OneDrive\Documents\essetech\hotelapp\Hotel-website-Django\.venv\Lib\site-packages\django\db\models\query.py", line 2355, in prefetch_related_objects
    raise AttributeError(
    ...<7 lines>...
    )
AttributeError: Cannot find 'staff_set' on CustomUser object, 'staff_set' is an invalid parameter to prefetch_related()
ERROR 2025-10-15 10:14:15,599 basehttp 5020 28196 "GET /staff/user-management HTTP/1.1" 500 199277
ERROR 2025-10-15 10:14:16,689 log 5020 2952 Internal Server Error: /staff/user-management
Traceback (most recent call last):
  File "C:\Users\HP\OneDrive\Documents\essetech\hotelapp\Hotel-website-Django\.venv\Lib\site-packages\django\core\handlers\exception.py", line 55, in inner
    response = get_response(request)
  File "C:\Users\HP\OneDrive\Documents\essetech\hotelapp\Hotel-website-Django\.venv\Lib\site-packages\django\core\handlers\base.py", line 197, in _get_response
    response = wrapped_callback(request, *callback_args, **callback_kwargs)
  File "C:\Users\HP\OneDrive\Documents\essetech\hotelapp\Hotel-website-Django\.venv\Lib\site-packages\django\contrib\auth\decorators.py", line 60, in _view_wrapper
    return view_func(request, *args, **kwargs)
  File "C:\Users\HP\OneDrive\Documents\essetech\hotelapp\Hotel-website-Django\hotelapp\account\views.py", line 33, in wrapper
    return view_func(request, *args, **kwargs)
  File "C:\Users\HP\OneDrive\Documents\essetech\hotelapp\Hotel-website-Django\hotelapp\account\views.py", line 732, in user_management
    return render(request, "staff/dashboard/user_management.html",context)
  File "C:\Users\HP\OneDrive\Documents\essetech\hotelapp\Hotel-website-Django\.venv\Lib\site-packages\django\shortcuts.py", line 25, in render
    content = loader.render_to_string(template_name, context, request, using=using)
  File "C:\Users\HP\OneDrive\Documents\essetech\hotelapp\Hotel-website-Django\.venv\Lib\site-packages\django\template\loader.py", line 62, in render_to_string
    return template.render(context, request)
           ~~~~~~~~~~~~~~~^^^^^^^^^^^^^^^^^^
  File "C:\Users\HP\OneDrive\Documents\essetech\hotelapp\Hotel-website-Django\.venv\Lib\site-packages\django\template\backends\django.py", line 107, in render
    return self.template.render(context)
           ~~~~~~~~~~~~~~~~~~~~^^^^^^^^^
  File "C:\Users\HP\OneDrive\Documents\essetech\hotelapp\Hotel-website-Django\.venv\Lib\site-packages\django\template\base.py", line 171, in render
    return self._render(context)
           ~~~~~~~~~~~~^^^^^^^^^
  File "C:\Users\HP\OneDrive\Documents\essetech\hotelapp\Hotel-website-Django\.venv\Lib\site-packages\django\template\base.py", line 163, in _render
    return self.nodelist.render(context)
           ~~~~~~~~~~~~~~~~~~~~^^^^^^^^^
  File "C:\Users\HP\OneDrive\Documents\essetech\hotelapp\Hotel-website-Django\.venv\Lib\site-packages\django\template\base.py", line 1008, in render
    return SafeString("".join([node.render_annotated(context) for node in self]))
                               ~~~~~~~~~~~~~~~~~~~~~^^^^^^^^^
  File "C:\Users\HP\OneDrive\Documents\essetech\hotelapp\Hotel-website-Django\.venv\Lib\site-packages\django\template\base.py", line 969, in render_annotated
    return self.render(context)
           ~~~~~~~~~~~^^^^^^^^^
  File "C:\Users\HP\OneDrive\Documents\essetech\hotelapp\Hotel-website-Django\.venv\Lib\site-packages\django\template\loader_tags.py", line 159, in render
    return compiled_parent._render(context)
           ~~~~~~~~~~~~~~~~~~~~~~~^^^^^^^^^
  File "C:\Users\HP\OneDrive\Documents\essetech\hotelapp\Hotel-website-Django\.venv\Lib\site-packages\django\template\base.py", line 163, in _render
    return self.nodelist.render(context)
           ~~~~~~~~~~~~~~~~~~~~^^^^^^^^^
  File "C:\Users\HP\OneDrive\Documents\essetech\hotelapp\Hotel-website-Django\.venv\Lib\site-packages\django\template\base.py", line 1008, in render
    return SafeString("".join([node.render_annotated(context) for node in self]))
                               ~~~~~~~~~~~~~~~~~~~~~^^^^^^^^^
  File "C:\Users\HP\OneDrive\Documents\essetech\hotelapp\Hotel-website-Django\.venv\Lib\site-packages\django\template\base.py", line 969, in render_annotated
    return self.render(context)
           ~~~~~~~~~~~^^^^^^^^^
  File "C:\Users\HP\OneDrive\Documents\essetech\hotelapp\Hotel-website-Django\.venv\Lib\site-packages\django\template\loader_tags.py", line 65, in render
    result = block.nodelist.render(context)
  File "C:\Users\HP\OneDrive\Documents\essetech\hotelapp\Hotel-website-Django\.venv\Lib\site-packages\django\template\base.py", line 1008, in render
    return SafeString("".join([node.render_annotated(context) for node in self]))
                               ~~~~~~~~~~~~~~~~~~~~~^^^^^^^^^
  File "C:\Users\HP\OneDrive\Documents\essetech\hotelapp\Hotel-website-Django\.venv\Lib\site-packages\django\template\base.py", line 969, in render_annotated
    return self.render(context)
           ~~~~~~~~~~~^^^^^^^^^
  File "C:\Users\HP\OneDrive\Documents\essetech\hotelapp\Hotel-website-Django\.venv\Lib\site-packages\django\template\defaulttags.py", line 199, in render
    len_values = len(values)
  File "C:\Users\HP\OneDrive\Documents\essetech\hotelapp\Hotel-website-Django\.venv\Lib\site-packages\django\core\paginator.py", line 191, in __len__
    return len(self.object_list)
  File "C:\Users\HP\OneDrive\Documents\essetech\hotelapp\Hotel-website-Django\.venv\Lib\site-packages\django\db\models\query.py", line 382, in __len__
    self._fetch_all()
    ~~~~~~~~~~~~~~~^^
  File "C:\Users\HP\OneDrive\Documents\essetech\hotelapp\Hotel-website-Django\.venv\Lib\site-packages\django\db\models\query.py", line 1930, in _fetch_all
    self._prefetch_related_objects()
    ~~~~~~~~~~~~~~~~~~~~~~~~~~~~~~^^
  File "C:\Users\HP\OneDrive\Documents\essetech\hotelapp\Hotel-website-Django\.venv\Lib\site-packages\django\db\models\query.py", line 1320, in _prefetch_related_objects
    prefetch_related_objects(self._result_cache, *self._prefetch_related_lookups)
    ~~~~~~~~~~~~~~~~~~~~~~~~^^^^^^^^^^^^^^^^^^^^^^^^^^^^^^^^^^^^^^^^^^^^^^^^^^^^^
  File "C:\Users\HP\OneDrive\Documents\essetech\hotelapp\Hotel-website-Django\.venv\Lib\site-packages\django\db\models\query.py", line 2355, in prefetch_related_objects
    raise AttributeError(
    ...<7 lines>...
    )
AttributeError: Cannot find 'staff_set' on CustomUser object, 'staff_set' is an invalid parameter to prefetch_related()
ERROR 2025-10-15 10:14:16,695 basehttp 5020 2952 "GET /staff/user-management HTTP/1.1" 500 199277
ERROR 2025-10-15 10:14:20,934 log 5020 13476 Internal Server Error: /staff/user-management
Traceback (most recent call last):
  File "C:\Users\HP\OneDrive\Documents\essetech\hotelapp\Hotel-website-Django\.venv\Lib\site-packages\django\core\handlers\exception.py", line 55, in inner
    response = get_response(request)
  File "C:\Users\HP\OneDrive\Documents\essetech\hotelapp\Hotel-website-Django\.venv\Lib\site-packages\django\core\handlers\base.py", line 197, in _get_response
    response = wrapped_callback(request, *callback_args, **callback_kwargs)
  File "C:\Users\HP\OneDrive\Documents\essetech\hotelapp\Hotel-website-Django\.venv\Lib\site-packages\django\contrib\auth\decorators.py", line 60, in _view_wrapper
    return view_func(request, *args, **kwargs)
  File "C:\Users\HP\OneDrive\Documents\essetech\hotelapp\Hotel-website-Django\hotelapp\account\views.py", line 33, in wrapper
    return view_func(request, *args, **kwargs)
  File "C:\Users\HP\OneDrive\Documents\essetech\hotelapp\Hotel-website-Django\hotelapp\account\views.py", line 732, in user_management
    return render(request, "staff/dashboard/user_management.html",context)
  File "C:\Users\HP\OneDrive\Documents\essetech\hotelapp\Hotel-website-Django\.venv\Lib\site-packages\django\shortcuts.py", line 25, in render
    content = loader.render_to_string(template_name, context, request, using=using)
  File "C:\Users\HP\OneDrive\Documents\essetech\hotelapp\Hotel-website-Django\.venv\Lib\site-packages\django\template\loader.py", line 62, in render_to_string
    return template.render(context, request)
           ~~~~~~~~~~~~~~~^^^^^^^^^^^^^^^^^^
  File "C:\Users\HP\OneDrive\Documents\essetech\hotelapp\Hotel-website-Django\.venv\Lib\site-packages\django\template\backends\django.py", line 107, in render
    return self.template.render(context)
           ~~~~~~~~~~~~~~~~~~~~^^^^^^^^^
  File "C:\Users\HP\OneDrive\Documents\essetech\hotelapp\Hotel-website-Django\.venv\Lib\site-packages\django\template\base.py", line 171, in render
    return self._render(context)
           ~~~~~~~~~~~~^^^^^^^^^
  File "C:\Users\HP\OneDrive\Documents\essetech\hotelapp\Hotel-website-Django\.venv\Lib\site-packages\django\template\base.py", line 163, in _render
    return self.nodelist.render(context)
           ~~~~~~~~~~~~~~~~~~~~^^^^^^^^^
  File "C:\Users\HP\OneDrive\Documents\essetech\hotelapp\Hotel-website-Django\.venv\Lib\site-packages\django\template\base.py", line 1008, in render
    return SafeString("".join([node.render_annotated(context) for node in self]))
                               ~~~~~~~~~~~~~~~~~~~~~^^^^^^^^^
  File "C:\Users\HP\OneDrive\Documents\essetech\hotelapp\Hotel-website-Django\.venv\Lib\site-packages\django\template\base.py", line 969, in render_annotated
    return self.render(context)
           ~~~~~~~~~~~^^^^^^^^^
  File "C:\Users\HP\OneDrive\Documents\essetech\hotelapp\Hotel-website-Django\.venv\Lib\site-packages\django\template\loader_tags.py", line 159, in render
    return compiled_parent._render(context)
           ~~~~~~~~~~~~~~~~~~~~~~~^^^^^^^^^
  File "C:\Users\HP\OneDrive\Documents\essetech\hotelapp\Hotel-website-Django\.venv\Lib\site-packages\django\template\base.py", line 163, in _render
    return self.nodelist.render(context)
           ~~~~~~~~~~~~~~~~~~~~^^^^^^^^^
  File "C:\Users\HP\OneDrive\Documents\essetech\hotelapp\Hotel-website-Django\.venv\Lib\site-packages\django\template\base.py", line 1008, in render
    return SafeString("".join([node.render_annotated(context) for node in self]))
                               ~~~~~~~~~~~~~~~~~~~~~^^^^^^^^^
  File "C:\Users\HP\OneDrive\Documents\essetech\hotelapp\Hotel-website-Django\.venv\Lib\site-packages\django\template\base.py", line 969, in render_annotated
    return self.render(context)
           ~~~~~~~~~~~^^^^^^^^^
  File "C:\Users\HP\OneDrive\Documents\essetech\hotelapp\Hotel-website-Django\.venv\Lib\site-packages\django\template\loader_tags.py", line 65, in render
    result = block.nodelist.render(context)
  File "C:\Users\HP\OneDrive\Documents\essetech\hotelapp\Hotel-website-Django\.venv\Lib\site-packages\django\template\base.py", line 1008, in render
    return SafeString("".join([node.render_annotated(context) for node in self]))
                               ~~~~~~~~~~~~~~~~~~~~~^^^^^^^^^
  File "C:\Users\HP\OneDrive\Documents\essetech\hotelapp\Hotel-website-Django\.venv\Lib\site-packages\django\template\base.py", line 969, in render_annotated
    return self.render(context)
           ~~~~~~~~~~~^^^^^^^^^
  File "C:\Users\HP\OneDrive\Documents\essetech\hotelapp\Hotel-website-Django\.venv\Lib\site-packages\django\template\defaulttags.py", line 199, in render
    len_values = len(values)
  File "C:\Users\HP\OneDrive\Documents\essetech\hotelapp\Hotel-website-Django\.venv\Lib\site-packages\django\core\paginator.py", line 191, in __len__
    return len(self.object_list)
  File "C:\Users\HP\OneDrive\Documents\essetech\hotelapp\Hotel-website-Django\.venv\Lib\site-packages\django\db\models\query.py", line 382, in __len__
    self._fetch_all()
    ~~~~~~~~~~~~~~~^^
  File "C:\Users\HP\OneDrive\Documents\essetech\hotelapp\Hotel-website-Django\.venv\Lib\site-packages\django\db\models\query.py", line 1930, in _fetch_all
    self._prefetch_related_objects()
    ~~~~~~~~~~~~~~~~~~~~~~~~~~~~~~^^
  File "C:\Users\HP\OneDrive\Documents\essetech\hotelapp\Hotel-website-Django\.venv\Lib\site-packages\django\db\models\query.py", line 1320, in _prefetch_related_objects
    prefetch_related_objects(self._result_cache, *self._prefetch_related_lookups)
    ~~~~~~~~~~~~~~~~~~~~~~~~^^^^^^^^^^^^^^^^^^^^^^^^^^^^^^^^^^^^^^^^^^^^^^^^^^^^^
  File "C:\Users\HP\OneDrive\Documents\essetech\hotelapp\Hotel-website-Django\.venv\Lib\site-packages\django\db\models\query.py", line 2355, in prefetch_related_objects
    raise AttributeError(
    ...<7 lines>...
    )
AttributeError: Cannot find 'staff_set' on CustomUser object, 'staff_set' is an invalid parameter to prefetch_related()
ERROR 2025-10-15 10:14:20,940 basehttp 5020 13476 "GET /staff/user-management HTTP/1.1" 500 199277
ERROR 2025-10-15 10:14:24,243 log 5020 11340 Internal Server Error: /staff/user-management
Traceback (most recent call last):
  File "C:\Users\HP\OneDrive\Documents\essetech\hotelapp\Hotel-website-Django\.venv\Lib\site-packages\django\core\handlers\exception.py", line 55, in inner
    response = get_response(request)
  File "C:\Users\HP\OneDrive\Documents\essetech\hotelapp\Hotel-website-Django\.venv\Lib\site-packages\django\core\handlers\base.py", line 197, in _get_response
    response = wrapped_callback(request, *callback_args, **callback_kwargs)
  File "C:\Users\HP\OneDrive\Documents\essetech\hotelapp\Hotel-website-Django\.venv\Lib\site-packages\django\contrib\auth\decorators.py", line 60, in _view_wrapper
    return view_func(request, *args, **kwargs)
  File "C:\Users\HP\OneDrive\Documents\essetech\hotelapp\Hotel-website-Django\hotelapp\account\views.py", line 33, in wrapper
    return view_func(request, *args, **kwargs)
  File "C:\Users\HP\OneDrive\Documents\essetech\hotelapp\Hotel-website-Django\hotelapp\account\views.py", line 732, in user_management
    return render(request, "staff/dashboard/user_management.html",context)
  File "C:\Users\HP\OneDrive\Documents\essetech\hotelapp\Hotel-website-Django\.venv\Lib\site-packages\django\shortcuts.py", line 25, in render
    content = loader.render_to_string(template_name, context, request, using=using)
  File "C:\Users\HP\OneDrive\Documents\essetech\hotelapp\Hotel-website-Django\.venv\Lib\site-packages\django\template\loader.py", line 62, in render_to_string
    return template.render(context, request)
           ~~~~~~~~~~~~~~~^^^^^^^^^^^^^^^^^^
  File "C:\Users\HP\OneDrive\Documents\essetech\hotelapp\Hotel-website-Django\.venv\Lib\site-packages\django\template\backends\django.py", line 107, in render
    return self.template.render(context)
           ~~~~~~~~~~~~~~~~~~~~^^^^^^^^^
  File "C:\Users\HP\OneDrive\Documents\essetech\hotelapp\Hotel-website-Django\.venv\Lib\site-packages\django\template\base.py", line 171, in render
    return self._render(context)
           ~~~~~~~~~~~~^^^^^^^^^
  File "C:\Users\HP\OneDrive\Documents\essetech\hotelapp\Hotel-website-Django\.venv\Lib\site-packages\django\template\base.py", line 163, in _render
    return self.nodelist.render(context)
           ~~~~~~~~~~~~~~~~~~~~^^^^^^^^^
  File "C:\Users\HP\OneDrive\Documents\essetech\hotelapp\Hotel-website-Django\.venv\Lib\site-packages\django\template\base.py", line 1008, in render
    return SafeString("".join([node.render_annotated(context) for node in self]))
                               ~~~~~~~~~~~~~~~~~~~~~^^^^^^^^^
  File "C:\Users\HP\OneDrive\Documents\essetech\hotelapp\Hotel-website-Django\.venv\Lib\site-packages\django\template\base.py", line 969, in render_annotated
    return self.render(context)
           ~~~~~~~~~~~^^^^^^^^^
  File "C:\Users\HP\OneDrive\Documents\essetech\hotelapp\Hotel-website-Django\.venv\Lib\site-packages\django\template\loader_tags.py", line 159, in render
    return compiled_parent._render(context)
           ~~~~~~~~~~~~~~~~~~~~~~~^^^^^^^^^
  File "C:\Users\HP\OneDrive\Documents\essetech\hotelapp\Hotel-website-Django\.venv\Lib\site-packages\django\template\base.py", line 163, in _render
    return self.nodelist.render(context)
           ~~~~~~~~~~~~~~~~~~~~^^^^^^^^^
  File "C:\Users\HP\OneDrive\Documents\essetech\hotelapp\Hotel-website-Django\.venv\Lib\site-packages\django\template\base.py", line 1008, in render
    return SafeString("".join([node.render_annotated(context) for node in self]))
                               ~~~~~~~~~~~~~~~~~~~~~^^^^^^^^^
  File "C:\Users\HP\OneDrive\Documents\essetech\hotelapp\Hotel-website-Django\.venv\Lib\site-packages\django\template\base.py", line 969, in render_annotated
    return self.render(context)
           ~~~~~~~~~~~^^^^^^^^^
  File "C:\Users\HP\OneDrive\Documents\essetech\hotelapp\Hotel-website-Django\.venv\Lib\site-packages\django\template\loader_tags.py", line 65, in render
    result = block.nodelist.render(context)
  File "C:\Users\HP\OneDrive\Documents\essetech\hotelapp\Hotel-website-Django\.venv\Lib\site-packages\django\template\base.py", line 1008, in render
    return SafeString("".join([node.render_annotated(context) for node in self]))
                               ~~~~~~~~~~~~~~~~~~~~~^^^^^^^^^
  File "C:\Users\HP\OneDrive\Documents\essetech\hotelapp\Hotel-website-Django\.venv\Lib\site-packages\django\template\base.py", line 969, in render_annotated
    return self.render(context)
           ~~~~~~~~~~~^^^^^^^^^
  File "C:\Users\HP\OneDrive\Documents\essetech\hotelapp\Hotel-website-Django\.venv\Lib\site-packages\django\template\defaulttags.py", line 199, in render
    len_values = len(values)
  File "C:\Users\HP\OneDrive\Documents\essetech\hotelapp\Hotel-website-Django\.venv\Lib\site-packages\django\core\paginator.py", line 191, in __len__
    return len(self.object_list)
  File "C:\Users\HP\OneDrive\Documents\essetech\hotelapp\Hotel-website-Django\.venv\Lib\site-packages\django\db\models\query.py", line 382, in __len__
    self._fetch_all()
    ~~~~~~~~~~~~~~~^^
  File "C:\Users\HP\OneDrive\Documents\essetech\hotelapp\Hotel-website-Django\.venv\Lib\site-packages\django\db\models\query.py", line 1930, in _fetch_all
    self._prefetch_related_objects()
    ~~~~~~~~~~~~~~~~~~~~~~~~~~~~~~^^
  File "C:\Users\HP\OneDrive\Documents\essetech\hotelapp\Hotel-website-Django\.venv\Lib\site-packages\django\db\models\query.py", line 1320, in _prefetch_related_objects
    prefetch_related_objects(self._result_cache, *self._prefetch_related_lookups)
    ~~~~~~~~~~~~~~~~~~~~~~~~^^^^^^^^^^^^^^^^^^^^^^^^^^^^^^^^^^^^^^^^^^^^^^^^^^^^^
  File "C:\Users\HP\OneDrive\Documents\essetech\hotelapp\Hotel-website-Django\.venv\Lib\site-packages\django\db\models\query.py", line 2355, in prefetch_related_objects
    raise AttributeError(
    ...<7 lines>...
    )
AttributeError: Cannot find 'staff_set' on CustomUser object, 'staff_set' is an invalid parameter to prefetch_related()
ERROR 2025-10-15 10:14:24,255 basehttp 5020 11340 "GET /staff/user-management HTTP/1.1" 500 199277
ERROR 2025-10-15 10:14:27,304 log 5020 21968 Internal Server Error: /staff/user-management
Traceback (most recent call last):
  File "C:\Users\HP\OneDrive\Documents\essetech\hotelapp\Hotel-website-Django\.venv\Lib\site-packages\django\core\handlers\exception.py", line 55, in inner
    response = get_response(request)
  File "C:\Users\HP\OneDrive\Documents\essetech\hotelapp\Hotel-website-Django\.venv\Lib\site-packages\django\core\handlers\base.py", line 197, in _get_response
    response = wrapped_callback(request, *callback_args, **callback_kwargs)
  File "C:\Users\HP\OneDrive\Documents\essetech\hotelapp\Hotel-website-Django\.venv\Lib\site-packages\django\contrib\auth\decorators.py", line 60, in _view_wrapper
    return view_func(request, *args, **kwargs)
  File "C:\Users\HP\OneDrive\Documents\essetech\hotelapp\Hotel-website-Django\hotelapp\account\views.py", line 33, in wrapper
    return view_func(request, *args, **kwargs)
  File "C:\Users\HP\OneDrive\Documents\essetech\hotelapp\Hotel-website-Django\hotelapp\account\views.py", line 732, in user_management
    return render(request, "staff/dashboard/user_management.html",context)
  File "C:\Users\HP\OneDrive\Documents\essetech\hotelapp\Hotel-website-Django\.venv\Lib\site-packages\django\shortcuts.py", line 25, in render
    content = loader.render_to_string(template_name, context, request, using=using)
  File "C:\Users\HP\OneDrive\Documents\essetech\hotelapp\Hotel-website-Django\.venv\Lib\site-packages\django\template\loader.py", line 62, in render_to_string
    return template.render(context, request)
           ~~~~~~~~~~~~~~~^^^^^^^^^^^^^^^^^^
  File "C:\Users\HP\OneDrive\Documents\essetech\hotelapp\Hotel-website-Django\.venv\Lib\site-packages\django\template\backends\django.py", line 107, in render
    return self.template.render(context)
           ~~~~~~~~~~~~~~~~~~~~^^^^^^^^^
  File "C:\Users\HP\OneDrive\Documents\essetech\hotelapp\Hotel-website-Django\.venv\Lib\site-packages\django\template\base.py", line 171, in render
    return self._render(context)
           ~~~~~~~~~~~~^^^^^^^^^
  File "C:\Users\HP\OneDrive\Documents\essetech\hotelapp\Hotel-website-Django\.venv\Lib\site-packages\django\template\base.py", line 163, in _render
    return self.nodelist.render(context)
           ~~~~~~~~~~~~~~~~~~~~^^^^^^^^^
  File "C:\Users\HP\OneDrive\Documents\essetech\hotelapp\Hotel-website-Django\.venv\Lib\site-packages\django\template\base.py", line 1008, in render
    return SafeString("".join([node.render_annotated(context) for node in self]))
                               ~~~~~~~~~~~~~~~~~~~~~^^^^^^^^^
  File "C:\Users\HP\OneDrive\Documents\essetech\hotelapp\Hotel-website-Django\.venv\Lib\site-packages\django\template\base.py", line 969, in render_annotated
    return self.render(context)
           ~~~~~~~~~~~^^^^^^^^^
  File "C:\Users\HP\OneDrive\Documents\essetech\hotelapp\Hotel-website-Django\.venv\Lib\site-packages\django\template\loader_tags.py", line 159, in render
    return compiled_parent._render(context)
           ~~~~~~~~~~~~~~~~~~~~~~~^^^^^^^^^
  File "C:\Users\HP\OneDrive\Documents\essetech\hotelapp\Hotel-website-Django\.venv\Lib\site-packages\django\template\base.py", line 163, in _render
    return self.nodelist.render(context)
           ~~~~~~~~~~~~~~~~~~~~^^^^^^^^^
  File "C:\Users\HP\OneDrive\Documents\essetech\hotelapp\Hotel-website-Django\.venv\Lib\site-packages\django\template\base.py", line 1008, in render
    return SafeString("".join([node.render_annotated(context) for node in self]))
                               ~~~~~~~~~~~~~~~~~~~~~^^^^^^^^^
  File "C:\Users\HP\OneDrive\Documents\essetech\hotelapp\Hotel-website-Django\.venv\Lib\site-packages\django\template\base.py", line 969, in render_annotated
    return self.render(context)
           ~~~~~~~~~~~^^^^^^^^^
  File "C:\Users\HP\OneDrive\Documents\essetech\hotelapp\Hotel-website-Django\.venv\Lib\site-packages\django\template\loader_tags.py", line 65, in render
    result = block.nodelist.render(context)
  File "C:\Users\HP\OneDrive\Documents\essetech\hotelapp\Hotel-website-Django\.venv\Lib\site-packages\django\template\base.py", line 1008, in render
    return SafeString("".join([node.render_annotated(context) for node in self]))
                               ~~~~~~~~~~~~~~~~~~~~~^^^^^^^^^
  File "C:\Users\HP\OneDrive\Documents\essetech\hotelapp\Hotel-website-Django\.venv\Lib\site-packages\django\template\base.py", line 969, in render_annotated
    return self.render(context)
           ~~~~~~~~~~~^^^^^^^^^
  File "C:\Users\HP\OneDrive\Documents\essetech\hotelapp\Hotel-website-Django\.venv\Lib\site-packages\django\template\defaulttags.py", line 199, in render
    len_values = len(values)
  File "C:\Users\HP\OneDrive\Documents\essetech\hotelapp\Hotel-website-Django\.venv\Lib\site-packages\django\core\paginator.py", line 191, in __len__
    return len(self.object_list)
  File "C:\Users\HP\OneDrive\Documents\essetech\hotelapp\Hotel-website-Django\.venv\Lib\site-packages\django\db\models\query.py", line 382, in __len__
    self._fetch_all()
    ~~~~~~~~~~~~~~~^^
  File "C:\Users\HP\OneDrive\Documents\essetech\hotelapp\Hotel-website-Django\.venv\Lib\site-packages\django\db\models\query.py", line 1930, in _fetch_all
    self._prefetch_related_objects()
    ~~~~~~~~~~~~~~~~~~~~~~~~~~~~~~^^
  File "C:\Users\HP\OneDrive\Documents\essetech\hotelapp\Hotel-website-Django\.venv\Lib\site-packages\django\db\models\query.py", line 1320, in _prefetch_related_objects
    prefetch_related_objects(self._result_cache, *self._prefetch_related_lookups)
    ~~~~~~~~~~~~~~~~~~~~~~~~^^^^^^^^^^^^^^^^^^^^^^^^^^^^^^^^^^^^^^^^^^^^^^^^^^^^^
  File "C:\Users\HP\OneDrive\Documents\essetech\hotelapp\Hotel-website-Django\.venv\Lib\site-packages\django\db\models\query.py", line 2355, in prefetch_related_objects
    raise AttributeError(
    ...<7 lines>...
    )
AttributeError: Cannot find 'staff_set' on CustomUser object, 'staff_set' is an invalid parameter to prefetch_related()
ERROR 2025-10-15 10:14:27,311 basehttp 5020 21968 "GET /staff/user-management HTTP/1.1" 500 199277
ERROR 2025-10-15 10:14:56,913 log 5020 8328 Internal Server Error: /staff/user-management
Traceback (most recent call last):
  File "C:\Users\HP\OneDrive\Documents\essetech\hotelapp\Hotel-website-Django\.venv\Lib\site-packages\django\core\handlers\exception.py", line 55, in inner
    response = get_response(request)
  File "C:\Users\HP\OneDrive\Documents\essetech\hotelapp\Hotel-website-Django\.venv\Lib\site-packages\django\core\handlers\base.py", line 197, in _get_response
    response = wrapped_callback(request, *callback_args, **callback_kwargs)
  File "C:\Users\HP\OneDrive\Documents\essetech\hotelapp\Hotel-website-Django\.venv\Lib\site-packages\django\contrib\auth\decorators.py", line 60, in _view_wrapper
    return view_func(request, *args, **kwargs)
  File "C:\Users\HP\OneDrive\Documents\essetech\hotelapp\Hotel-website-Django\hotelapp\account\views.py", line 33, in wrapper
    return view_func(request, *args, **kwargs)
  File "C:\Users\HP\OneDrive\Documents\essetech\hotelapp\Hotel-website-Django\hotelapp\account\views.py", line 732, in user_management
    return render(request, "staff/dashboard/user_management.html",context)
  File "C:\Users\HP\OneDrive\Documents\essetech\hotelapp\Hotel-website-Django\.venv\Lib\site-packages\django\shortcuts.py", line 25, in render
    content = loader.render_to_string(template_name, context, request, using=using)
  File "C:\Users\HP\OneDrive\Documents\essetech\hotelapp\Hotel-website-Django\.venv\Lib\site-packages\django\template\loader.py", line 62, in render_to_string
    return template.render(context, request)
           ~~~~~~~~~~~~~~~^^^^^^^^^^^^^^^^^^
  File "C:\Users\HP\OneDrive\Documents\essetech\hotelapp\Hotel-website-Django\.venv\Lib\site-packages\django\template\backends\django.py", line 107, in render
    return self.template.render(context)
           ~~~~~~~~~~~~~~~~~~~~^^^^^^^^^
  File "C:\Users\HP\OneDrive\Documents\essetech\hotelapp\Hotel-website-Django\.venv\Lib\site-packages\django\template\base.py", line 171, in render
    return self._render(context)
           ~~~~~~~~~~~~^^^^^^^^^
  File "C:\Users\HP\OneDrive\Documents\essetech\hotelapp\Hotel-website-Django\.venv\Lib\site-packages\django\template\base.py", line 163, in _render
    return self.nodelist.render(context)
           ~~~~~~~~~~~~~~~~~~~~^^^^^^^^^
  File "C:\Users\HP\OneDrive\Documents\essetech\hotelapp\Hotel-website-Django\.venv\Lib\site-packages\django\template\base.py", line 1008, in render
    return SafeString("".join([node.render_annotated(context) for node in self]))
                               ~~~~~~~~~~~~~~~~~~~~~^^^^^^^^^
  File "C:\Users\HP\OneDrive\Documents\essetech\hotelapp\Hotel-website-Django\.venv\Lib\site-packages\django\template\base.py", line 969, in render_annotated
    return self.render(context)
           ~~~~~~~~~~~^^^^^^^^^
  File "C:\Users\HP\OneDrive\Documents\essetech\hotelapp\Hotel-website-Django\.venv\Lib\site-packages\django\template\loader_tags.py", line 159, in render
    return compiled_parent._render(context)
           ~~~~~~~~~~~~~~~~~~~~~~~^^^^^^^^^
  File "C:\Users\HP\OneDrive\Documents\essetech\hotelapp\Hotel-website-Django\.venv\Lib\site-packages\django\template\base.py", line 163, in _render
    return self.nodelist.render(context)
           ~~~~~~~~~~~~~~~~~~~~^^^^^^^^^
  File "C:\Users\HP\OneDrive\Documents\essetech\hotelapp\Hotel-website-Django\.venv\Lib\site-packages\django\template\base.py", line 1008, in render
    return SafeString("".join([node.render_annotated(context) for node in self]))
                               ~~~~~~~~~~~~~~~~~~~~~^^^^^^^^^
  File "C:\Users\HP\OneDrive\Documents\essetech\hotelapp\Hotel-website-Django\.venv\Lib\site-packages\django\template\base.py", line 969, in render_annotated
    return self.render(context)
           ~~~~~~~~~~~^^^^^^^^^
  File "C:\Users\HP\OneDrive\Documents\essetech\hotelapp\Hotel-website-Django\.venv\Lib\site-packages\django\template\loader_tags.py", line 65, in render
    result = block.nodelist.render(context)
  File "C:\Users\HP\OneDrive\Documents\essetech\hotelapp\Hotel-website-Django\.venv\Lib\site-packages\django\template\base.py", line 1008, in render
    return SafeString("".join([node.render_annotated(context) for node in self]))
                               ~~~~~~~~~~~~~~~~~~~~~^^^^^^^^^
  File "C:\Users\HP\OneDrive\Documents\essetech\hotelapp\Hotel-website-Django\.venv\Lib\site-packages\django\template\base.py", line 969, in render_annotated
    return self.render(context)
           ~~~~~~~~~~~^^^^^^^^^
  File "C:\Users\HP\OneDrive\Documents\essetech\hotelapp\Hotel-website-Django\.venv\Lib\site-packages\django\template\defaulttags.py", line 199, in render
    len_values = len(values)
  File "C:\Users\HP\OneDrive\Documents\essetech\hotelapp\Hotel-website-Django\.venv\Lib\site-packages\django\core\paginator.py", line 191, in __len__
    return len(self.object_list)
  File "C:\Users\HP\OneDrive\Documents\essetech\hotelapp\Hotel-website-Django\.venv\Lib\site-packages\django\db\models\query.py", line 382, in __len__
    self._fetch_all()
    ~~~~~~~~~~~~~~~^^
  File "C:\Users\HP\OneDrive\Documents\essetech\hotelapp\Hotel-website-Django\.venv\Lib\site-packages\django\db\models\query.py", line 1930, in _fetch_all
    self._prefetch_related_objects()
    ~~~~~~~~~~~~~~~~~~~~~~~~~~~~~~^^
  File "C:\Users\HP\OneDrive\Documents\essetech\hotelapp\Hotel-website-Django\.venv\Lib\site-packages\django\db\models\query.py", line 1320, in _prefetch_related_objects
    prefetch_related_objects(self._result_cache, *self._prefetch_related_lookups)
    ~~~~~~~~~~~~~~~~~~~~~~~~^^^^^^^^^^^^^^^^^^^^^^^^^^^^^^^^^^^^^^^^^^^^^^^^^^^^^
  File "C:\Users\HP\OneDrive\Documents\essetech\hotelapp\Hotel-website-Django\.venv\Lib\site-packages\django\db\models\query.py", line 2355, in prefetch_related_objects
    raise AttributeError(
    ...<7 lines>...
    )
AttributeError: Cannot find 'staff_set' on CustomUser object, 'staff_set' is an invalid parameter to prefetch_related()
ERROR 2025-10-15 10:14:56,920 basehttp 5020 8328 "GET /staff/user-management HTTP/1.1" 500 199277
INFO 2025-10-15 10:16:24,326 autoreload 5020 23272 C:\Users\HP\OneDrive\Documents\essetech\hotelapp\Hotel-website-Django\hotelapp\account\forms.py changed, reloading.
INFO 2025-10-15 10:16:25,264 autoreload 21112 22428 Watching for file changes with StatReloader
INFO 2025-10-15 10:16:35,016 autoreload 21112 22428 C:\Users\HP\OneDrive\Documents\essetech\hotelapp\Hotel-website-Django\hotelapp\account\forms.py changed, reloading.
INFO 2025-10-15 10:16:35,823 autoreload 8264 10756 Watching for file changes with StatReloader
ERROR 2025-10-15 10:16:36,741 log 8264 15164 Internal Server Error: /staff/user-management
Traceback (most recent call last):
  File "C:\Users\HP\OneDrive\Documents\essetech\hotelapp\Hotel-website-Django\.venv\Lib\site-packages\django\core\handlers\exception.py", line 55, in inner
    response = get_response(request)
  File "C:\Users\HP\OneDrive\Documents\essetech\hotelapp\Hotel-website-Django\.venv\Lib\site-packages\django\core\handlers\base.py", line 197, in _get_response
    response = wrapped_callback(request, *callback_args, **callback_kwargs)
  File "C:\Users\HP\OneDrive\Documents\essetech\hotelapp\Hotel-website-Django\.venv\Lib\site-packages\django\contrib\auth\decorators.py", line 60, in _view_wrapper
    return view_func(request, *args, **kwargs)
  File "C:\Users\HP\OneDrive\Documents\essetech\hotelapp\Hotel-website-Django\hotelapp\account\views.py", line 33, in wrapper
    return view_func(request, *args, **kwargs)
  File "C:\Users\HP\OneDrive\Documents\essetech\hotelapp\Hotel-website-Django\hotelapp\account\views.py", line 732, in user_management
    return render(request, "staff/dashboard/user_management.html",context)
  File "C:\Users\HP\OneDrive\Documents\essetech\hotelapp\Hotel-website-Django\.venv\Lib\site-packages\django\shortcuts.py", line 25, in render
    content = loader.render_to_string(template_name, context, request, using=using)
  File "C:\Users\HP\OneDrive\Documents\essetech\hotelapp\Hotel-website-Django\.venv\Lib\site-packages\django\template\loader.py", line 62, in render_to_string
    return template.render(context, request)
           ~~~~~~~~~~~~~~~^^^^^^^^^^^^^^^^^^
  File "C:\Users\HP\OneDrive\Documents\essetech\hotelapp\Hotel-website-Django\.venv\Lib\site-packages\django\template\backends\django.py", line 107, in render
    return self.template.render(context)
           ~~~~~~~~~~~~~~~~~~~~^^^^^^^^^
  File "C:\Users\HP\OneDrive\Documents\essetech\hotelapp\Hotel-website-Django\.venv\Lib\site-packages\django\template\base.py", line 171, in render
    return self._render(context)
           ~~~~~~~~~~~~^^^^^^^^^
  File "C:\Users\HP\OneDrive\Documents\essetech\hotelapp\Hotel-website-Django\.venv\Lib\site-packages\django\template\base.py", line 163, in _render
    return self.nodelist.render(context)
           ~~~~~~~~~~~~~~~~~~~~^^^^^^^^^
  File "C:\Users\HP\OneDrive\Documents\essetech\hotelapp\Hotel-website-Django\.venv\Lib\site-packages\django\template\base.py", line 1008, in render
    return SafeString("".join([node.render_annotated(context) for node in self]))
                               ~~~~~~~~~~~~~~~~~~~~~^^^^^^^^^
  File "C:\Users\HP\OneDrive\Documents\essetech\hotelapp\Hotel-website-Django\.venv\Lib\site-packages\django\template\base.py", line 969, in render_annotated
    return self.render(context)
           ~~~~~~~~~~~^^^^^^^^^
  File "C:\Users\HP\OneDrive\Documents\essetech\hotelapp\Hotel-website-Django\.venv\Lib\site-packages\django\template\loader_tags.py", line 159, in render
    return compiled_parent._render(context)
           ~~~~~~~~~~~~~~~~~~~~~~~^^^^^^^^^
  File "C:\Users\HP\OneDrive\Documents\essetech\hotelapp\Hotel-website-Django\.venv\Lib\site-packages\django\template\base.py", line 163, in _render
    return self.nodelist.render(context)
           ~~~~~~~~~~~~~~~~~~~~^^^^^^^^^
  File "C:\Users\HP\OneDrive\Documents\essetech\hotelapp\Hotel-website-Django\.venv\Lib\site-packages\django\template\base.py", line 1008, in render
    return SafeString("".join([node.render_annotated(context) for node in self]))
                               ~~~~~~~~~~~~~~~~~~~~~^^^^^^^^^
  File "C:\Users\HP\OneDrive\Documents\essetech\hotelapp\Hotel-website-Django\.venv\Lib\site-packages\django\template\base.py", line 969, in render_annotated
    return self.render(context)
           ~~~~~~~~~~~^^^^^^^^^
  File "C:\Users\HP\OneDrive\Documents\essetech\hotelapp\Hotel-website-Django\.venv\Lib\site-packages\django\template\loader_tags.py", line 65, in render
    result = block.nodelist.render(context)
  File "C:\Users\HP\OneDrive\Documents\essetech\hotelapp\Hotel-website-Django\.venv\Lib\site-packages\django\template\base.py", line 1008, in render
    return SafeString("".join([node.render_annotated(context) for node in self]))
                               ~~~~~~~~~~~~~~~~~~~~~^^^^^^^^^
  File "C:\Users\HP\OneDrive\Documents\essetech\hotelapp\Hotel-website-Django\.venv\Lib\site-packages\django\template\base.py", line 969, in render_annotated
    return self.render(context)
           ~~~~~~~~~~~^^^^^^^^^
  File "C:\Users\HP\OneDrive\Documents\essetech\hotelapp\Hotel-website-Django\.venv\Lib\site-packages\django\template\defaulttags.py", line 199, in render
    len_values = len(values)
  File "C:\Users\HP\OneDrive\Documents\essetech\hotelapp\Hotel-website-Django\.venv\Lib\site-packages\django\core\paginator.py", line 191, in __len__
    return len(self.object_list)
  File "C:\Users\HP\OneDrive\Documents\essetech\hotelapp\Hotel-website-Django\.venv\Lib\site-packages\django\db\models\query.py", line 382, in __len__
    self._fetch_all()
    ~~~~~~~~~~~~~~~^^
  File "C:\Users\HP\OneDrive\Documents\essetech\hotelapp\Hotel-website-Django\.venv\Lib\site-packages\django\db\models\query.py", line 1930, in _fetch_all
    self._prefetch_related_objects()
    ~~~~~~~~~~~~~~~~~~~~~~~~~~~~~~^^
  File "C:\Users\HP\OneDrive\Documents\essetech\hotelapp\Hotel-website-Django\.venv\Lib\site-packages\django\db\models\query.py", line 1320, in _prefetch_related_objects
    prefetch_related_objects(self._result_cache, *self._prefetch_related_lookups)
    ~~~~~~~~~~~~~~~~~~~~~~~~^^^^^^^^^^^^^^^^^^^^^^^^^^^^^^^^^^^^^^^^^^^^^^^^^^^^^
  File "C:\Users\HP\OneDrive\Documents\essetech\hotelapp\Hotel-website-Django\.venv\Lib\site-packages\django\db\models\query.py", line 2355, in prefetch_related_objects
    raise AttributeError(
    ...<7 lines>...
    )
AttributeError: Cannot find 'staff_set' on CustomUser object, 'staff_set' is an invalid parameter to prefetch_related()
ERROR 2025-10-15 10:16:36,751 basehttp 8264 15164 "GET /staff/user-management HTTP/1.1" 500 199277
INFO 2025-10-15 10:16:42,196 autoreload 8264 10756 C:\Users\HP\OneDrive\Documents\essetech\hotelapp\Hotel-website-Django\hotelapp\account\forms.py changed, reloading.
INFO 2025-10-15 10:16:43,510 autoreload 9980 25716 Watching for file changes with StatReloader
INFO 2025-10-15 10:16:46,135 autoreload 9980 25716 C:\Users\HP\OneDrive\Documents\essetech\hotelapp\Hotel-website-Django\hotelapp\account\forms.py changed, reloading.
INFO 2025-10-15 10:16:46,881 autoreload 17252 20280 Watching for file changes with StatReloader
ERROR 2025-10-15 10:16:47,769 log 17252 26512 Internal Server Error: /staff/user-management
Traceback (most recent call last):
  File "C:\Users\HP\OneDrive\Documents\essetech\hotelapp\Hotel-website-Django\.venv\Lib\site-packages\django\core\handlers\exception.py", line 55, in inner
    response = get_response(request)
  File "C:\Users\HP\OneDrive\Documents\essetech\hotelapp\Hotel-website-Django\.venv\Lib\site-packages\django\core\handlers\base.py", line 197, in _get_response
    response = wrapped_callback(request, *callback_args, **callback_kwargs)
  File "C:\Users\HP\OneDrive\Documents\essetech\hotelapp\Hotel-website-Django\.venv\Lib\site-packages\django\contrib\auth\decorators.py", line 60, in _view_wrapper
    return view_func(request, *args, **kwargs)
  File "C:\Users\HP\OneDrive\Documents\essetech\hotelapp\Hotel-website-Django\hotelapp\account\views.py", line 33, in wrapper
    return view_func(request, *args, **kwargs)
  File "C:\Users\HP\OneDrive\Documents\essetech\hotelapp\Hotel-website-Django\hotelapp\account\views.py", line 732, in user_management
    return render(request, "staff/dashboard/user_management.html",context)
  File "C:\Users\HP\OneDrive\Documents\essetech\hotelapp\Hotel-website-Django\.venv\Lib\site-packages\django\shortcuts.py", line 25, in render
    content = loader.render_to_string(template_name, context, request, using=using)
  File "C:\Users\HP\OneDrive\Documents\essetech\hotelapp\Hotel-website-Django\.venv\Lib\site-packages\django\template\loader.py", line 62, in render_to_string
    return template.render(context, request)
           ~~~~~~~~~~~~~~~^^^^^^^^^^^^^^^^^^
  File "C:\Users\HP\OneDrive\Documents\essetech\hotelapp\Hotel-website-Django\.venv\Lib\site-packages\django\template\backends\django.py", line 107, in render
    return self.template.render(context)
           ~~~~~~~~~~~~~~~~~~~~^^^^^^^^^
  File "C:\Users\HP\OneDrive\Documents\essetech\hotelapp\Hotel-website-Django\.venv\Lib\site-packages\django\template\base.py", line 171, in render
    return self._render(context)
           ~~~~~~~~~~~~^^^^^^^^^
  File "C:\Users\HP\OneDrive\Documents\essetech\hotelapp\Hotel-website-Django\.venv\Lib\site-packages\django\template\base.py", line 163, in _render
    return self.nodelist.render(context)
           ~~~~~~~~~~~~~~~~~~~~^^^^^^^^^
  File "C:\Users\HP\OneDrive\Documents\essetech\hotelapp\Hotel-website-Django\.venv\Lib\site-packages\django\template\base.py", line 1008, in render
    return SafeString("".join([node.render_annotated(context) for node in self]))
                               ~~~~~~~~~~~~~~~~~~~~~^^^^^^^^^
  File "C:\Users\HP\OneDrive\Documents\essetech\hotelapp\Hotel-website-Django\.venv\Lib\site-packages\django\template\base.py", line 969, in render_annotated
    return self.render(context)
           ~~~~~~~~~~~^^^^^^^^^
  File "C:\Users\HP\OneDrive\Documents\essetech\hotelapp\Hotel-website-Django\.venv\Lib\site-packages\django\template\loader_tags.py", line 159, in render
    return compiled_parent._render(context)
           ~~~~~~~~~~~~~~~~~~~~~~~^^^^^^^^^
  File "C:\Users\HP\OneDrive\Documents\essetech\hotelapp\Hotel-website-Django\.venv\Lib\site-packages\django\template\base.py", line 163, in _render
    return self.nodelist.render(context)
           ~~~~~~~~~~~~~~~~~~~~^^^^^^^^^
  File "C:\Users\HP\OneDrive\Documents\essetech\hotelapp\Hotel-website-Django\.venv\Lib\site-packages\django\template\base.py", line 1008, in render
    return SafeString("".join([node.render_annotated(context) for node in self]))
                               ~~~~~~~~~~~~~~~~~~~~~^^^^^^^^^
  File "C:\Users\HP\OneDrive\Documents\essetech\hotelapp\Hotel-website-Django\.venv\Lib\site-packages\django\template\base.py", line 969, in render_annotated
    return self.render(context)
           ~~~~~~~~~~~^^^^^^^^^
  File "C:\Users\HP\OneDrive\Documents\essetech\hotelapp\Hotel-website-Django\.venv\Lib\site-packages\django\template\loader_tags.py", line 65, in render
    result = block.nodelist.render(context)
  File "C:\Users\HP\OneDrive\Documents\essetech\hotelapp\Hotel-website-Django\.venv\Lib\site-packages\django\template\base.py", line 1008, in render
    return SafeString("".join([node.render_annotated(context) for node in self]))
                               ~~~~~~~~~~~~~~~~~~~~~^^^^^^^^^
  File "C:\Users\HP\OneDrive\Documents\essetech\hotelapp\Hotel-website-Django\.venv\Lib\site-packages\django\template\base.py", line 969, in render_annotated
    return self.render(context)
           ~~~~~~~~~~~^^^^^^^^^
  File "C:\Users\HP\OneDrive\Documents\essetech\hotelapp\Hotel-website-Django\.venv\Lib\site-packages\django\template\defaulttags.py", line 199, in render
    len_values = len(values)
  File "C:\Users\HP\OneDrive\Documents\essetech\hotelapp\Hotel-website-Django\.venv\Lib\site-packages\django\core\paginator.py", line 191, in __len__
    return len(self.object_list)
  File "C:\Users\HP\OneDrive\Documents\essetech\hotelapp\Hotel-website-Django\.venv\Lib\site-packages\django\db\models\query.py", line 382, in __len__
    self._fetch_all()
    ~~~~~~~~~~~~~~~^^
  File "C:\Users\HP\OneDrive\Documents\essetech\hotelapp\Hotel-website-Django\.venv\Lib\site-packages\django\db\models\query.py", line 1930, in _fetch_all
    self._prefetch_related_objects()
    ~~~~~~~~~~~~~~~~~~~~~~~~~~~~~~^^
  File "C:\Users\HP\OneDrive\Documents\essetech\hotelapp\Hotel-website-Django\.venv\Lib\site-packages\django\db\models\query.py", line 1320, in _prefetch_related_objects
    prefetch_related_objects(self._result_cache, *self._prefetch_related_lookups)
    ~~~~~~~~~~~~~~~~~~~~~~~~^^^^^^^^^^^^^^^^^^^^^^^^^^^^^^^^^^^^^^^^^^^^^^^^^^^^^
  File "C:\Users\HP\OneDrive\Documents\essetech\hotelapp\Hotel-website-Django\.venv\Lib\site-packages\django\db\models\query.py", line 2355, in prefetch_related_objects
    raise AttributeError(
    ...<7 lines>...
    )
AttributeError: Cannot find 'staff_set' on CustomUser object, 'staff_set' is an invalid parameter to prefetch_related()
ERROR 2025-10-15 10:16:47,780 basehttp 17252 26512 "GET /staff/user-management HTTP/1.1" 500 199277
INFO 2025-10-15 10:17:01,638 autoreload 17252 20280 C:\Users\HP\OneDrive\Documents\essetech\hotelapp\Hotel-website-Django\hotelapp\account\forms.py changed, reloading.
INFO 2025-10-15 10:17:02,482 autoreload 28568 22856 Watching for file changes with StatReloader
ERROR 2025-10-15 10:17:03,543 log 28568 20348 Internal Server Error: /staff/user-management
Traceback (most recent call last):
  File "C:\Users\HP\OneDrive\Documents\essetech\hotelapp\Hotel-website-Django\.venv\Lib\site-packages\django\core\handlers\exception.py", line 55, in inner
    response = get_response(request)
  File "C:\Users\HP\OneDrive\Documents\essetech\hotelapp\Hotel-website-Django\.venv\Lib\site-packages\django\core\handlers\base.py", line 197, in _get_response
    response = wrapped_callback(request, *callback_args, **callback_kwargs)
  File "C:\Users\HP\OneDrive\Documents\essetech\hotelapp\Hotel-website-Django\.venv\Lib\site-packages\django\contrib\auth\decorators.py", line 60, in _view_wrapper
    return view_func(request, *args, **kwargs)
  File "C:\Users\HP\OneDrive\Documents\essetech\hotelapp\Hotel-website-Django\hotelapp\account\views.py", line 33, in wrapper
    return view_func(request, *args, **kwargs)
  File "C:\Users\HP\OneDrive\Documents\essetech\hotelapp\Hotel-website-Django\hotelapp\account\views.py", line 732, in user_management
    return render(request, "staff/dashboard/user_management.html",context)
  File "C:\Users\HP\OneDrive\Documents\essetech\hotelapp\Hotel-website-Django\.venv\Lib\site-packages\django\shortcuts.py", line 25, in render
    content = loader.render_to_string(template_name, context, request, using=using)
  File "C:\Users\HP\OneDrive\Documents\essetech\hotelapp\Hotel-website-Django\.venv\Lib\site-packages\django\template\loader.py", line 62, in render_to_string
    return template.render(context, request)
           ~~~~~~~~~~~~~~~^^^^^^^^^^^^^^^^^^
  File "C:\Users\HP\OneDrive\Documents\essetech\hotelapp\Hotel-website-Django\.venv\Lib\site-packages\django\template\backends\django.py", line 107, in render
    return self.template.render(context)
           ~~~~~~~~~~~~~~~~~~~~^^^^^^^^^
  File "C:\Users\HP\OneDrive\Documents\essetech\hotelapp\Hotel-website-Django\.venv\Lib\site-packages\django\template\base.py", line 171, in render
    return self._render(context)
           ~~~~~~~~~~~~^^^^^^^^^
  File "C:\Users\HP\OneDrive\Documents\essetech\hotelapp\Hotel-website-Django\.venv\Lib\site-packages\django\template\base.py", line 163, in _render
    return self.nodelist.render(context)
           ~~~~~~~~~~~~~~~~~~~~^^^^^^^^^
  File "C:\Users\HP\OneDrive\Documents\essetech\hotelapp\Hotel-website-Django\.venv\Lib\site-packages\django\template\base.py", line 1008, in render
    return SafeString("".join([node.render_annotated(context) for node in self]))
                               ~~~~~~~~~~~~~~~~~~~~~^^^^^^^^^
  File "C:\Users\HP\OneDrive\Documents\essetech\hotelapp\Hotel-website-Django\.venv\Lib\site-packages\django\template\base.py", line 969, in render_annotated
    return self.render(context)
           ~~~~~~~~~~~^^^^^^^^^
  File "C:\Users\HP\OneDrive\Documents\essetech\hotelapp\Hotel-website-Django\.venv\Lib\site-packages\django\template\loader_tags.py", line 159, in render
    return compiled_parent._render(context)
           ~~~~~~~~~~~~~~~~~~~~~~~^^^^^^^^^
  File "C:\Users\HP\OneDrive\Documents\essetech\hotelapp\Hotel-website-Django\.venv\Lib\site-packages\django\template\base.py", line 163, in _render
    return self.nodelist.render(context)
           ~~~~~~~~~~~~~~~~~~~~^^^^^^^^^
  File "C:\Users\HP\OneDrive\Documents\essetech\hotelapp\Hotel-website-Django\.venv\Lib\site-packages\django\template\base.py", line 1008, in render
    return SafeString("".join([node.render_annotated(context) for node in self]))
                               ~~~~~~~~~~~~~~~~~~~~~^^^^^^^^^
  File "C:\Users\HP\OneDrive\Documents\essetech\hotelapp\Hotel-website-Django\.venv\Lib\site-packages\django\template\base.py", line 969, in render_annotated
    return self.render(context)
           ~~~~~~~~~~~^^^^^^^^^
  File "C:\Users\HP\OneDrive\Documents\essetech\hotelapp\Hotel-website-Django\.venv\Lib\site-packages\django\template\loader_tags.py", line 65, in render
    result = block.nodelist.render(context)
  File "C:\Users\HP\OneDrive\Documents\essetech\hotelapp\Hotel-website-Django\.venv\Lib\site-packages\django\template\base.py", line 1008, in render
    return SafeString("".join([node.render_annotated(context) for node in self]))
                               ~~~~~~~~~~~~~~~~~~~~~^^^^^^^^^
  File "C:\Users\HP\OneDrive\Documents\essetech\hotelapp\Hotel-website-Django\.venv\Lib\site-packages\django\template\base.py", line 969, in render_annotated
    return self.render(context)
           ~~~~~~~~~~~^^^^^^^^^
  File "C:\Users\HP\OneDrive\Documents\essetech\hotelapp\Hotel-website-Django\.venv\Lib\site-packages\django\template\defaulttags.py", line 199, in render
    len_values = len(values)
  File "C:\Users\HP\OneDrive\Documents\essetech\hotelapp\Hotel-website-Django\.venv\Lib\site-packages\django\core\paginator.py", line 191, in __len__
    return len(self.object_list)
  File "C:\Users\HP\OneDrive\Documents\essetech\hotelapp\Hotel-website-Django\.venv\Lib\site-packages\django\db\models\query.py", line 382, in __len__
    self._fetch_all()
    ~~~~~~~~~~~~~~~^^
  File "C:\Users\HP\OneDrive\Documents\essetech\hotelapp\Hotel-website-Django\.venv\Lib\site-packages\django\db\models\query.py", line 1930, in _fetch_all
    self._prefetch_related_objects()
    ~~~~~~~~~~~~~~~~~~~~~~~~~~~~~~^^
  File "C:\Users\HP\OneDrive\Documents\essetech\hotelapp\Hotel-website-Django\.venv\Lib\site-packages\django\db\models\query.py", line 1320, in _prefetch_related_objects
    prefetch_related_objects(self._result_cache, *self._prefetch_related_lookups)
    ~~~~~~~~~~~~~~~~~~~~~~~~^^^^^^^^^^^^^^^^^^^^^^^^^^^^^^^^^^^^^^^^^^^^^^^^^^^^^
  File "C:\Users\HP\OneDrive\Documents\essetech\hotelapp\Hotel-website-Django\.venv\Lib\site-packages\django\db\models\query.py", line 2355, in prefetch_related_objects
    raise AttributeError(
    ...<7 lines>...
    )
AttributeError: Cannot find 'staff_set' on CustomUser object, 'staff_set' is an invalid parameter to prefetch_related()
ERROR 2025-10-15 10:17:03,554 basehttp 28568 20348 "GET /staff/user-management HTTP/1.1" 500 199277
INFO 2025-10-15 10:17:19,685 autoreload 25272 13928 Watching for file changes with StatReloader
ERROR 2025-10-15 10:17:20,453 log 25272 22776 Internal Server Error: /staff/user-management
Traceback (most recent call last):
  File "C:\Users\HP\OneDrive\Documents\essetech\hotelapp\Hotel-website-Django\.venv\Lib\site-packages\django\core\handlers\exception.py", line 55, in inner
    response = get_response(request)
  File "C:\Users\HP\OneDrive\Documents\essetech\hotelapp\Hotel-website-Django\.venv\Lib\site-packages\django\core\handlers\base.py", line 197, in _get_response
    response = wrapped_callback(request, *callback_args, **callback_kwargs)
  File "C:\Users\HP\OneDrive\Documents\essetech\hotelapp\Hotel-website-Django\.venv\Lib\site-packages\django\contrib\auth\decorators.py", line 60, in _view_wrapper
    return view_func(request, *args, **kwargs)
  File "C:\Users\HP\OneDrive\Documents\essetech\hotelapp\Hotel-website-Django\hotelapp\account\views.py", line 33, in wrapper
    return view_func(request, *args, **kwargs)
  File "C:\Users\HP\OneDrive\Documents\essetech\hotelapp\Hotel-website-Django\hotelapp\account\views.py", line 732, in user_management
    return render(request, "staff/dashboard/user_management.html",context)
  File "C:\Users\HP\OneDrive\Documents\essetech\hotelapp\Hotel-website-Django\.venv\Lib\site-packages\django\shortcuts.py", line 25, in render
    content = loader.render_to_string(template_name, context, request, using=using)
  File "C:\Users\HP\OneDrive\Documents\essetech\hotelapp\Hotel-website-Django\.venv\Lib\site-packages\django\template\loader.py", line 62, in render_to_string
    return template.render(context, request)
           ~~~~~~~~~~~~~~~^^^^^^^^^^^^^^^^^^
  File "C:\Users\HP\OneDrive\Documents\essetech\hotelapp\Hotel-website-Django\.venv\Lib\site-packages\django\template\backends\django.py", line 107, in render
    return self.template.render(context)
           ~~~~~~~~~~~~~~~~~~~~^^^^^^^^^
  File "C:\Users\HP\OneDrive\Documents\essetech\hotelapp\Hotel-website-Django\.venv\Lib\site-packages\django\template\base.py", line 171, in render
    return self._render(context)
           ~~~~~~~~~~~~^^^^^^^^^
  File "C:\Users\HP\OneDrive\Documents\essetech\hotelapp\Hotel-website-Django\.venv\Lib\site-packages\django\template\base.py", line 163, in _render
    return self.nodelist.render(context)
           ~~~~~~~~~~~~~~~~~~~~^^^^^^^^^
  File "C:\Users\HP\OneDrive\Documents\essetech\hotelapp\Hotel-website-Django\.venv\Lib\site-packages\django\template\base.py", line 1008, in render
    return SafeString("".join([node.render_annotated(context) for node in self]))
                               ~~~~~~~~~~~~~~~~~~~~~^^^^^^^^^
  File "C:\Users\HP\OneDrive\Documents\essetech\hotelapp\Hotel-website-Django\.venv\Lib\site-packages\django\template\base.py", line 969, in render_annotated
    return self.render(context)
           ~~~~~~~~~~~^^^^^^^^^
  File "C:\Users\HP\OneDrive\Documents\essetech\hotelapp\Hotel-website-Django\.venv\Lib\site-packages\django\template\loader_tags.py", line 159, in render
    return compiled_parent._render(context)
           ~~~~~~~~~~~~~~~~~~~~~~~^^^^^^^^^
  File "C:\Users\HP\OneDrive\Documents\essetech\hotelapp\Hotel-website-Django\.venv\Lib\site-packages\django\template\base.py", line 163, in _render
    return self.nodelist.render(context)
           ~~~~~~~~~~~~~~~~~~~~^^^^^^^^^
  File "C:\Users\HP\OneDrive\Documents\essetech\hotelapp\Hotel-website-Django\.venv\Lib\site-packages\django\template\base.py", line 1008, in render
    return SafeString("".join([node.render_annotated(context) for node in self]))
                               ~~~~~~~~~~~~~~~~~~~~~^^^^^^^^^
  File "C:\Users\HP\OneDrive\Documents\essetech\hotelapp\Hotel-website-Django\.venv\Lib\site-packages\django\template\base.py", line 969, in render_annotated
    return self.render(context)
           ~~~~~~~~~~~^^^^^^^^^
  File "C:\Users\HP\OneDrive\Documents\essetech\hotelapp\Hotel-website-Django\.venv\Lib\site-packages\django\template\loader_tags.py", line 65, in render
    result = block.nodelist.render(context)
  File "C:\Users\HP\OneDrive\Documents\essetech\hotelapp\Hotel-website-Django\.venv\Lib\site-packages\django\template\base.py", line 1008, in render
    return SafeString("".join([node.render_annotated(context) for node in self]))
                               ~~~~~~~~~~~~~~~~~~~~~^^^^^^^^^
  File "C:\Users\HP\OneDrive\Documents\essetech\hotelapp\Hotel-website-Django\.venv\Lib\site-packages\django\template\base.py", line 969, in render_annotated
    return self.render(context)
           ~~~~~~~~~~~^^^^^^^^^
  File "C:\Users\HP\OneDrive\Documents\essetech\hotelapp\Hotel-website-Django\.venv\Lib\site-packages\django\template\defaulttags.py", line 199, in render
    len_values = len(values)
  File "C:\Users\HP\OneDrive\Documents\essetech\hotelapp\Hotel-website-Django\.venv\Lib\site-packages\django\core\paginator.py", line 191, in __len__
    return len(self.object_list)
  File "C:\Users\HP\OneDrive\Documents\essetech\hotelapp\Hotel-website-Django\.venv\Lib\site-packages\django\db\models\query.py", line 382, in __len__
    self._fetch_all()
    ~~~~~~~~~~~~~~~^^
  File "C:\Users\HP\OneDrive\Documents\essetech\hotelapp\Hotel-website-Django\.venv\Lib\site-packages\django\db\models\query.py", line 1930, in _fetch_all
    self._prefetch_related_objects()
    ~~~~~~~~~~~~~~~~~~~~~~~~~~~~~~^^
  File "C:\Users\HP\OneDrive\Documents\essetech\hotelapp\Hotel-website-Django\.venv\Lib\site-packages\django\db\models\query.py", line 1320, in _prefetch_related_objects
    prefetch_related_objects(self._result_cache, *self._prefetch_related_lookups)
    ~~~~~~~~~~~~~~~~~~~~~~~~^^^^^^^^^^^^^^^^^^^^^^^^^^^^^^^^^^^^^^^^^^^^^^^^^^^^^
  File "C:\Users\HP\OneDrive\Documents\essetech\hotelapp\Hotel-website-Django\.venv\Lib\site-packages\django\db\models\query.py", line 2355, in prefetch_related_objects
    raise AttributeError(
    ...<7 lines>...
    )
AttributeError: Cannot find 'staff_set' on CustomUser object, 'staff_set' is an invalid parameter to prefetch_related()
ERROR 2025-10-15 10:17:20,464 basehttp 25272 22776 "GET /staff/user-management HTTP/1.1" 500 199277
INFO 2025-10-15 10:20:11,150 autoreload 25272 13928 C:\Users\HP\OneDrive\Documents\essetech\hotelapp\Hotel-website-Django\hotelapp\account\views.py changed, reloading.
INFO 2025-10-15 10:20:12,214 autoreload 28616 25720 Watching for file changes with StatReloader
INFO 2025-10-15 10:20:13,183 basehttp 28616 8884 "GET /staff/user-management HTTP/1.1" 200 57301
WARNING 2025-10-15 10:20:13,260 basehttp 28616 7404 "GET /static/images/default.png HTTP/1.1" 404 1868
INFO 2025-10-15 10:20:13,318 basehttp 28616 8884 "GET /static/css/dist/styles.css?v=1760566813 HTTP/1.1" 200 109395
INFO 2025-10-15 10:20:55,179 basehttp 28616 27616 "GET /staff/user-management HTTP/1.1" 200 57345
INFO 2025-10-15 10:20:55,242 basehttp 28616 27616 "GET /static/css/dist/styles.css?v=1760566855 HTTP/1.1" 200 109395
WARNING 2025-10-15 10:20:55,268 basehttp 28616 21000 "GET /static/images/default.png HTTP/1.1" 404 1868
INFO 2025-10-15 10:21:11,771 basehttp 28616 28568 "GET /staff/user-management HTTP/1.1" 200 59137
INFO 2025-10-15 10:21:11,822 basehttp 28616 28568 "GET /static/css/dist/styles.css?v=1760566871 HTTP/1.1" 200 109395
WARNING 2025-10-15 10:21:11,843 basehttp 28616 19416 "GET /static/images/default.png HTTP/1.1" 404 1868
INFO 2025-10-15 10:21:14,045 basehttp 28616 3988 "GET /staff/user-management HTTP/1.1" 200 59152
INFO 2025-10-15 10:21:14,108 basehttp 28616 3988 "GET /static/css/dist/styles.css?v=1760566874 HTTP/1.1" 200 109395
WARNING 2025-10-15 10:21:14,128 basehttp 28616 24920 "GET /static/images/default.png HTTP/1.1" 404 1868
INFO 2025-10-15 10:21:23,160 basehttp 28616 22612 "POST /staff/user-management/3/toggle-verification/ HTTP/1.1" 302 0
INFO 2025-10-15 10:21:23,194 basehttp 28616 22612 "GET /staff/user-management HTTP/1.1" 200 59196
WARNING 2025-10-15 10:21:23,249 basehttp 28616 12216 "GET /static/images/default.png HTTP/1.1" 404 1868
INFO 2025-10-15 10:21:23,251 basehttp 28616 22612 "GET /static/css/dist/styles.css?v=1760566883 HTTP/1.1" 200 109395
ERROR 2025-10-15 10:21:52,038 log 28616 14800 Internal Server Error: /user-analytics/
Traceback (most recent call last):
  File "C:\Users\HP\OneDrive\Documents\essetech\hotelapp\Hotel-website-Django\.venv\Lib\site-packages\django\core\handlers\exception.py", line 55, in inner
    response = get_response(request)
  File "C:\Users\HP\OneDrive\Documents\essetech\hotelapp\Hotel-website-Django\.venv\Lib\site-packages\django\core\handlers\base.py", line 197, in _get_response
    response = wrapped_callback(request, *callback_args, **callback_kwargs)
  File "C:\Users\HP\OneDrive\Documents\essetech\hotelapp\Hotel-website-Django\.venv\Lib\site-packages\django\contrib\auth\decorators.py", line 60, in _view_wrapper
    return view_func(request, *args, **kwargs)
  File "C:\Users\HP\OneDrive\Documents\essetech\hotelapp\Hotel-website-Django\hotelapp\account\views.py", line 33, in wrapper
    return view_func(request, *args, **kwargs)
  File "C:\Users\HP\OneDrive\Documents\essetech\hotelapp\Hotel-website-Django\hotelapp\account\views.py", line 1079, in user_analytics
    return render(request, "staff/dashboard/user_analytics.html", context)
  File "C:\Users\HP\OneDrive\Documents\essetech\hotelapp\Hotel-website-Django\.venv\Lib\site-packages\django\shortcuts.py", line 25, in render
    content = loader.render_to_string(template_name, context, request, using=using)
  File "C:\Users\HP\OneDrive\Documents\essetech\hotelapp\Hotel-website-Django\.venv\Lib\site-packages\django\template\loader.py", line 61, in render_to_string
    template = get_template(template_name, using=using)
  File "C:\Users\HP\OneDrive\Documents\essetech\hotelapp\Hotel-website-Django\.venv\Lib\site-packages\django\template\loader.py", line 19, in get_template
    raise TemplateDoesNotExist(template_name, chain=chain)
django.template.exceptions.TemplateDoesNotExist: staff/dashboard/user_analytics.html
ERROR 2025-10-15 10:21:52,044 basehttp 28616 14800 "GET /user-analytics/ HTTP/1.1" 500 107081
ERROR 2025-10-15 10:21:56,341 log 28616 3408 Internal Server Error: /staff/user-management/create/
Traceback (most recent call last):
  File "C:\Users\HP\OneDrive\Documents\essetech\hotelapp\Hotel-website-Django\.venv\Lib\site-packages\django\core\handlers\exception.py", line 55, in inner
    response = get_response(request)
  File "C:\Users\HP\OneDrive\Documents\essetech\hotelapp\Hotel-website-Django\.venv\Lib\site-packages\django\core\handlers\base.py", line 197, in _get_response
    response = wrapped_callback(request, *callback_args, **callback_kwargs)
  File "C:\Users\HP\OneDrive\Documents\essetech\hotelapp\Hotel-website-Django\.venv\Lib\site-packages\django\contrib\auth\decorators.py", line 60, in _view_wrapper
    return view_func(request, *args, **kwargs)
  File "C:\Users\HP\OneDrive\Documents\essetech\hotelapp\Hotel-website-Django\hotelapp\account\views.py", line 33, in wrapper
    return view_func(request, *args, **kwargs)
  File "C:\Users\HP\OneDrive\Documents\essetech\hotelapp\Hotel-website-Django\hotelapp\account\views.py", line 878, in create_user
    return render(request, "staff/dashboard/create_user.html", context)
  File "C:\Users\HP\OneDrive\Documents\essetech\hotelapp\Hotel-website-Django\.venv\Lib\site-packages\django\shortcuts.py", line 25, in render
    content = loader.render_to_string(template_name, context, request, using=using)
  File "C:\Users\HP\OneDrive\Documents\essetech\hotelapp\Hotel-website-Django\.venv\Lib\site-packages\django\template\loader.py", line 61, in render_to_string
    template = get_template(template_name, using=using)
  File "C:\Users\HP\OneDrive\Documents\essetech\hotelapp\Hotel-website-Django\.venv\Lib\site-packages\django\template\loader.py", line 19, in get_template
    raise TemplateDoesNotExist(template_name, chain=chain)
django.template.exceptions.TemplateDoesNotExist: staff/dashboard/create_user.html
ERROR 2025-10-15 10:21:56,346 basehttp 28616 3408 "GET /staff/user-management/create/ HTTP/1.1" 500 104944
ERROR 2025-10-15 10:22:21,816 log 28616 17832 Internal Server Error: /staff/user-management/3/edit/
Traceback (most recent call last):
  File "C:\Users\HP\OneDrive\Documents\essetech\hotelapp\Hotel-website-Django\.venv\Lib\site-packages\django\core\handlers\exception.py", line 55, in inner
    response = get_response(request)
  File "C:\Users\HP\OneDrive\Documents\essetech\hotelapp\Hotel-website-Django\.venv\Lib\site-packages\django\core\handlers\base.py", line 197, in _get_response
    response = wrapped_callback(request, *callback_args, **callback_kwargs)
  File "C:\Users\HP\OneDrive\Documents\essetech\hotelapp\Hotel-website-Django\.venv\Lib\site-packages\django\contrib\auth\decorators.py", line 60, in _view_wrapper
    return view_func(request, *args, **kwargs)
  File "C:\Users\HP\OneDrive\Documents\essetech\hotelapp\Hotel-website-Django\hotelapp\account\views.py", line 33, in wrapper
    return view_func(request, *args, **kwargs)
  File "C:\Users\HP\OneDrive\Documents\essetech\hotelapp\Hotel-website-Django\hotelapp\account\views.py", line 795, in edit_user
    return render(request, "staff/dashboard/edit_user.html", context)
  File "C:\Users\HP\OneDrive\Documents\essetech\hotelapp\Hotel-website-Django\.venv\Lib\site-packages\django\shortcuts.py", line 25, in render
    content = loader.render_to_string(template_name, context, request, using=using)
  File "C:\Users\HP\OneDrive\Documents\essetech\hotelapp\Hotel-website-Django\.venv\Lib\site-packages\django\template\loader.py", line 61, in render_to_string
    template = get_template(template_name, using=using)
  File "C:\Users\HP\OneDrive\Documents\essetech\hotelapp\Hotel-website-Django\.venv\Lib\site-packages\django\template\loader.py", line 19, in get_template
    raise TemplateDoesNotExist(template_name, chain=chain)
django.template.exceptions.TemplateDoesNotExist: staff/dashboard/edit_user.html
ERROR 2025-10-15 10:22:21,820 basehttp 28616 17832 "GET /staff/user-management/3/edit/ HTTP/1.1" 500 105474
INFO 2025-10-15 10:22:26,072 basehttp 28616 27384 "GET /staff/user-management/3/ HTTP/1.1" 200 21380
INFO 2025-10-15 10:22:26,133 basehttp 28616 27384 "GET /static/css/dist/styles.css?v=1760566946 HTTP/1.1" 200 109395
WARNING 2025-10-15 10:22:26,148 basehttp 28616 28352 "GET /static/images/default.png HTTP/1.1" 404 1868
ERROR 2025-10-15 10:22:31,941 log 28616 11504 Internal Server Error: /staff/user-management/3/edit/
Traceback (most recent call last):
  File "C:\Users\HP\OneDrive\Documents\essetech\hotelapp\Hotel-website-Django\.venv\Lib\site-packages\django\core\handlers\exception.py", line 55, in inner
    response = get_response(request)
  File "C:\Users\HP\OneDrive\Documents\essetech\hotelapp\Hotel-website-Django\.venv\Lib\site-packages\django\core\handlers\base.py", line 197, in _get_response
    response = wrapped_callback(request, *callback_args, **callback_kwargs)
  File "C:\Users\HP\OneDrive\Documents\essetech\hotelapp\Hotel-website-Django\.venv\Lib\site-packages\django\contrib\auth\decorators.py", line 60, in _view_wrapper
    return view_func(request, *args, **kwargs)
  File "C:\Users\HP\OneDrive\Documents\essetech\hotelapp\Hotel-website-Django\hotelapp\account\views.py", line 33, in wrapper
    return view_func(request, *args, **kwargs)
  File "C:\Users\HP\OneDrive\Documents\essetech\hotelapp\Hotel-website-Django\hotelapp\account\views.py", line 795, in edit_user
    return render(request, "staff/dashboard/edit_user.html", context)
  File "C:\Users\HP\OneDrive\Documents\essetech\hotelapp\Hotel-website-Django\.venv\Lib\site-packages\django\shortcuts.py", line 25, in render
    content = loader.render_to_string(template_name, context, request, using=using)
  File "C:\Users\HP\OneDrive\Documents\essetech\hotelapp\Hotel-website-Django\.venv\Lib\site-packages\django\template\loader.py", line 61, in render_to_string
    template = get_template(template_name, using=using)
  File "C:\Users\HP\OneDrive\Documents\essetech\hotelapp\Hotel-website-Django\.venv\Lib\site-packages\django\template\loader.py", line 19, in get_template
    raise TemplateDoesNotExist(template_name, chain=chain)
django.template.exceptions.TemplateDoesNotExist: staff/dashboard/edit_user.html
ERROR 2025-10-15 10:22:31,944 basehttp 28616 11504 "GET /staff/user-management/3/edit/ HTTP/1.1" 500 105477
INFO 2025-10-15 10:22:41,215 basehttp 28616 21528 "GET /staff/user-management HTTP/1.1" 200 59196
INFO 2025-10-15 10:22:41,284 basehttp 28616 21528 "GET /static/css/dist/styles.css?v=1760566961 HTTP/1.1" 200 109395
WARNING 2025-10-15 10:22:41,284 basehttp 28616 10100 "GET /static/images/default.png HTTP/1.1" 404 1868
INFO 2025-10-15 10:23:44,208 basehttp 28616 26720 "GET /staff/user-management HTTP/1.1" 200 54438
INFO 2025-10-15 10:23:44,277 basehttp 28616 26720 "GET /static/css/dist/styles.css?v=1760567024 HTTP/1.1" 200 109395
WARNING 2025-10-15 10:23:44,302 basehttp 28616 26720 "GET /static/images/default.png HTTP/1.1" 404 1868
INFO 2025-10-15 10:23:49,644 basehttp 28616 28412 "GET /staff/user-management HTTP/1.1" 200 56082
INFO 2025-10-15 10:23:49,715 basehttp 28616 28412 "GET /static/css/dist/styles.css?v=1760567029 HTTP/1.1" 200 109395
WARNING 2025-10-15 10:23:49,727 basehttp 28616 19876 "GET /static/images/default.png HTTP/1.1" 404 1868
ERROR 2025-10-15 10:24:11,714 log 28616 6884 Internal Server Error: /staff-management/
Traceback (most recent call last):
  File "C:\Users\HP\OneDrive\Documents\essetech\hotelapp\Hotel-website-Django\.venv\Lib\site-packages\django\core\handlers\exception.py", line 55, in inner
    response = get_response(request)
  File "C:\Users\HP\OneDrive\Documents\essetech\hotelapp\Hotel-website-Django\.venv\Lib\site-packages\django\core\handlers\base.py", line 197, in _get_response
    response = wrapped_callback(request, *callback_args, **callback_kwargs)
  File "C:\Users\HP\OneDrive\Documents\essetech\hotelapp\Hotel-website-Django\.venv\Lib\site-packages\django\contrib\auth\decorators.py", line 60, in _view_wrapper
    return view_func(request, *args, **kwargs)
  File "C:\Users\HP\OneDrive\Documents\essetech\hotelapp\Hotel-website-Django\hotelapp\account\views.py", line 33, in wrapper
    return view_func(request, *args, **kwargs)
  File "C:\Users\HP\OneDrive\Documents\essetech\hotelapp\Hotel-website-Django\hotelapp\account\views.py", line 940, in manage_staff
    return render(request, "staff/dashboard/manage_staff.html", context)
  File "C:\Users\HP\OneDrive\Documents\essetech\hotelapp\Hotel-website-Django\.venv\Lib\site-packages\django\shortcuts.py", line 25, in render
    content = loader.render_to_string(template_name, context, request, using=using)
  File "C:\Users\HP\OneDrive\Documents\essetech\hotelapp\Hotel-website-Django\.venv\Lib\site-packages\django\template\loader.py", line 61, in render_to_string
    template = get_template(template_name, using=using)
  File "C:\Users\HP\OneDrive\Documents\essetech\hotelapp\Hotel-website-Django\.venv\Lib\site-packages\django\template\loader.py", line 19, in get_template
    raise TemplateDoesNotExist(template_name, chain=chain)
django.template.exceptions.TemplateDoesNotExist: staff/dashboard/manage_staff.html
ERROR 2025-10-15 10:24:11,717 basehttp 28616 6884 "GET /staff-management/ HTTP/1.1" 500 110804
INFO 2025-10-15 10:24:20,574 basehttp 28616 8048 "GET /staff/user-management HTTP/1.1" 200 54438
WARNING 2025-10-15 10:24:20,645 basehttp 28616 23032 "GET /static/images/default.png HTTP/1.1" 404 1868
INFO 2025-10-15 10:24:20,648 basehttp 28616 8048 "GET /static/css/dist/styles.css?v=1760567060 HTTP/1.1" 200 109395
INFO 2025-10-15 10:24:21,714 basehttp 28616 10448 "GET /staff/user-management HTTP/1.1" 200 59196
WARNING 2025-10-15 10:24:21,796 basehttp 28616 4676 "GET /static/images/default.png HTTP/1.1" 404 1868
INFO 2025-10-15 10:24:21,797 basehttp 28616 10448 "GET /static/css/dist/styles.css?v=1760567061 HTTP/1.1" 200 109395
INFO 2025-10-15 10:26:07,417 basehttp 28616 12984 "GET /staff/user-management HTTP/1.1" 200 57241
INFO 2025-10-15 10:26:07,482 basehttp 28616 12984 "GET /static/css/dist/styles.css?v=1760567167 HTTP/1.1" 200 109395
WARNING 2025-10-15 10:26:07,501 basehttp 28616 9140 "GET /static/images/default.png HTTP/1.1" 404 1868
INFO 2025-10-15 10:26:13,905 basehttp 28616 28468 "GET /staff/user-management HTTP/1.1" 200 59213
INFO 2025-10-15 10:26:13,962 basehttp 28616 28468 "GET /static/css/dist/styles.css?v=1760567173 HTTP/1.1" 200 109395
WARNING 2025-10-15 10:26:13,981 basehttp 28616 28468 "GET /static/images/default.png HTTP/1.1" 404 1868
INFO 2025-10-15 10:26:19,362 basehttp 28616 1264 "GET /staff/user-management HTTP/1.1" 200 59309
WARNING 2025-10-15 10:26:19,410 basehttp 28616 12428 "GET /static/images/default.png HTTP/1.1" 404 1868
INFO 2025-10-15 10:26:19,411 basehttp 28616 1264 "GET /static/css/dist/styles.css?v=1760567179 HTTP/1.1" 200 109395
INFO 2025-10-15 10:26:22,677 basehttp 28616 27836 "GET /staff/user-management HTTP/1.1" 200 59309
WARNING 2025-10-15 10:26:22,728 basehttp 28616 4980 "GET /static/images/default.png HTTP/1.1" 404 1868
INFO 2025-10-15 10:26:22,730 basehttp 28616 27836 "GET /static/css/dist/styles.css?v=1760567182 HTTP/1.1" 200 109395
INFO 2025-10-15 10:26:38,629 basehttp 28616 26992 "GET /staff/user-management HTTP/1.1" 200 59305
INFO 2025-10-15 10:26:38,702 basehttp 28616 26992 "GET /static/css/dist/styles.css?v=1760567198 HTTP/1.1" 200 109395
WARNING 2025-10-15 10:26:38,726 basehttp 28616 15268 "GET /static/images/default.png HTTP/1.1" 404 1868
INFO 2025-10-15 10:26:52,504 basehttp 28616 24416 "GET /staff/user-management HTTP/1.1" 200 59301
INFO 2025-10-15 10:26:52,535 basehttp 28616 24416 "GET /static/css/dist/styles.css?v=1760567212 HTTP/1.1" 200 109395
WARNING 2025-10-15 10:26:52,551 basehttp 28616 12784 "GET /static/images/default.png HTTP/1.1" 404 1868
INFO 2025-10-15 10:27:04,232 basehttp 28616 5564 "GET /staff/user-management HTTP/1.1" 200 59301
WARNING 2025-10-15 10:27:04,297 basehttp 28616 27928 "GET /static/images/default.png HTTP/1.1" 404 1868
INFO 2025-10-15 10:27:04,299 basehttp 28616 5564 "GET /static/css/dist/styles.css?v=1760567224 HTTP/1.1" 200 109395
INFO 2025-10-15 10:28:01,692 basehttp 28616 4188 "GET /staff/user-management HTTP/1.1" 200 59308
WARNING 2025-10-15 10:28:01,747 basehttp 28616 15240 "GET /static/images/default.png HTTP/1.1" 404 1868
INFO 2025-10-15 10:28:01,748 basehttp 28616 4188 "GET /static/css/dist/styles.css?v=1760567281 HTTP/1.1" 200 109395
INFO 2025-10-15 10:28:09,222 basehttp 28616 1580 "GET /staff/user-management HTTP/1.1" 200 59308
INFO 2025-10-15 10:28:09,265 basehttp 28616 1580 "GET /static/css/style.css HTTP/1.1" 200 25498
INFO 2025-10-15 10:28:09,277 basehttp 28616 17708 "GET /static/js/app.js HTTP/1.1" 200 4028
WARNING 2025-10-15 10:28:09,277 basehttp 28616 17492 "GET /static/images/default.png HTTP/1.1" 404 1868
INFO 2025-10-15 10:28:09,278 basehttp 28616 20440 "GET /static/css/dist/styles.css?v=1760567289 HTTP/1.1" 200 109395
INFO 2025-10-15 10:28:09,572 basehttp 28616 20440 "GET /static/django-browser-reload/reload-listener.js HTTP/1.1" 200 623
WARNING 2025-10-15 10:28:09,942 log 28616 17708 Not Found: /favicon.ico
WARNING 2025-10-15 10:28:09,944 basehttp 28616 17708 "GET /favicon.ico HTTP/1.1" 404 18076
INFO 2025-10-15 10:28:17,671 basehttp 28616 17708 "GET /staff/user-management HTTP/1.1" 200 59309
WARNING 2025-10-15 10:28:17,721 basehttp 28616 1580 "GET /static/images/default.png HTTP/1.1" 404 1868
INFO 2025-10-15 10:28:17,723 basehttp 28616 17708 "GET /static/css/dist/styles.css?v=1760567297 HTTP/1.1" 200 109395
INFO 2025-10-15 10:28:19,812 basehttp 28616 12356 "GET /staff/user-management HTTP/1.1" 200 59308
INFO 2025-10-15 10:28:19,872 basehttp 28616 12356 "GET /static/css/dist/styles.css?v=1760567299 HTTP/1.1" 200 109395
WARNING 2025-10-15 10:28:19,886 basehttp 28616 26484 "GET /static/images/default.png HTTP/1.1" 404 1868
INFO 2025-10-15 10:28:48,584 basehttp 28616 22616 "GET /staff/user-management HTTP/1.1" 200 59408
INFO 2025-10-15 10:28:48,662 basehttp 28616 22616 "GET /static/css/dist/styles.css?v=1760567328 HTTP/1.1" 200 109395
WARNING 2025-10-15 10:28:48,676 basehttp 28616 24532 "GET /static/images/default.png HTTP/1.1" 404 1868
INFO 2025-10-15 10:29:50,134 basehttp 28616 18240 "GET /staff/user-management HTTP/1.1" 200 59400
INFO 2025-10-15 10:29:50,209 basehttp 28616 18240 "GET /static/css/dist/styles.css?v=1760567390 HTTP/1.1" 200 109395
WARNING 2025-10-15 10:29:50,220 basehttp 28616 14712 "GET /static/images/default.png HTTP/1.1" 404 1868
INFO 2025-10-15 10:29:53,160 basehttp 28616 4484 "GET /staff/user-management HTTP/1.1" 200 59400
INFO 2025-10-15 10:29:53,206 basehttp 28616 4484 "GET /static/css/style.css HTTP/1.1" 200 25498
INFO 2025-10-15 10:29:53,218 basehttp 28616 27164 "GET /static/js/app.js HTTP/1.1" 200 4028
WARNING 2025-10-15 10:29:53,219 basehttp 28616 356 "GET /static/images/default.png HTTP/1.1" 404 1868
INFO 2025-10-15 10:29:53,223 basehttp 28616 22944 "GET /static/css/dist/styles.css?v=1760567393 HTTP/1.1" 200 109395
INFO 2025-10-15 10:29:53,439 basehttp 28616 22944 "GET /static/django-browser-reload/reload-listener.js HTTP/1.1" 200 623
WARNING 2025-10-15 10:29:53,820 log 28616 27164 Not Found: /favicon.ico
WARNING 2025-10-15 10:29:53,821 basehttp 28616 27164 "GET /favicon.ico HTTP/1.1" 404 18076
INFO 2025-10-15 10:30:05,079 basehttp 28616 27164 "GET /staff/user-management HTTP/1.1" 200 59385
WARNING 2025-10-15 10:30:05,123 basehttp 28616 4484 "GET /static/images/default.png HTTP/1.1" 404 1868
INFO 2025-10-15 10:30:05,123 basehttp 28616 27164 "GET /static/css/dist/styles.css?v=1760567405 HTTP/1.1" 200 109395
INFO 2025-10-15 10:30:08,406 basehttp 28616 14828 "GET /staff/user-management HTTP/1.1" 200 59376
WARNING 2025-10-15 10:30:08,453 basehttp 28616 21104 "GET /static/images/default.png HTTP/1.1" 404 1868
INFO 2025-10-15 10:30:08,454 basehttp 28616 14828 "GET /static/css/dist/styles.css?v=1760567408 HTTP/1.1" 200 109395
INFO 2025-10-15 10:30:22,151 basehttp 28616 15080 "GET /staff/user-management HTTP/1.1" 200 59377
INFO 2025-10-15 10:30:22,223 basehttp 28616 15080 "GET /static/css/dist/styles.css?v=1760567422 HTTP/1.1" 200 109395
WARNING 2025-10-15 10:30:22,233 basehttp 28616 20564 "GET /static/images/default.png HTTP/1.1" 404 1868
INFO 2025-10-15 10:30:24,486 basehttp 28616 2772 "GET /staff/user-management HTTP/1.1" 200 59382
WARNING 2025-10-15 10:30:24,564 basehttp 28616 15420 "GET /static/images/default.png HTTP/1.1" 404 1868
INFO 2025-10-15 10:30:24,567 basehttp 28616 2772 "GET /static/css/dist/styles.css?v=1760567424 HTTP/1.1" 200 109395
INFO 2025-10-15 10:30:26,429 basehttp 28616 21864 "GET /staff/user-management HTTP/1.1" 200 59385
INFO 2025-10-15 10:30:26,461 basehttp 28616 21864 "GET /static/css/dist/styles.css?v=1760567426 HTTP/1.1" 200 109395
WARNING 2025-10-15 10:30:26,477 basehttp 28616 22548 "GET /static/images/default.png HTTP/1.1" 404 1868
INFO 2025-10-15 10:30:33,106 basehttp 28616 2380 "GET /staff/user-management HTTP/1.1" 200 59391
WARNING 2025-10-15 10:30:33,156 basehttp 28616 18292 "GET /static/images/default.png HTTP/1.1" 404 1868
INFO 2025-10-15 10:30:33,158 basehttp 28616 2380 "GET /static/css/dist/styles.css?v=1760567433 HTTP/1.1" 200 109395
INFO 2025-10-15 10:30:36,232 basehttp 28616 19200 "GET /staff/user-management HTTP/1.1" 200 59395
INFO 2025-10-15 10:30:36,284 basehttp 28616 19200 "GET /static/css/dist/styles.css?v=1760567436 HTTP/1.1" 200 109395
WARNING 2025-10-15 10:30:36,312 basehttp 28616 25620 "GET /static/images/default.png HTTP/1.1" 404 1868
INFO 2025-10-15 10:30:38,421 basehttp 28616 19736 "GET /staff/user-management HTTP/1.1" 200 59400
INFO 2025-10-15 10:30:38,489 basehttp 28616 19736 "GET /static/css/dist/styles.css?v=1760567438 HTTP/1.1" 200 109395
WARNING 2025-10-15 10:30:38,491 basehttp 28616 1436 "GET /static/images/default.png HTTP/1.1" 404 1868
INFO 2025-10-15 10:31:09,326 basehttp 28616 18840 "GET /staff/user-management HTTP/1.1" 200 59380
INFO 2025-10-15 10:31:09,399 basehttp 28616 18840 "GET /static/css/dist/styles.css?v=1760567469 HTTP/1.1" 200 109395
WARNING 2025-10-15 10:31:09,419 basehttp 28616 8156 "GET /static/images/default.png HTTP/1.1" 404 1868
INFO 2025-10-15 10:31:26,190 basehttp 28616 18396 "GET /staff/user-management HTTP/1.1" 200 59387
WARNING 2025-10-15 10:31:26,239 basehttp 28616 28624 "GET /static/images/default.png HTTP/1.1" 404 1868
INFO 2025-10-15 10:31:26,241 basehttp 28616 18396 "GET /static/css/dist/styles.css?v=1760567486 HTTP/1.1" 200 109395
INFO 2025-10-15 10:31:28,732 basehttp 28616 20528 "GET /staff/user-management HTTP/1.1" 200 59387
INFO 2025-10-15 10:31:28,771 basehttp 28616 20528 "GET /static/css/style.css HTTP/1.1" 200 25498
INFO 2025-10-15 10:31:28,790 basehttp 28616 20572 "GET /static/js/app.js HTTP/1.1" 200 4028
WARNING 2025-10-15 10:31:28,790 basehttp 28616 22464 "GET /static/images/default.png HTTP/1.1" 404 1868
INFO 2025-10-15 10:31:28,793 basehttp 28616 26996 "GET /static/css/dist/styles.css?v=1760567488 HTTP/1.1" 200 109395
INFO 2025-10-15 10:31:30,129 basehttp 28616 26996 "GET /static/django-browser-reload/reload-listener.js HTTP/1.1" 200 623
WARNING 2025-10-15 10:31:30,545 log 28616 20572 Not Found: /favicon.ico
WARNING 2025-10-15 10:31:30,546 basehttp 28616 20572 "GET /favicon.ico HTTP/1.1" 404 18076
INFO 2025-10-15 10:32:05,489 basehttp 28616 20572 "POST /bulk-user-actions/ HTTP/1.1" 302 0
INFO 2025-10-15 10:32:05,566 basehttp 28616 20572 "GET /staff/user-management HTTP/1.1" 200 59387
WARNING 2025-10-15 10:32:05,633 basehttp 28616 20528 "GET /static/images/default.png HTTP/1.1" 404 1868
INFO 2025-10-15 10:32:05,636 basehttp 28616 20572 "GET /static/css/dist/styles.css?v=1760567525 HTTP/1.1" 200 109395
INFO 2025-10-15 10:32:33,111 basehttp 28616 21516 "GET /staff/user-management HTTP/1.1" 200 59386
INFO 2025-10-15 10:32:33,170 basehttp 28616 21516 "GET /static/css/dist/styles.css?v=1760567553 HTTP/1.1" 200 109395
WARNING 2025-10-15 10:32:33,189 basehttp 28616 25260 "GET /static/images/default.png HTTP/1.1" 404 1868
INFO 2025-10-15 10:32:37,238 basehttp 28616 22712 "GET /staff/user-management HTTP/1.1" 200 59344
WARNING 2025-10-15 10:32:37,283 basehttp 28616 24800 "GET /static/images/default.png HTTP/1.1" 404 1868
INFO 2025-10-15 10:32:37,286 basehttp 28616 22712 "GET /static/css/dist/styles.css?v=1760567557 HTTP/1.1" 200 109395
INFO 2025-10-15 10:32:39,330 basehttp 28616 18984 "GET /staff/user-management HTTP/1.1" 200 59317
INFO 2025-10-15 10:32:39,366 basehttp 28616 18984 "GET /static/css/dist/styles.css?v=1760567559 HTTP/1.1" 200 109395
WARNING 2025-10-15 10:32:39,380 basehttp 28616 5644 "GET /static/images/default.png HTTP/1.1" 404 1868
INFO 2025-10-15 10:32:42,573 basehttp 28616 3088 "GET /staff/user-management HTTP/1.1" 200 59229
INFO 2025-10-15 10:32:42,700 basehttp 28616 3088 "GET /static/css/dist/styles.css?v=1760567562 HTTP/1.1" 200 109395
WARNING 2025-10-15 10:32:42,713 basehttp 28616 17056 "GET /static/images/default.png HTTP/1.1" 404 1868
INFO 2025-10-15 10:33:06,078 basehttp 28616 1672 "GET /staff/user-management HTTP/1.1" 200 59202
WARNING 2025-10-15 10:33:06,129 basehttp 28616 27944 "GET /static/images/default.png HTTP/1.1" 404 1868
INFO 2025-10-15 10:33:06,131 basehttp 28616 1672 "GET /static/css/dist/styles.css?v=1760567586 HTTP/1.1" 200 109395
INFO 2025-10-15 10:33:10,320 basehttp 28616 14160 "GET /staff/user-management HTTP/1.1" 200 59202
INFO 2025-10-15 10:33:10,359 basehttp 28616 14160 "GET /static/css/style.css HTTP/1.1" 200 25498
INFO 2025-10-15 10:33:10,373 basehttp 28616 16040 "GET /static/js/app.js HTTP/1.1" 200 4028
WARNING 2025-10-15 10:33:10,373 basehttp 28616 19340 "GET /static/images/default.png HTTP/1.1" 404 1868
INFO 2025-10-15 10:33:10,376 basehttp 28616 26120 "GET /static/css/dist/styles.css?v=1760567590 HTTP/1.1" 200 109395
INFO 2025-10-15 10:33:12,495 basehttp 28616 26120 "GET /staff/user-management HTTP/1.1" 200 59202
INFO 2025-10-15 10:33:12,535 basehttp 28616 26120 "GET /static/css/style.css HTTP/1.1" 200 25498
WARNING 2025-10-15 10:33:12,550 basehttp 28616 14160 "GET /static/images/default.png HTTP/1.1" 404 1868
INFO 2025-10-15 10:33:12,551 basehttp 28616 23484 "GET /static/js/app.js HTTP/1.1" 200 4028
INFO 2025-10-15 10:33:12,552 basehttp 28616 16040 "GET /static/css/dist/styles.css?v=1760567592 HTTP/1.1" 200 109395
INFO 2025-10-15 10:33:13,659 basehttp 28616 16040 "GET /static/django-browser-reload/reload-listener.js HTTP/1.1" 200 623
WARNING 2025-10-15 10:33:14,088 log 28616 23484 Not Found: /favicon.ico
WARNING 2025-10-15 10:33:14,089 basehttp 28616 23484 "GET /favicon.ico HTTP/1.1" 404 18076
INFO 2025-10-15 10:33:57,981 basehttp 28616 23484 "GET /staff/user-management HTTP/1.1" 200 59229
WARNING 2025-10-15 10:33:58,045 basehttp 28616 26120 "GET /static/images/default.png HTTP/1.1" 404 1868
INFO 2025-10-15 10:33:58,047 basehttp 28616 23484 "GET /static/css/dist/styles.css?v=1760567637 HTTP/1.1" 200 109395
INFO 2025-10-15 10:35:10,221 basehttp 28616 8120 "GET /staff/user-management HTTP/1.1" 200 59053
INFO 2025-10-15 10:35:10,273 basehttp 28616 8120 "GET /static/css/dist/styles.css?v=1760567710 HTTP/1.1" 200 109395
WARNING 2025-10-15 10:35:10,296 basehttp 28616 8120 "GET /static/images/default.png HTTP/1.1" 404 1868
INFO 2025-10-15 10:35:15,417 basehttp 28616 9188 "GET /staff/user-management HTTP/1.1" 200 59229
INFO 2025-10-15 10:35:15,445 basehttp 28616 9188 "GET /static/css/dist/styles.css?v=1760567715 HTTP/1.1" 200 109395
WARNING 2025-10-15 10:35:15,466 basehttp 28616 9188 "GET /static/images/default.png HTTP/1.1" 404 1868
INFO 2025-10-15 10:35:18,618 basehttp 28616 16376 "GET /staff/user-management HTTP/1.1" 200 59045
INFO 2025-10-15 10:35:18,655 basehttp 28616 16376 "GET /static/css/dist/styles.css?v=1760567718 HTTP/1.1" 200 109395
WARNING 2025-10-15 10:35:18,667 basehttp 28616 14788 "GET /static/images/default.png HTTP/1.1" 404 1868
INFO 2025-10-15 10:35:52,767 basehttp 28616 14984 "GET /staff/user-management HTTP/1.1" 200 59047
INFO 2025-10-15 10:35:52,820 basehttp 28616 14984 "GET /static/css/dist/styles.css?v=1760567752 HTTP/1.1" 200 109395
WARNING 2025-10-15 10:35:52,827 basehttp 28616 24024 "GET /static/images/default.png HTTP/1.1" 404 1868
INFO 2025-10-15 10:35:53,752 basehttp 28616 16256 "GET /staff/user-management HTTP/1.1" 200 59047
WARNING 2025-10-15 10:35:53,810 basehttp 28616 27688 "GET /static/images/default.png HTTP/1.1" 404 1868
INFO 2025-10-15 10:35:53,822 basehttp 28616 16256 "GET /static/css/dist/styles.css?v=1760567753 HTTP/1.1" 200 109427
INFO 2025-10-15 10:35:58,089 basehttp 28616 24608 "GET /staff/user-management HTTP/1.1" 200 59049
INFO 2025-10-15 10:35:58,159 basehttp 28616 24608 "GET /static/css/dist/styles.css?v=1760567758 HTTP/1.1" 200 109463
WARNING 2025-10-15 10:35:58,177 basehttp 28616 25872 "GET /static/images/default.png HTTP/1.1" 404 1868
INFO 2025-10-15 10:36:02,849 basehttp 28616 23160 "GET /staff/user-management HTTP/1.1" 200 59049
INFO 2025-10-15 10:36:02,895 basehttp 28616 23160 "GET /static/css/style.css HTTP/1.1" 200 25498
INFO 2025-10-15 10:36:02,899 basehttp 28616 22712 "GET /static/css/dist/styles.css?v=1760567762 HTTP/1.1" 200 109463
WARNING 2025-10-15 10:36:02,913 basehttp 28616 24800 "GET /static/images/default.png HTTP/1.1" 404 1868
INFO 2025-10-15 10:36:02,913 basehttp 28616 21048 "GET /static/js/app.js HTTP/1.1" 200 4028
INFO 2025-10-15 10:36:04,687 basehttp 28616 21048 "GET /static/django-browser-reload/reload-listener.js HTTP/1.1" 200 623
WARNING 2025-10-15 10:36:05,124 log 28616 22712 Not Found: /favicon.ico
WARNING 2025-10-15 10:36:05,125 basehttp 28616 22712 "GET /favicon.ico HTTP/1.1" 404 18076
INFO 2025-10-15 10:36:10,837 basehttp 28616 22712 "GET /staff/user-management HTTP/1.1" 200 59045
INFO 2025-10-15 10:36:10,877 basehttp 28616 22712 "GET /static/css/dist/styles.css?v=1760567770 HTTP/1.1" 200 109463
WARNING 2025-10-15 10:36:10,889 basehttp 28616 23160 "GET /static/images/default.png HTTP/1.1" 404 1868
INFO 2025-10-15 10:36:13,893 basehttp 28616 24432 "GET /staff/user-management HTTP/1.1" 200 59046
INFO 2025-10-15 10:36:13,932 basehttp 28616 24432 "GET /static/css/dist/styles.css?v=1760567773 HTTP/1.1" 200 109463
WARNING 2025-10-15 10:36:13,950 basehttp 28616 24960 "GET /static/images/default.png HTTP/1.1" 404 1868
INFO 2025-10-15 10:36:16,054 basehttp 28616 12752 "GET /staff/user-management HTTP/1.1" 200 59048
INFO 2025-10-15 10:36:16,091 basehttp 28616 12752 "GET /static/css/dist/styles.css?v=1760567776 HTTP/1.1" 200 109463
WARNING 2025-10-15 10:36:16,101 basehttp 28616 22020 "GET /static/images/default.png HTTP/1.1" 404 1868
INFO 2025-10-15 10:36:21,302 basehttp 28616 28228 "GET /staff/user-management HTTP/1.1" 200 59055
INFO 2025-10-15 10:36:21,377 basehttp 28616 28228 "GET /static/css/dist/styles.css?v=1760567781 HTTP/1.1" 200 109569
WARNING 2025-10-15 10:36:21,380 basehttp 28616 11840 "GET /static/images/default.png HTTP/1.1" 404 1868
INFO 2025-10-15 10:36:24,608 basehttp 28616 26072 "GET /staff/user-management HTTP/1.1" 200 59055
WARNING 2025-10-15 10:36:24,655 basehttp 28616 3712 "GET /static/images/default.png HTTP/1.1" 404 1868
INFO 2025-10-15 10:36:24,657 basehttp 28616 26072 "GET /static/css/dist/styles.css?v=1760567784 HTTP/1.1" 200 109569
INFO 2025-10-15 10:37:58,061 basehttp 28616 11484 "GET /staff/user-management HTTP/1.1" 200 59053
WARNING 2025-10-15 10:37:58,120 basehttp 28616 10792 "GET /static/images/default.png HTTP/1.1" 404 1868
INFO 2025-10-15 10:37:58,121 basehttp 28616 11484 "GET /static/css/dist/styles.css?v=1760567878 HTTP/1.1" 200 109569
INFO 2025-10-15 10:38:08,592 basehttp 28616 25756 "GET /staff/user-management HTTP/1.1" 200 59055
INFO 2025-10-15 10:38:08,634 basehttp 28616 25756 "GET /static/css/dist/styles.css?v=1760567888 HTTP/1.1" 200 109569
WARNING 2025-10-15 10:38:08,652 basehttp 28616 19052 "GET /static/images/default.png HTTP/1.1" 404 1868
INFO 2025-10-15 10:38:17,199 basehttp 28616 356 "GET /staff/user-management HTTP/1.1" 200 59056
WARNING 2025-10-15 10:38:17,273 basehttp 28616 12644 "GET /static/images/default.png HTTP/1.1" 404 1868
INFO 2025-10-15 10:38:17,275 basehttp 28616 356 "GET /static/css/dist/styles.css?v=1760567897 HTTP/1.1" 200 109569
INFO 2025-10-15 10:38:20,162 basehttp 28616 23440 "GET /staff/user-management HTTP/1.1" 200 59064
WARNING 2025-10-15 10:38:20,214 basehttp 28616 5520 "GET /static/images/default.png HTTP/1.1" 404 1868
INFO 2025-10-15 10:38:20,216 basehttp 28616 23440 "GET /static/css/dist/styles.css?v=1760567900 HTTP/1.1" 200 109569
INFO 2025-10-15 10:38:22,228 basehttp 28616 4960 "GET /staff/user-management HTTP/1.1" 200 59075
INFO 2025-10-15 10:38:22,274 basehttp 28616 4960 "GET /static/css/dist/styles.css?v=1760567902 HTTP/1.1" 200 109569
WARNING 2025-10-15 10:38:22,275 basehttp 28616 27572 "GET /static/images/default.png HTTP/1.1" 404 1868
INFO 2025-10-15 10:38:29,537 basehttp 28616 27892 "GET /staff/user-management HTTP/1.1" 200 59081
WARNING 2025-10-15 10:38:29,590 basehttp 28616 10504 "GET /static/images/default.png HTTP/1.1" 404 1868
INFO 2025-10-15 10:38:29,592 basehttp 28616 27892 "GET /static/css/dist/styles.css?v=1760567909 HTTP/1.1" 200 109569
INFO 2025-10-15 10:38:30,596 basehttp 28616 25428 "GET /staff/user-management HTTP/1.1" 200 59089
INFO 2025-10-15 10:38:30,633 basehttp 28616 25428 "GET /static/css/dist/styles.css?v=1760567910 HTTP/1.1" 200 109569
WARNING 2025-10-15 10:38:30,633 basehttp 28616 9552 "GET /static/images/default.png HTTP/1.1" 404 1868
INFO 2025-10-15 10:38:36,859 basehttp 28616 26568 "GET /staff/user-management HTTP/1.1" 200 59089
INFO 2025-10-15 10:38:36,901 basehttp 28616 26568 "GET /static/css/dist/styles.css?v=1760567916 HTTP/1.1" 200 109569
WARNING 2025-10-15 10:38:36,929 basehttp 28616 19252 "GET /static/images/default.png HTTP/1.1" 404 1868
INFO 2025-10-15 10:39:05,938 basehttp 28616 27704 "GET /staff/user-management HTTP/1.1" 200 59037
INFO 2025-10-15 10:39:05,988 basehttp 28616 27704 "GET /static/css/dist/styles.css?v=1760567945 HTTP/1.1" 200 109569
WARNING 2025-10-15 10:39:06,005 basehttp 28616 16088 "GET /static/images/default.png HTTP/1.1" 404 1868
INFO 2025-10-15 10:39:19,732 basehttp 28616 9696 "GET /staff/user-management HTTP/1.1" 200 59037
WARNING 2025-10-15 10:39:19,817 basehttp 28616 10624 "GET /static/images/default.png HTTP/1.1" 404 1868
INFO 2025-10-15 10:39:19,818 basehttp 28616 9696 "GET /static/css/dist/styles.css?v=1760567959 HTTP/1.1" 200 109569
INFO 2025-10-15 10:39:22,930 basehttp 28616 13924 "GET /staff/user-management HTTP/1.1" 200 59037
INFO 2025-10-15 10:39:22,968 basehttp 28616 13924 "GET /static/css/style.css HTTP/1.1" 200 25498
WARNING 2025-10-15 10:39:22,985 basehttp 28616 11800 "GET /static/images/default.png HTTP/1.1" 404 1868
INFO 2025-10-15 10:39:22,986 basehttp 28616 13924 "GET /static/js/app.js HTTP/1.1" 200 4028
INFO 2025-10-15 10:39:22,988 basehttp 28616 2292 "GET /static/css/dist/styles.css?v=1760567962 HTTP/1.1" 200 109569
INFO 2025-10-15 10:39:23,286 basehttp 28616 13924 "GET /static/django-browser-reload/reload-listener.js HTTP/1.1" 200 623
WARNING 2025-10-15 10:39:23,654 log 28616 2292 Not Found: /favicon.ico
WARNING 2025-10-15 10:39:23,654 basehttp 28616 2292 "GET /favicon.ico HTTP/1.1" 404 18076
INFO 2025-10-15 10:39:37,706 basehttp 28616 2292 "GET /staff/user-management HTTP/1.1" 200 59037
INFO 2025-10-15 10:39:37,756 basehttp 28616 2292 "GET /static/css/dist/styles.css?v=1760567977 HTTP/1.1" 200 109569
WARNING 2025-10-15 10:39:37,757 basehttp 28616 26984 "GET /static/images/default.png HTTP/1.1" 404 1868
INFO 2025-10-15 10:39:48,608 basehttp 28616 23872 "GET /staff/user-management?search=&user_type=&status=active HTTP/1.1" 200 59045
WARNING 2025-10-15 10:39:48,670 basehttp 28616 11888 "GET /static/images/default.png HTTP/1.1" 404 1868
INFO 2025-10-15 10:39:48,671 basehttp 28616 23872 "GET /static/css/dist/styles.css?v=1760567988 HTTP/1.1" 200 109569
INFO 2025-10-15 10:40:15,132 basehttp 28616 18980 "GET /staff/user-management?search=&user_type=&status=active HTTP/1.1" 200 59046
WARNING 2025-10-15 10:40:15,225 basehttp 28616 5848 "GET /static/images/default.png HTTP/1.1" 404 1868
INFO 2025-10-15 10:40:15,226 basehttp 28616 18980 "GET /static/css/dist/styles.css?v=1760568015 HTTP/1.1" 200 109569
INFO 2025-10-15 10:40:18,199 basehttp 28616 16804 "GET /staff/user-management?search=&user_type=&status=active HTTP/1.1" 200 59047
INFO 2025-10-15 10:40:18,244 basehttp 28616 16804 "GET /static/css/dist/styles.css?v=1760568018 HTTP/1.1" 200 109569
WARNING 2025-10-15 10:40:18,349 basehttp 28616 7808 "GET /static/images/default.png HTTP/1.1" 404 1868
INFO 2025-10-15 10:40:19,249 basehttp 28616 23652 "GET /staff/user-management?search=&user_type=&status=active HTTP/1.1" 200 59049
WARNING 2025-10-15 10:40:19,299 basehttp 28616 8652 "GET /static/images/default.png HTTP/1.1" 404 1868
INFO 2025-10-15 10:40:19,302 basehttp 28616 23652 "GET /static/css/dist/styles.css?v=1760568019 HTTP/1.1" 200 109569
INFO 2025-10-15 10:40:22,369 basehttp 28616 11360 "GET /staff/user-management?search=&user_type=&status=active HTTP/1.1" 200 59051
INFO 2025-10-15 10:40:22,397 basehttp 28616 11360 "GET /static/css/dist/styles.css?v=1760568022 HTTP/1.1" 200 109569
WARNING 2025-10-15 10:40:22,412 basehttp 28616 3464 "GET /static/images/default.png HTTP/1.1" 404 1868
INFO 2025-10-15 10:40:25,577 basehttp 28616 22944 "GET /staff/user-management?search=&user_type=&status=active HTTP/1.1" 200 59055
WARNING 2025-10-15 10:40:25,649 basehttp 28616 8604 "GET /static/images/default.png HTTP/1.1" 404 1868
INFO 2025-10-15 10:40:25,653 basehttp 28616 22944 "GET /static/css/dist/styles.css?v=1760568025 HTTP/1.1" 200 109569
INFO 2025-10-15 10:40:28,637 basehttp 28616 27360 "GET /staff/user-management?search=&user_type=&status=active HTTP/1.1" 200 59055
INFO 2025-10-15 10:40:28,681 basehttp 28616 27360 "GET /static/css/dist/styles.css?v=1760568028 HTTP/1.1" 200 109602
WARNING 2025-10-15 10:40:28,688 basehttp 28616 11860 "GET /static/images/default.png HTTP/1.1" 404 1868
INFO 2025-10-15 10:40:33,834 basehttp 28616 10772 "GET /staff/user-management?search=&user_type=&status=active HTTP/1.1" 200 59055
WARNING 2025-10-15 10:40:33,892 basehttp 28616 27220 "GET /static/images/default.png HTTP/1.1" 404 1868
INFO 2025-10-15 10:40:33,903 basehttp 28616 10772 "GET /static/css/dist/styles.css?v=1760568033 HTTP/1.1" 200 109643
INFO 2025-10-15 10:40:42,522 basehttp 28616 20188 "GET /staff/user-management?search=&user_type=&status=active HTTP/1.1" 200 59056
WARNING 2025-10-15 10:40:42,581 basehttp 28616 24960 "GET /static/images/default.png HTTP/1.1" 404 1868
INFO 2025-10-15 10:40:42,583 basehttp 28616 20188 "GET /static/css/dist/styles.css?v=1760568042 HTTP/1.1" 200 109686
INFO 2025-10-15 10:40:54,473 basehttp 28616 24864 "GET /staff/user-management?search=&user_type=&status=active HTTP/1.1" 200 59055
WARNING 2025-10-15 10:40:54,550 basehttp 28616 14288 "GET /static/images/default.png HTTP/1.1" 404 1868
INFO 2025-10-15 10:40:54,553 basehttp 28616 24864 "GET /static/css/dist/styles.css?v=1760568054 HTTP/1.1" 200 109727
INFO 2025-10-15 10:41:01,858 basehttp 28616 21000 "GET /staff/user-management?search=&user_type=&status=active HTTP/1.1" 200 59055
WARNING 2025-10-15 10:41:01,951 basehttp 28616 17296 "GET /static/images/default.png HTTP/1.1" 404 1868
INFO 2025-10-15 10:41:01,959 basehttp 28616 21000 "GET /static/css/dist/styles.css?v=1760568061 HTTP/1.1" 200 109768
INFO 2025-10-15 10:41:02,818 basehttp 28616 9116 "GET /staff/user-management?search=&user_type=&status=active HTTP/1.1" 200 59055
WARNING 2025-10-15 10:41:02,866 basehttp 28616 28376 "GET /static/images/default.png HTTP/1.1" 404 1868
INFO 2025-10-15 10:41:02,867 basehttp 28616 9116 "GET /static/css/dist/styles.css?v=1760568062 HTTP/1.1" 200 109768
INFO 2025-10-15 10:41:11,184 basehttp 28616 12292 "GET /staff/user-management?search=&user_type=&status=active HTTP/1.1" 200 59055
WARNING 2025-10-15 10:41:11,232 basehttp 28616 28644 "GET /static/images/default.png HTTP/1.1" 404 1868
INFO 2025-10-15 10:41:11,233 basehttp 28616 12292 "GET /static/css/dist/styles.css?v=1760568071 HTTP/1.1" 200 109768
INFO 2025-10-15 10:41:29,268 basehttp 28616 25428 "GET /staff/user-management?search=&user_type=&status=active HTTP/1.1" 200 59046
WARNING 2025-10-15 10:41:29,329 basehttp 28616 20736 "GET /static/images/default.png HTTP/1.1" 404 1868
INFO 2025-10-15 10:41:29,329 basehttp 28616 25428 "GET /static/css/dist/styles.css?v=1760568089 HTTP/1.1" 200 109768
INFO 2025-10-15 10:41:37,720 basehttp 28616 23020 "GET /staff/user-management?search=&user_type=&status=active HTTP/1.1" 200 59047
INFO 2025-10-15 10:41:37,774 basehttp 28616 23020 "GET /static/css/dist/styles.css?v=1760568097 HTTP/1.1" 200 109768
WARNING 2025-10-15 10:41:37,799 basehttp 28616 19244 "GET /static/images/default.png HTTP/1.1" 404 1868
INFO 2025-10-15 10:41:38,740 basehttp 28616 28420 "GET /staff/user-management?search=&user_type=&status=active HTTP/1.1" 200 59048
WARNING 2025-10-15 10:41:38,790 basehttp 28616 28544 "GET /static/images/default.png HTTP/1.1" 404 1868
INFO 2025-10-15 10:41:38,793 basehttp 28616 28420 "GET /static/css/dist/styles.css?v=1760568098 HTTP/1.1" 200 109768
INFO 2025-10-15 10:41:39,799 basehttp 28616 5020 "GET /staff/user-management?search=&user_type=&status=active HTTP/1.1" 200 59049
WARNING 2025-10-15 10:41:39,846 basehttp 28616 27912 "GET /static/images/default.png HTTP/1.1" 404 1868
INFO 2025-10-15 10:41:39,847 basehttp 28616 5020 "GET /static/css/dist/styles.css?v=1760568099 HTTP/1.1" 200 109768
INFO 2025-10-15 10:41:42,936 basehttp 28616 11132 "GET /staff/user-management?search=&user_type=&status=active HTTP/1.1" 200 59056
INFO 2025-10-15 10:41:42,999 basehttp 28616 11132 "GET /static/css/dist/styles.css?v=1760568102 HTTP/1.1" 200 109768
WARNING 2025-10-15 10:41:43,011 basehttp 28616 19224 "GET /static/images/default.png HTTP/1.1" 404 1868
INFO 2025-10-15 10:41:47,145 basehttp 28616 20988 "GET /staff/user-management?search=&user_type=&status=active HTTP/1.1" 200 59056
INFO 2025-10-15 10:41:47,190 basehttp 28616 20988 "GET /static/css/dist/styles.css?v=1760568107 HTTP/1.1" 200 109768
WARNING 2025-10-15 10:41:47,209 basehttp 28616 25816 "GET /static/images/default.png HTTP/1.1" 404 1868
INFO 2025-10-15 10:41:56,469 basehttp 28616 16740 "GET /staff/user-management?search=&user_type=&status=active HTTP/1.1" 200 59056
WARNING 2025-10-15 10:41:56,519 basehttp 28616 11352 "GET /static/images/default.png HTTP/1.1" 404 1868
INFO 2025-10-15 10:41:56,532 basehttp 28616 16740 "GET /static/css/dist/styles.css?v=1760568116 HTTP/1.1" 200 109810
INFO 2025-10-15 10:42:26,423 basehttp 28616 27352 "GET /staff/user-management?search=&user_type=&status=active HTTP/1.1" 200 59065
WARNING 2025-10-15 10:42:26,513 basehttp 28616 22428 "GET /static/images/default.png HTTP/1.1" 404 1868
INFO 2025-10-15 10:42:26,515 basehttp 28616 27352 "GET /static/css/dist/styles.css?v=1760568146 HTTP/1.1" 200 109810
INFO 2025-10-15 10:42:28,554 basehttp 28616 11296 "GET /staff/user-management?search=&user_type=&status=active HTTP/1.1" 200 59065
INFO 2025-10-15 10:42:28,596 basehttp 28616 11296 "GET /static/css/dist/styles.css?v=1760568148 HTTP/1.1" 200 109810
WARNING 2025-10-15 10:42:28,606 basehttp 28616 12632 "GET /static/images/default.png HTTP/1.1" 404 1868
INFO 2025-10-15 10:42:32,745 basehttp 28616 27112 "GET /staff/user-management?search=&user_type=&status=active HTTP/1.1" 200 59065
WARNING 2025-10-15 10:42:32,799 basehttp 28616 14912 "GET /static/images/default.png HTTP/1.1" 404 1868
INFO 2025-10-15 10:42:32,800 basehttp 28616 27112 "GET /static/css/dist/styles.css?v=1760568152 HTTP/1.1" 200 109810
INFO 2025-10-15 10:42:35,789 basehttp 28616 25096 "GET /staff/user-management?search=&user_type=&status=active HTTP/1.1" 200 59065
WARNING 2025-10-15 10:42:35,844 basehttp 28616 15652 "GET /static/images/default.png HTTP/1.1" 404 1868
INFO 2025-10-15 10:42:35,866 basehttp 28616 25096 "GET /static/css/dist/styles.css?v=1760568155 HTTP/1.1" 200 109852
INFO 2025-10-15 10:42:36,830 basehttp 28616 24524 "GET /staff/user-management?search=&user_type=&status=active HTTP/1.1" 200 59065
WARNING 2025-10-15 10:42:36,882 basehttp 28616 26232 "GET /static/images/default.png HTTP/1.1" 404 1868
INFO 2025-10-15 10:42:36,886 basehttp 28616 24524 "GET /static/css/dist/styles.css?v=1760568156 HTTP/1.1" 200 109852
INFO 2025-10-15 10:42:42,881 basehttp 28616 27380 "GET /staff/user-management?search=&user_type=&status=active HTTP/1.1" 200 59065
INFO 2025-10-15 10:42:42,917 basehttp 28616 27380 "GET /static/css/dist/styles.css?v=1760568162 HTTP/1.1" 200 0
WARNING 2025-10-15 10:42:42,929 basehttp 28616 9260 "GET /static/images/default.png HTTP/1.1" 404 1868
INFO 2025-10-15 10:42:44,116 basehttp 28616 24792 "GET /staff/user-management?search=&user_type=&status=active HTTP/1.1" 200 59065
WARNING 2025-10-15 10:42:44,166 basehttp 28616 24924 "GET /static/images/default.png HTTP/1.1" 404 1868
INFO 2025-10-15 10:42:44,172 basehttp 28616 24792 "GET /static/css/dist/styles.css?v=1760568164 HTTP/1.1" 200 109894
INFO 2025-10-15 10:43:38,554 basehttp 28616 27216 "GET /staff/user-management?search=&user_type=&status=active HTTP/1.1" 200 59069
WARNING 2025-10-15 10:43:38,623 basehttp 28616 20988 "GET /static/images/default.png HTTP/1.1" 404 1868
INFO 2025-10-15 10:43:38,625 basehttp 28616 27216 "GET /static/css/dist/styles.css?v=1760568218 HTTP/1.1" 200 109894
INFO 2025-10-15 10:43:40,579 basehttp 28616 168 "GET /staff/user-management?search=&user_type=&status=active HTTP/1.1" 200 59071
INFO 2025-10-15 10:43:40,620 basehttp 28616 168 "GET /static/css/dist/styles.css?v=1760568220 HTTP/1.1" 200 109894
WARNING 2025-10-15 10:43:40,635 basehttp 28616 168 "GET /static/images/default.png HTTP/1.1" 404 1868
INFO 2025-10-15 10:43:42,650 basehttp 28616 10228 "GET /staff/user-management?search=&user_type=&status=active HTTP/1.1" 200 59072
INFO 2025-10-15 10:43:42,701 basehttp 28616 10228 "GET /static/css/dist/styles.css?v=1760568222 HTTP/1.1" 200 109894
WARNING 2025-10-15 10:43:42,701 basehttp 28616 19168 "GET /static/images/default.png HTTP/1.1" 404 1868
INFO 2025-10-15 10:43:45,892 basehttp 28616 7488 "GET /staff/user-management?search=&user_type=&status=active HTTP/1.1" 200 59077
INFO 2025-10-15 10:43:45,941 basehttp 28616 7488 "GET /static/css/dist/styles.css?v=1760568225 HTTP/1.1" 200 109894
WARNING 2025-10-15 10:43:45,964 basehttp 28616 13592 "GET /static/images/default.png HTTP/1.1" 404 1868
INFO 2025-10-15 10:43:46,978 basehttp 28616 27116 "GET /staff/user-management?search=&user_type=&status=active HTTP/1.1" 200 59078
WARNING 2025-10-15 10:43:47,055 basehttp 28616 4008 "GET /static/images/default.png HTTP/1.1" 404 1868
INFO 2025-10-15 10:43:47,057 basehttp 28616 27116 "GET /static/css/dist/styles.css?v=1760568226 HTTP/1.1" 200 109894
INFO 2025-10-15 10:43:56,313 basehttp 28616 28508 "GET /staff/user-management?search=&user_type=&status=active HTTP/1.1" 200 59066
INFO 2025-10-15 10:43:56,354 basehttp 28616 28508 "GET /static/css/dist/styles.css?v=1760568236 HTTP/1.1" 200 109894
WARNING 2025-10-15 10:43:56,375 basehttp 28616 11744 "GET /static/images/default.png HTTP/1.1" 404 1868
INFO 2025-10-15 10:44:06,944 basehttp 28616 16668 "GET /staff/user-management?search=&user_type=&status=active HTTP/1.1" 200 59066
INFO 2025-10-15 10:44:06,997 basehttp 28616 16668 "GET /static/css/dist/styles.css?v=1760568246 HTTP/1.1" 200 0
WARNING 2025-10-15 10:44:07,021 basehttp 28616 23108 "GET /static/images/default.png HTTP/1.1" 404 1868
INFO 2025-10-15 10:45:38,405 basehttp 28616 9856 "GET /staff/user-management?search=&user_type=&status=active HTTP/1.1" 200 59067
INFO 2025-10-15 10:45:38,455 basehttp 28616 9856 "GET /static/css/dist/styles.css?v=1760568338 HTTP/1.1" 200 0
WARNING 2025-10-15 10:45:38,475 basehttp 28616 19936 "GET /static/images/default.png HTTP/1.1" 404 1868
INFO 2025-10-15 10:45:41,534 basehttp 28616 12444 "GET /staff/user-management?search=&user_type=&status=active HTTP/1.1" 200 59070
INFO 2025-10-15 10:45:41,563 basehttp 28616 12444 "GET /static/css/dist/styles.css?v=1760568341 HTTP/1.1" 200 0
WARNING 2025-10-15 10:45:41,577 basehttp 28616 12444 "GET /static/images/default.png HTTP/1.1" 404 1868
INFO 2025-10-15 10:45:44,787 basehttp 28616 25232 "GET /staff/user-management?search=&user_type=&status=active HTTP/1.1" 200 59095
INFO 2025-10-15 10:45:44,832 basehttp 28616 25232 "GET /static/css/dist/styles.css?v=1760568344 HTTP/1.1" 200 0
WARNING 2025-10-15 10:45:44,843 basehttp 28616 25888 "GET /static/images/default.png HTTP/1.1" 404 1868
INFO 2025-10-15 10:45:50,287 basehttp 28616 24536 "GET /staff/user-management?search=&user_type=&status=active HTTP/1.1" 200 59092
INFO 2025-10-15 10:45:50,325 basehttp 28616 24536 "GET /static/css/dist/styles.css?v=1760568350 HTTP/1.1" 200 0
WARNING 2025-10-15 10:45:50,333 basehttp 28616 5024 "GET /static/images/default.png HTTP/1.1" 404 1868
INFO 2025-10-15 10:45:58,942 basehttp 28616 27760 "GET /staff/user-management?search=&user_type=&status=active HTTP/1.1" 200 59091
INFO 2025-10-15 10:45:58,995 basehttp 28616 27760 "GET /static/css/dist/styles.css?v=1760568358 HTTP/1.1" 200 0
WARNING 2025-10-15 10:45:59,008 basehttp 28616 8212 "GET /static/images/default.png HTTP/1.1" 404 1868
INFO 2025-10-15 10:46:02,008 basehttp 28616 13428 "GET /staff/user-management?search=&user_type=&status=active HTTP/1.1" 200 59091
INFO 2025-10-15 10:46:02,061 basehttp 28616 13428 "GET /static/css/style.css HTTP/1.1" 200 25498
INFO 2025-10-15 10:46:02,066 basehttp 28616 28156 "GET /static/css/dist/styles.css?v=1760568361 HTTP/1.1" 200 0
WARNING 2025-10-15 10:46:02,071 basehttp 28616 15400 "GET /static/images/default.png HTTP/1.1" 404 1868
INFO 2025-10-15 10:46:02,072 basehttp 28616 23836 "GET /static/js/app.js HTTP/1.1" 200 4028
INFO 2025-10-15 10:46:02,196 basehttp 28616 23836 "GET /static/django-browser-reload/reload-listener.js HTTP/1.1" 200 623
WARNING 2025-10-15 10:46:02,963 log 28616 28156 Not Found: /favicon.ico
WARNING 2025-10-15 10:46:02,964 basehttp 28616 28156 "GET /favicon.ico HTTP/1.1" 404 18076
INFO 2025-10-15 10:46:04,315 basehttp 28616 28156 "GET /staff/user-management?search=&user_type=&status=active HTTP/1.1" 200 59091
INFO 2025-10-15 10:46:04,353 basehttp 28616 13428 "GET /static/css/dist/styles.css?v=1760568364 HTTP/1.1" 200 0
INFO 2025-10-15 10:46:04,357 basehttp 28616 28156 "GET /static/css/style.css HTTP/1.1" 200 25498
WARNING 2025-10-15 10:46:04,363 basehttp 28616 8876 "GET /static/images/default.png HTTP/1.1" 404 1868
INFO 2025-10-15 10:46:04,364 basehttp 28616 25024 "GET /static/js/app.js HTTP/1.1" 200 4028
INFO 2025-10-15 10:46:04,599 basehttp 28616 25024 "GET /static/django-browser-reload/reload-listener.js HTTP/1.1" 200 623
WARNING 2025-10-15 10:46:05,060 log 28616 28156 Not Found: /favicon.ico
WARNING 2025-10-15 10:46:05,061 basehttp 28616 28156 "GET /favicon.ico HTTP/1.1" 404 18076
INFO 2025-10-15 10:46:19,343 basehttp 28616 28156 "GET /staff/user-management?search=&user_type=&status=active HTTP/1.1" 200 59091
WARNING 2025-10-15 10:46:19,392 basehttp 28616 13428 "GET /static/images/default.png HTTP/1.1" 404 1868
INFO 2025-10-15 10:46:19,395 basehttp 28616 28156 "GET /static/css/dist/styles.css?v=1760568379 HTTP/1.1" 200 109479
INFO 2025-10-15 10:47:01,925 basehttp 28616 26436 "GET /staff/user-management?search=&user_type=&status=active HTTP/1.1" 200 59083
INFO 2025-10-15 10:47:02,001 basehttp 28616 26436 "GET /static/css/dist/styles.css?v=1760568421 HTTP/1.1" 200 109479
WARNING 2025-10-15 10:47:02,040 basehttp 28616 7812 "GET /static/images/default.png HTTP/1.1" 404 1868
INFO 2025-10-15 10:47:06,261 basehttp 28616 24336 "GET /staff/user-management?search=&user_type=&status=active HTTP/1.1" 200 59074
INFO 2025-10-15 10:47:06,316 basehttp 28616 24336 "GET /static/css/dist/styles.css?v=1760568426 HTTP/1.1" 200 109479
WARNING 2025-10-15 10:47:06,343 basehttp 28616 10188 "GET /static/images/default.png HTTP/1.1" 404 1868
INFO 2025-10-15 10:47:09,721 basehttp 28616 11684 "GET /staff/user-management?search=&user_type=&status=active HTTP/1.1" 200 59052
WARNING 2025-10-15 10:47:09,791 basehttp 28616 27240 "GET /static/images/default.png HTTP/1.1" 404 1868
INFO 2025-10-15 10:47:09,793 basehttp 28616 11684 "GET /static/css/dist/styles.css?v=1760568429 HTTP/1.1" 200 109479
INFO 2025-10-15 10:47:44,476 basehttp 28616 7700 "GET /staff/user-management?search=&user_type=&status=active HTTP/1.1" 200 59053
WARNING 2025-10-15 10:47:44,547 basehttp 28616 26872 "GET /static/images/default.png HTTP/1.1" 404 1868
INFO 2025-10-15 10:47:44,549 basehttp 28616 7700 "GET /static/css/dist/styles.css?v=1760568464 HTTP/1.1" 200 109479
INFO 2025-10-15 10:47:45,599 basehttp 28616 22060 "GET /staff/user-management?search=&user_type=&status=active HTTP/1.1" 200 59076
INFO 2025-10-15 10:47:45,645 basehttp 28616 22060 "GET /static/css/dist/styles.css?v=1760568465 HTTP/1.1" 200 109479
WARNING 2025-10-15 10:47:45,663 basehttp 28616 22060 "GET /static/images/default.png HTTP/1.1" 404 1868
INFO 2025-10-15 10:47:49,841 basehttp 28616 716 "GET /staff/user-management?search=&user_type=&status=active HTTP/1.1" 200 59077
WARNING 2025-10-15 10:47:49,884 basehttp 28616 12804 "GET /static/images/default.png HTTP/1.1" 404 1868
INFO 2025-10-15 10:47:49,886 basehttp 28616 716 "GET /static/css/dist/styles.css?v=1760568469 HTTP/1.1" 200 109479
INFO 2025-10-15 10:48:04,676 basehttp 28616 20796 "GET /staff/user-management?search=&user_type=&status=active HTTP/1.1" 200 59080
WARNING 2025-10-15 10:48:04,727 basehttp 28616 4980 "GET /static/images/default.png HTTP/1.1" 404 1868
INFO 2025-10-15 10:48:04,729 basehttp 28616 20796 "GET /static/css/dist/styles.css?v=1760568484 HTTP/1.1" 200 109479
INFO 2025-10-15 10:48:06,894 basehttp 28616 5520 "GET /staff/user-management?search=&user_type=&status=active HTTP/1.1" 200 59082
INFO 2025-10-15 10:48:06,961 basehttp 28616 5520 "GET /static/css/dist/styles.css?v=1760568486 HTTP/1.1" 200 109479
WARNING 2025-10-15 10:48:06,987 basehttp 28616 11988 "GET /static/images/default.png HTTP/1.1" 404 1868
INFO 2025-10-15 10:48:09,091 basehttp 28616 28436 "GET /staff/user-management?search=&user_type=&status=active HTTP/1.1" 200 59220
INFO 2025-10-15 10:48:09,167 basehttp 28616 28436 "GET /static/css/dist/styles.css?v=1760568489 HTTP/1.1" 200 109479
WARNING 2025-10-15 10:48:09,194 basehttp 28616 4304 "GET /static/images/default.png HTTP/1.1" 404 1868
INFO 2025-10-15 10:48:18,798 basehttp 28616 28660 "GET /staff/user-management?search=&user_type=&status=active HTTP/1.1" 200 59101
WARNING 2025-10-15 10:48:18,857 basehttp 28616 12176 "GET /static/images/default.png HTTP/1.1" 404 1868
INFO 2025-10-15 10:48:18,859 basehttp 28616 28660 "GET /static/css/dist/styles.css?v=1760568498 HTTP/1.1" 200 109479
INFO 2025-10-15 10:48:20,998 basehttp 28616 24908 "GET /staff/user-management?search=&user_type=&status=active HTTP/1.1" 200 59096
INFO 2025-10-15 10:48:21,058 basehttp 28616 24908 "GET /static/css/dist/styles.css?v=1760568500 HTTP/1.1" 200 109479
WARNING 2025-10-15 10:48:21,077 basehttp 28616 21152 "GET /static/images/default.png HTTP/1.1" 404 1868
INFO 2025-10-15 10:48:23,104 basehttp 28616 25000 "GET /staff/user-management?search=&user_type=&status=active HTTP/1.1" 200 59099
WARNING 2025-10-15 10:48:23,147 basehttp 28616 26212 "GET /static/images/default.png HTTP/1.1" 404 1868
INFO 2025-10-15 10:48:23,149 basehttp 28616 25000 "GET /static/css/dist/styles.css?v=1760568503 HTTP/1.1" 200 109479
INFO 2025-10-15 10:48:27,435 basehttp 28616 17900 "GET /staff/user-management?search=&user_type=&status=active HTTP/1.1" 200 59101
INFO 2025-10-15 10:48:27,487 basehttp 28616 17900 "GET /static/css/dist/styles.css?v=1760568507 HTTP/1.1" 200 109479
WARNING 2025-10-15 10:48:27,487 basehttp 28616 17056 "GET /static/images/default.png HTTP/1.1" 404 1868
INFO 2025-10-15 10:48:32,754 basehttp 28616 9696 "GET /staff/user-management?search=&user_type=&status=active HTTP/1.1" 200 59107
WARNING 2025-10-15 10:48:32,852 basehttp 28616 21864 "GET /static/images/default.png HTTP/1.1" 404 1868
INFO 2025-10-15 10:48:32,853 basehttp 28616 9696 "GET /static/css/dist/styles.css?v=1760568512 HTTP/1.1" 200 109479
INFO 2025-10-15 10:48:48,690 basehttp 28616 7376 "GET /staff/user-management?search=&user_type=&status=active HTTP/1.1" 200 59137
INFO 2025-10-15 10:48:48,782 basehttp 28616 7376 "GET /static/css/dist/styles.css?v=1760568528 HTTP/1.1" 200 109479
WARNING 2025-10-15 10:48:48,783 basehttp 28616 19768 "GET /static/images/default.png HTTP/1.1" 404 1868
INFO 2025-10-15 10:49:14,344 basehttp 28616 10556 "GET /staff/user-management?search=&user_type=&status=active HTTP/1.1" 200 59141
INFO 2025-10-15 10:49:14,437 basehttp 28616 10556 "GET /static/css/dist/styles.css?v=1760568554 HTTP/1.1" 200 109533
WARNING 2025-10-15 10:49:14,452 basehttp 28616 5560 "GET /static/images/default.png HTTP/1.1" 404 1868
INFO 2025-10-15 10:49:24,115 basehttp 28616 28512 "GET /staff/user-management?search=&user_type=&status=active HTTP/1.1" 200 59141
INFO 2025-10-15 10:49:24,131 basehttp 28616 14916 - Broken pipe from ('127.0.0.1', 49352)
INFO 2025-10-15 10:49:24,202 basehttp 28616 28512 "GET /static/css/dist/styles.css?v=1760568564 HTTP/1.1" 200 109593
WARNING 2025-10-15 10:49:24,217 basehttp 28616 28312 "GET /static/images/default.png HTTP/1.1" 404 1868
INFO 2025-10-15 10:49:32,748 basehttp 28616 24064 "GET /staff/user-management?search=&user_type=&status=active HTTP/1.1" 200 59141
INFO 2025-10-15 10:49:32,780 basehttp 28616 24064 "GET /static/css/dist/styles.css?v=1760568572 HTTP/1.1" 200 109651
WARNING 2025-10-15 10:49:32,798 basehttp 28616 10640 "GET /static/images/default.png HTTP/1.1" 404 1868
INFO 2025-10-15 10:49:43,424 basehttp 28616 9124 "GET /staff/user-management?search=&user_type=&status=active HTTP/1.1" 200 59145
WARNING 2025-10-15 10:49:43,480 basehttp 28616 3100 "GET /static/images/default.png HTTP/1.1" 404 1868
INFO 2025-10-15 10:49:43,481 basehttp 28616 9124 "GET /static/css/dist/styles.css?v=1760568583 HTTP/1.1" 200 109651
INFO 2025-10-15 10:49:52,977 basehttp 28616 19208 "GET /staff/user-management?search=&user_type=&status=active HTTP/1.1" 200 59145
WARNING 2025-10-15 10:49:53,026 basehttp 28616 28484 "GET /static/images/default.png HTTP/1.1" 404 1868
INFO 2025-10-15 10:49:53,029 basehttp 28616 19208 "GET /static/css/dist/styles.css?v=1760568592 HTTP/1.1" 200 109651
INFO 2025-10-15 10:50:04,818 basehttp 28616 16088 "GET /staff/user-management?search=&user_type=&status=active HTTP/1.1" 200 59145
WARNING 2025-10-15 10:50:04,867 basehttp 28616 3796 "GET /static/images/default.png HTTP/1.1" 404 1868
INFO 2025-10-15 10:50:04,868 basehttp 28616 16088 "GET /static/css/dist/styles.css?v=1760568604 HTTP/1.1" 200 109651
INFO 2025-10-15 10:50:19,801 basehttp 28616 11296 "GET /staff/user-management?search=&user_type=&status=active HTTP/1.1" 200 59140
WARNING 2025-10-15 10:50:19,856 basehttp 28616 28576 "GET /static/images/default.png HTTP/1.1" 404 1868
INFO 2025-10-15 10:50:19,858 basehttp 28616 11296 "GET /static/css/dist/styles.css?v=1760568619 HTTP/1.1" 200 109651
INFO 2025-10-15 10:50:24,184 basehttp 28616 19052 "GET /staff/user-management?search=&user_type=&status=active HTTP/1.1" 200 59154
INFO 2025-10-15 10:50:24,238 basehttp 28616 19052 "GET /static/css/dist/styles.css?v=1760568624 HTTP/1.1" 200 109651
WARNING 2025-10-15 10:50:24,270 basehttp 28616 9640 "GET /static/images/default.png HTTP/1.1" 404 1868
INFO 2025-10-15 10:50:26,206 basehttp 28616 21216 "GET /staff/user-management?search=&user_type=&status=active HTTP/1.1" 200 59174
INFO 2025-10-15 10:50:26,258 basehttp 28616 21216 "GET /static/css/dist/styles.css?v=1760568626 HTTP/1.1" 200 109651
WARNING 2025-10-15 10:50:26,270 basehttp 28616 20796 "GET /static/images/default.png HTTP/1.1" 404 1868
INFO 2025-10-15 10:50:27,295 basehttp 28616 12436 "GET /staff/user-management?search=&user_type=&status=active HTTP/1.1" 200 59179
INFO 2025-10-15 10:50:27,350 basehttp 28616 12436 "GET /static/css/dist/styles.css?v=1760568627 HTTP/1.1" 200 109651
WARNING 2025-10-15 10:50:27,350 basehttp 28616 13256 "GET /static/images/default.png HTTP/1.1" 404 1868
INFO 2025-10-15 10:50:34,630 basehttp 28616 3376 "GET /staff/user-management?search=&user_type=&status=active HTTP/1.1" 200 59173
INFO 2025-10-15 10:50:34,678 basehttp 28616 3376 "GET /static/css/dist/styles.css?v=1760568634 HTTP/1.1" 200 109651
WARNING 2025-10-15 10:50:34,697 basehttp 28616 11332 "GET /static/images/default.png HTTP/1.1" 404 1868
INFO 2025-10-15 10:50:35,669 basehttp 28616 28216 "GET /staff/user-management?search=&user_type=&status=active HTTP/1.1" 200 59192
WARNING 2025-10-15 10:50:35,717 basehttp 28616 27076 "GET /static/images/default.png HTTP/1.1" 404 1868
INFO 2025-10-15 10:50:35,718 basehttp 28616 28216 "GET /static/css/dist/styles.css?v=1760568635 HTTP/1.1" 200 109651
INFO 2025-10-15 10:50:39,955 basehttp 28616 10728 "GET /staff/user-management?search=&user_type=&status=active HTTP/1.1" 200 59280
INFO 2025-10-15 10:50:40,050 basehttp 28616 10728 "GET /static/css/dist/styles.css?v=1760568639 HTTP/1.1" 200 109651
WARNING 2025-10-15 10:50:40,086 basehttp 28616 16688 "GET /static/images/default.png HTTP/1.1" 404 1868
INFO 2025-10-15 10:50:56,172 basehttp 28616 22360 "GET /staff/user-management?search=&user_type=&status=active HTTP/1.1" 200 59280
WARNING 2025-10-15 10:50:56,281 basehttp 28616 5564 "GET /static/images/default.png HTTP/1.1" 404 1868
INFO 2025-10-15 10:50:56,295 basehttp 28616 22360 "GET /static/css/dist/styles.css?v=1760568656 HTTP/1.1" 200 109711
INFO 2025-10-15 10:50:57,066 basehttp 28616 22852 "GET /staff/user-management?search=&user_type=&status=active HTTP/1.1" 200 59280
INFO 2025-10-15 10:50:57,122 basehttp 28616 22852 "GET /static/css/dist/styles.css?v=1760568657 HTTP/1.1" 200 109711
WARNING 2025-10-15 10:50:57,123 basehttp 28616 18048 "GET /static/images/default.png HTTP/1.1" 404 1868
INFO 2025-10-15 10:51:53,072 basehttp 28616 1364 "POST /staff/user-management/3/toggle-status/ HTTP/1.1" 302 0
INFO 2025-10-15 10:51:53,143 basehttp 28616 1364 "GET /staff/user-management HTTP/1.1" 200 59347
WARNING 2025-10-15 10:51:53,223 basehttp 28616 26904 "GET /static/images/default.png HTTP/1.1" 404 1868
INFO 2025-10-15 10:51:53,224 basehttp 28616 1364 "GET /static/css/dist/styles.css?v=1760568713 HTTP/1.1" 200 109711
INFO 2025-10-15 10:51:58,238 basehttp 28616 23404 "POST /staff/user-management/3/toggle-status/ HTTP/1.1" 302 0
INFO 2025-10-15 10:51:58,271 basehttp 28616 23404 "GET /staff/user-management HTTP/1.1" 200 59272
INFO 2025-10-15 10:51:58,318 basehttp 28616 23404 "GET /static/css/dist/styles.css?v=1760568718 HTTP/1.1" 200 109711
WARNING 2025-10-15 10:51:58,329 basehttp 28616 10584 "GET /static/images/default.png HTTP/1.1" 404 1868
INFO 2025-10-15 10:52:21,560 basehttp 28616 12860 "POST /staff/user-management/2/toggle-verification/ HTTP/1.1" 302 0
INFO 2025-10-15 10:52:21,596 basehttp 28616 12860 "GET /staff/user-management HTTP/1.1" 200 59316
INFO 2025-10-15 10:52:21,658 basehttp 28616 12860 "GET /static/css/dist/styles.css?v=1760568741 HTTP/1.1" 200 109711
WARNING 2025-10-15 10:52:21,658 basehttp 28616 28092 "GET /static/images/default.png HTTP/1.1" 404 1868
INFO 2025-10-15 10:54:32,261 basehttp 28616 28508 "GET /staff/user-management HTTP/1.1" 200 59331
INFO 2025-10-15 10:54:32,312 basehttp 28616 28508 "GET /static/css/dist/styles.css?v=1760568872 HTTP/1.1" 200 109711
WARNING 2025-10-15 10:54:32,328 basehttp 28616 23096 "GET /static/images/default.png HTTP/1.1" 404 1868
INFO 2025-10-15 10:54:33,165 basehttp 28616 16376 "GET /staff/user-management HTTP/1.1" 200 59355
INFO 2025-10-15 10:54:33,210 basehttp 28616 16376 "GET /static/css/dist/styles.css?v=1760568873 HTTP/1.1" 200 109711
WARNING 2025-10-15 10:54:33,232 basehttp 28616 16376 "GET /static/images/default.png HTTP/1.1" 404 1868
INFO 2025-10-15 10:55:33,247 basehttp 28616 6004 "POST /bulk-user-actions/ HTTP/1.1" 302 0
INFO 2025-10-15 10:55:33,310 basehttp 28616 6004 "GET /staff/user-management HTTP/1.1" 200 59355
WARNING 2025-10-15 10:55:33,371 basehttp 28616 4940 "GET /static/images/default.png HTTP/1.1" 404 1868
INFO 2025-10-15 10:55:33,373 basehttp 28616 6004 "GET /static/css/dist/styles.css?v=1760568933 HTTP/1.1" 200 109711
INFO 2025-10-15 10:55:48,294 basehttp 28616 13460 "GET /staff/user-management?search=prince&user_type=&status= HTTP/1.1" 200 42892
INFO 2025-10-15 10:55:48,352 basehttp 28616 13460 "GET /static/css/dist/styles.css?v=1760568948 HTTP/1.1" 200 109711
WARNING 2025-10-15 10:55:48,369 basehttp 28616 6844 "GET /static/images/default.png HTTP/1.1" 404 1868
INFO 2025-10-15 10:56:01,940 basehttp 28616 5524 "GET /staff/user-management?search=&user_type=admin&status= HTTP/1.1" 200 35652
INFO 2025-10-15 10:56:01,993 basehttp 28616 5524 "GET /static/css/dist/styles.css?v=1760568961 HTTP/1.1" 200 109711
WARNING 2025-10-15 10:56:02,006 basehttp 28616 23884 "GET /static/images/default.png HTTP/1.1" 404 1868
INFO 2025-10-15 10:56:07,374 basehttp 28616 28448 "GET /staff/user-management?search=&user_type=admin&status= HTTP/1.1" 200 35652
INFO 2025-10-15 10:56:07,411 basehttp 28616 28448 "GET /static/css/dist/styles.css?v=1760568967 HTTP/1.1" 200 109711
WARNING 2025-10-15 10:56:07,424 basehttp 28616 5452 "GET /static/images/default.png HTTP/1.1" 404 1868
ERROR 2025-10-15 10:56:13,247 log 28616 18660 Internal Server Error: /user-analytics/
Traceback (most recent call last):
  File "C:\Users\HP\OneDrive\Documents\essetech\hotelapp\Hotel-website-Django\.venv\Lib\site-packages\django\core\handlers\exception.py", line 55, in inner
    response = get_response(request)
  File "C:\Users\HP\OneDrive\Documents\essetech\hotelapp\Hotel-website-Django\.venv\Lib\site-packages\django\core\handlers\base.py", line 197, in _get_response
    response = wrapped_callback(request, *callback_args, **callback_kwargs)
  File "C:\Users\HP\OneDrive\Documents\essetech\hotelapp\Hotel-website-Django\.venv\Lib\site-packages\django\contrib\auth\decorators.py", line 60, in _view_wrapper
    return view_func(request, *args, **kwargs)
  File "C:\Users\HP\OneDrive\Documents\essetech\hotelapp\Hotel-website-Django\hotelapp\account\views.py", line 33, in wrapper
    return view_func(request, *args, **kwargs)
  File "C:\Users\HP\OneDrive\Documents\essetech\hotelapp\Hotel-website-Django\hotelapp\account\views.py", line 1079, in user_analytics
    return render(request, "staff/dashboard/user_analytics.html", context)
  File "C:\Users\HP\OneDrive\Documents\essetech\hotelapp\Hotel-website-Django\.venv\Lib\site-packages\django\shortcuts.py", line 25, in render
    content = loader.render_to_string(template_name, context, request, using=using)
  File "C:\Users\HP\OneDrive\Documents\essetech\hotelapp\Hotel-website-Django\.venv\Lib\site-packages\django\template\loader.py", line 61, in render_to_string
    template = get_template(template_name, using=using)
  File "C:\Users\HP\OneDrive\Documents\essetech\hotelapp\Hotel-website-Django\.venv\Lib\site-packages\django\template\loader.py", line 19, in get_template
    raise TemplateDoesNotExist(template_name, chain=chain)
django.template.exceptions.TemplateDoesNotExist: staff/dashboard/user_analytics.html
ERROR 2025-10-15 10:56:13,255 basehttp 28616 18660 "GET /user-analytics/ HTTP/1.1" 500 107173
INFO 2025-10-15 10:56:29,777 basehttp 28616 13264 "GET /staff/user-management?search=&user_type=&status= HTTP/1.1" 200 59355
WARNING 2025-10-15 10:56:29,842 basehttp 28616 9352 "GET /static/images/default.png HTTP/1.1" 404 1868
INFO 2025-10-15 10:56:29,843 basehttp 28616 13264 "GET /static/css/dist/styles.css?v=1760568989 HTTP/1.1" 200 109711
INFO 2025-10-15 10:56:38,537 basehttp 28616 20232 "POST /staff/user-management/1/toggle-verification/ HTTP/1.1" 302 0
INFO 2025-10-15 10:56:38,576 basehttp 28616 20232 "GET /staff/user-management HTTP/1.1" 200 59399
WARNING 2025-10-15 10:56:38,643 basehttp 28616 4008 "GET /static/images/default.png HTTP/1.1" 404 1868
INFO 2025-10-15 10:56:38,645 basehttp 28616 20232 "GET /static/css/dist/styles.css?v=1760568998 HTTP/1.1" 200 109711
INFO 2025-10-15 10:57:20,251 basehttp 28616 26596 "GET /staff/user-management HTTP/1.1" 200 59167
WARNING 2025-10-15 10:57:20,312 basehttp 28616 1352 "GET /static/images/default.png HTTP/1.1" 404 1868
INFO 2025-10-15 10:57:20,314 basehttp 28616 26596 "GET /static/css/dist/styles.css?v=1760569040 HTTP/1.1" 200 109711
INFO 2025-10-15 10:57:22,344 basehttp 28616 24680 "GET /staff/user-management HTTP/1.1" 200 59159
INFO 2025-10-15 10:57:22,394 basehttp 28616 24680 "GET /static/css/dist/styles.css?v=1760569042 HTTP/1.1" 200 109711
WARNING 2025-10-15 10:57:22,413 basehttp 28616 24680 "GET /static/images/default.png HTTP/1.1" 404 1868
INFO 2025-10-15 10:58:06,274 basehttp 28616 22912 "GET /staff/user-management HTTP/1.1" 200 59162
INFO 2025-10-15 10:58:06,337 basehttp 28616 22912 "GET /static/css/dist/styles.css?v=1760569086 HTTP/1.1" 200 109711
WARNING 2025-10-15 10:58:06,338 basehttp 28616 8896 "GET /static/images/default.png HTTP/1.1" 404 1868
INFO 2025-10-15 10:58:09,522 basehttp 28616 27308 "GET /staff/user-management HTTP/1.1" 200 59163
WARNING 2025-10-15 10:58:09,581 basehttp 28616 27896 "GET /static/images/default.png HTTP/1.1" 404 1868
INFO 2025-10-15 10:58:09,583 basehttp 28616 27308 "GET /static/css/dist/styles.css?v=1760569089 HTTP/1.1" 200 109711
INFO 2025-10-15 10:58:11,572 basehttp 28616 13604 "GET /staff/user-management HTTP/1.1" 200 59164
INFO 2025-10-15 10:58:11,604 basehttp 28616 13604 "GET /static/css/dist/styles.css?v=1760569091 HTTP/1.1" 200 109711
WARNING 2025-10-15 10:58:11,616 basehttp 28616 27640 "GET /static/images/default.png HTTP/1.1" 404 1868
INFO 2025-10-15 10:58:12,611 basehttp 28616 23128 "GET /staff/user-management HTTP/1.1" 200 59169
INFO 2025-10-15 10:58:12,649 basehttp 28616 23128 "GET /static/css/dist/styles.css?v=1760569092 HTTP/1.1" 200 109711
WARNING 2025-10-15 10:58:12,660 basehttp 28616 26280 "GET /static/images/default.png HTTP/1.1" 404 1868
INFO 2025-10-15 10:58:19,077 basehttp 28616 15368 "GET /staff/user-management HTTP/1.1" 200 59184
WARNING 2025-10-15 10:58:19,152 basehttp 28616 24368 "GET /static/images/default.png HTTP/1.1" 404 1868
INFO 2025-10-15 10:58:19,154 basehttp 28616 15368 "GET /static/css/dist/styles.css?v=1760569099 HTTP/1.1" 200 109711
INFO 2025-10-15 10:58:22,128 basehttp 28616 20780 "GET /staff/user-management HTTP/1.1" 200 59186
INFO 2025-10-15 10:58:22,177 basehttp 28616 20780 "GET /static/css/dist/styles.css?v=1760569102 HTTP/1.1" 200 109711
WARNING 2025-10-15 10:58:22,207 basehttp 28616 27900 "GET /static/images/default.png HTTP/1.1" 404 1868
INFO 2025-10-15 10:58:24,183 basehttp 28616 27960 "GET /staff/user-management HTTP/1.1" 200 59190
INFO 2025-10-15 10:58:24,212 basehttp 28616 27960 "GET /static/css/dist/styles.css?v=1760569104 HTTP/1.1" 200 109711
WARNING 2025-10-15 10:58:24,222 basehttp 28616 23776 "GET /static/images/default.png HTTP/1.1" 404 1868
ERROR 2025-10-15 10:58:26,301 log 28616 27192 Internal Server Error: /staff/user-management
Traceback (most recent call last):
  File "C:\Users\HP\OneDrive\Documents\essetech\hotelapp\Hotel-website-Django\.venv\Lib\site-packages\django\core\handlers\exception.py", line 55, in inner
    response = get_response(request)
  File "C:\Users\HP\OneDrive\Documents\essetech\hotelapp\Hotel-website-Django\.venv\Lib\site-packages\django\core\handlers\base.py", line 197, in _get_response
    response = wrapped_callback(request, *callback_args, **callback_kwargs)
  File "C:\Users\HP\OneDrive\Documents\essetech\hotelapp\Hotel-website-Django\.venv\Lib\site-packages\django\contrib\auth\decorators.py", line 60, in _view_wrapper
    return view_func(request, *args, **kwargs)
  File "C:\Users\HP\OneDrive\Documents\essetech\hotelapp\Hotel-website-Django\hotelapp\account\views.py", line 33, in wrapper
    return view_func(request, *args, **kwargs)
  File "C:\Users\HP\OneDrive\Documents\essetech\hotelapp\Hotel-website-Django\hotelapp\account\views.py", line 730, in user_management
    return render(request, "staff/dashboard/user_management.html", context)
  File "C:\Users\HP\OneDrive\Documents\essetech\hotelapp\Hotel-website-Django\.venv\Lib\site-packages\django\shortcuts.py", line 25, in render
    content = loader.render_to_string(template_name, context, request, using=using)
  File "C:\Users\HP\OneDrive\Documents\essetech\hotelapp\Hotel-website-Django\.venv\Lib\site-packages\django\template\loader.py", line 61, in render_to_string
    template = get_template(template_name, using=using)
  File "C:\Users\HP\OneDrive\Documents\essetech\hotelapp\Hotel-website-Django\.venv\Lib\site-packages\django\template\loader.py", line 15, in get_template
    return engine.get_template(template_name)
           ~~~~~~~~~~~~~~~~~~~^^^^^^^^^^^^^^^
  File "C:\Users\HP\OneDrive\Documents\essetech\hotelapp\Hotel-website-Django\.venv\Lib\site-packages\django\template\backends\django.py", line 79, in get_template
    return Template(self.engine.get_template(template_name), self)
                    ~~~~~~~~~~~~~~~~~~~~~~~~^^^^^^^^^^^^^^^
  File "C:\Users\HP\OneDrive\Documents\essetech\hotelapp\Hotel-website-Django\.venv\Lib\site-packages\django\template\engine.py", line 177, in get_template
    template, origin = self.find_template(template_name)
                       ~~~~~~~~~~~~~~~~~~^^^^^^^^^^^^^^^
  File "C:\Users\HP\OneDrive\Documents\essetech\hotelapp\Hotel-website-Django\.venv\Lib\site-packages\django\template\engine.py", line 159, in find_template
    template = loader.get_template(name, skip=skip)
  File "C:\Users\HP\OneDrive\Documents\essetech\hotelapp\Hotel-website-Django\.venv\Lib\site-packages\django\template\loaders\cached.py", line 57, in get_template
    template = super().get_template(template_name, skip)
  File "C:\Users\HP\OneDrive\Documents\essetech\hotelapp\Hotel-website-Django\.venv\Lib\site-packages\django\template\loaders\base.py", line 28, in get_template
    return Template(
        contents,
    ...<2 lines>...
        self.engine,
    )
  File "C:\Users\HP\OneDrive\Documents\essetech\hotelapp\Hotel-website-Django\.venv\Lib\site-packages\django\template\base.py", line 154, in __init__
    self.nodelist = self.compile_nodelist()
                    ~~~~~~~~~~~~~~~~~~~~~^^
  File "C:\Users\HP\OneDrive\Documents\essetech\hotelapp\Hotel-website-Django\.venv\Lib\site-packages\django\template\base.py", line 196, in compile_nodelist
    nodelist = parser.parse()
  File "C:\Users\HP\OneDrive\Documents\essetech\hotelapp\Hotel-website-Django\.venv\Lib\site-packages\django\template\base.py", line 518, in parse
    raise self.error(token, e)
  File "C:\Users\HP\OneDrive\Documents\essetech\hotelapp\Hotel-website-Django\.venv\Lib\site-packages\django\template\base.py", line 516, in parse
    compiled_result = compile_func(self, token)
  File "C:\Users\HP\OneDrive\Documents\essetech\hotelapp\Hotel-website-Django\.venv\Lib\site-packages\django\template\loader_tags.py", line 295, in do_extends
    nodelist = parser.parse()
  File "C:\Users\HP\OneDrive\Documents\essetech\hotelapp\Hotel-website-Django\.venv\Lib\site-packages\django\template\base.py", line 518, in parse
    raise self.error(token, e)
  File "C:\Users\HP\OneDrive\Documents\essetech\hotelapp\Hotel-website-Django\.venv\Lib\site-packages\django\template\base.py", line 516, in parse
    compiled_result = compile_func(self, token)
  File "C:\Users\HP\OneDrive\Documents\essetech\hotelapp\Hotel-website-Django\.venv\Lib\site-packages\django\template\loader_tags.py", line 234, in do_block
    nodelist = parser.parse(("endblock",))
  File "C:\Users\HP\OneDrive\Documents\essetech\hotelapp\Hotel-website-Django\.venv\Lib\site-packages\django\template\base.py", line 518, in parse
    raise self.error(token, e)
  File "C:\Users\HP\OneDrive\Documents\essetech\hotelapp\Hotel-website-Django\.venv\Lib\site-packages\django\template\base.py", line 516, in parse
    compiled_result = compile_func(self, token)
  File "C:\Users\HP\OneDrive\Documents\essetech\hotelapp\Hotel-website-Django\.venv\Lib\site-packages\django\template\defaulttags.py", line 841, in do_for
    raise TemplateSyntaxError(
        "'for' statements should have at least four words: %s" % token.contents
    )
django.template.exceptions.TemplateSyntaxError: 'for' statements should have at least four words: for user in
ERROR 2025-10-15 10:58:26,309 basehttp 28616 27192 "GET /staff/user-management HTTP/1.1" 500 214904
INFO 2025-10-15 10:58:29,413 basehttp 28616 18632 "GET /staff/user-management HTTP/1.1" 200 59187
WARNING 2025-10-15 10:58:29,452 basehttp 28616 6508 "GET /static/images/default.png HTTP/1.1" 404 1868
INFO 2025-10-15 10:58:29,453 basehttp 28616 18632 "GET /static/css/dist/styles.css?v=1760569109 HTTP/1.1" 200 109711
INFO 2025-10-15 10:58:31,536 basehttp 28616 28296 "GET /staff/user-management HTTP/1.1" 200 59193
INFO 2025-10-15 10:58:31,568 basehttp 28616 28296 "GET /static/css/dist/styles.css?v=1760569111 HTTP/1.1" 200 109711
WARNING 2025-10-15 10:58:31,580 basehttp 28616 27808 "GET /static/images/default.png HTTP/1.1" 404 1868
INFO 2025-10-15 10:58:34,825 basehttp 28616 1108 "GET /staff/user-management HTTP/1.1" 200 66240
WARNING 2025-10-15 10:58:34,873 basehttp 28616 11500 "GET /static/images/default.png HTTP/1.1" 404 1868
INFO 2025-10-15 10:58:34,883 basehttp 28616 1108 "GET /static/css/dist/styles.css?v=1760569114 HTTP/1.1" 200 110820
INFO 2025-10-15 10:58:35,802 basehttp 28616 25748 "GET /staff/user-management HTTP/1.1" 200 66240
INFO 2025-10-15 10:58:35,844 basehttp 28616 25748 "GET /static/css/dist/styles.css?v=1760569115 HTTP/1.1" 200 110820
WARNING 2025-10-15 10:58:35,859 basehttp 28616 4164 "GET /static/images/default.png HTTP/1.1" 404 1868
INFO 2025-10-15 10:58:42,137 basehttp 28616 27388 "GET /staff/user-management HTTP/1.1" 200 66243
WARNING 2025-10-15 10:58:42,179 basehttp 28616 9696 "GET /static/images/default.png HTTP/1.1" 404 1868
INFO 2025-10-15 10:58:42,181 basehttp 28616 27388 "GET /static/css/dist/styles.css?v=1760569122 HTTP/1.1" 200 110820
INFO 2025-10-15 10:58:45,286 basehttp 28616 10052 "GET /staff/user-management HTTP/1.1" 200 66258
INFO 2025-10-15 10:58:45,309 basehttp 28616 10052 "GET /static/css/dist/styles.css?v=1760569125 HTTP/1.1" 200 110820
WARNING 2025-10-15 10:58:45,325 basehttp 28616 24740 "GET /static/images/default.png HTTP/1.1" 404 1868
ERROR 2025-10-15 10:58:50,578 log 28616 7616 Internal Server Error: /staff/user-management
Traceback (most recent call last):
  File "C:\Users\HP\OneDrive\Documents\essetech\hotelapp\Hotel-website-Django\.venv\Lib\site-packages\django\core\handlers\exception.py", line 55, in inner
    response = get_response(request)
  File "C:\Users\HP\OneDrive\Documents\essetech\hotelapp\Hotel-website-Django\.venv\Lib\site-packages\django\core\handlers\base.py", line 197, in _get_response
    response = wrapped_callback(request, *callback_args, **callback_kwargs)
  File "C:\Users\HP\OneDrive\Documents\essetech\hotelapp\Hotel-website-Django\.venv\Lib\site-packages\django\contrib\auth\decorators.py", line 60, in _view_wrapper
    return view_func(request, *args, **kwargs)
  File "C:\Users\HP\OneDrive\Documents\essetech\hotelapp\Hotel-website-Django\hotelapp\account\views.py", line 33, in wrapper
    return view_func(request, *args, **kwargs)
  File "C:\Users\HP\OneDrive\Documents\essetech\hotelapp\Hotel-website-Django\hotelapp\account\views.py", line 730, in user_management
    return render(request, "staff/dashboard/user_management.html", context)
  File "C:\Users\HP\OneDrive\Documents\essetech\hotelapp\Hotel-website-Django\.venv\Lib\site-packages\django\shortcuts.py", line 25, in render
    content = loader.render_to_string(template_name, context, request, using=using)
  File "C:\Users\HP\OneDrive\Documents\essetech\hotelapp\Hotel-website-Django\.venv\Lib\site-packages\django\template\loader.py", line 61, in render_to_string
    template = get_template(template_name, using=using)
  File "C:\Users\HP\OneDrive\Documents\essetech\hotelapp\Hotel-website-Django\.venv\Lib\site-packages\django\template\loader.py", line 15, in get_template
    return engine.get_template(template_name)
           ~~~~~~~~~~~~~~~~~~~^^^^^^^^^^^^^^^
  File "C:\Users\HP\OneDrive\Documents\essetech\hotelapp\Hotel-website-Django\.venv\Lib\site-packages\django\template\backends\django.py", line 79, in get_template
    return Template(self.engine.get_template(template_name), self)
                    ~~~~~~~~~~~~~~~~~~~~~~~~^^^^^^^^^^^^^^^
  File "C:\Users\HP\OneDrive\Documents\essetech\hotelapp\Hotel-website-Django\.venv\Lib\site-packages\django\template\engine.py", line 177, in get_template
    template, origin = self.find_template(template_name)
                       ~~~~~~~~~~~~~~~~~~^^^^^^^^^^^^^^^
  File "C:\Users\HP\OneDrive\Documents\essetech\hotelapp\Hotel-website-Django\.venv\Lib\site-packages\django\template\engine.py", line 159, in find_template
    template = loader.get_template(name, skip=skip)
  File "C:\Users\HP\OneDrive\Documents\essetech\hotelapp\Hotel-website-Django\.venv\Lib\site-packages\django\template\loaders\cached.py", line 57, in get_template
    template = super().get_template(template_name, skip)
  File "C:\Users\HP\OneDrive\Documents\essetech\hotelapp\Hotel-website-Django\.venv\Lib\site-packages\django\template\loaders\base.py", line 28, in get_template
    return Template(
        contents,
    ...<2 lines>...
        self.engine,
    )
  File "C:\Users\HP\OneDrive\Documents\essetech\hotelapp\Hotel-website-Django\.venv\Lib\site-packages\django\template\base.py", line 154, in __init__
    self.nodelist = self.compile_nodelist()
                    ~~~~~~~~~~~~~~~~~~~~~^^
  File "C:\Users\HP\OneDrive\Documents\essetech\hotelapp\Hotel-website-Django\.venv\Lib\site-packages\django\template\base.py", line 196, in compile_nodelist
    nodelist = parser.parse()
  File "C:\Users\HP\OneDrive\Documents\essetech\hotelapp\Hotel-website-Django\.venv\Lib\site-packages\django\template\base.py", line 518, in parse
    raise self.error(token, e)
  File "C:\Users\HP\OneDrive\Documents\essetech\hotelapp\Hotel-website-Django\.venv\Lib\site-packages\django\template\base.py", line 516, in parse
    compiled_result = compile_func(self, token)
  File "C:\Users\HP\OneDrive\Documents\essetech\hotelapp\Hotel-website-Django\.venv\Lib\site-packages\django\template\loader_tags.py", line 295, in do_extends
    nodelist = parser.parse()
  File "C:\Users\HP\OneDrive\Documents\essetech\hotelapp\Hotel-website-Django\.venv\Lib\site-packages\django\template\base.py", line 518, in parse
    raise self.error(token, e)
  File "C:\Users\HP\OneDrive\Documents\essetech\hotelapp\Hotel-website-Django\.venv\Lib\site-packages\django\template\base.py", line 516, in parse
    compiled_result = compile_func(self, token)
  File "C:\Users\HP\OneDrive\Documents\essetech\hotelapp\Hotel-website-Django\.venv\Lib\site-packages\django\template\loader_tags.py", line 234, in do_block
    nodelist = parser.parse(("endblock",))
  File "C:\Users\HP\OneDrive\Documents\essetech\hotelapp\Hotel-website-Django\.venv\Lib\site-packages\django\template\base.py", line 518, in parse
    raise self.error(token, e)
  File "C:\Users\HP\OneDrive\Documents\essetech\hotelapp\Hotel-website-Django\.venv\Lib\site-packages\django\template\base.py", line 516, in parse
    compiled_result = compile_func(self, token)
  File "C:\Users\HP\OneDrive\Documents\essetech\hotelapp\Hotel-website-Django\.venv\Lib\site-packages\django\template\defaulttags.py", line 862, in do_for
    nodelist_loop = parser.parse(
        (
    ...<2 lines>...
        )
    )
  File "C:\Users\HP\OneDrive\Documents\essetech\hotelapp\Hotel-website-Django\.venv\Lib\site-packages\django\template\base.py", line 483, in parse
    raise self.error(
        token, "Empty variable tag on line %d" % token.lineno
    )
django.template.exceptions.TemplateSyntaxError: Empty variable tag on line 343
ERROR 2025-10-15 10:58:50,585 basehttp 28616 7616 "GET /staff/user-management HTTP/1.1" 500 223164
INFO 2025-10-15 10:58:51,586 basehttp 28616 18308 "GET /staff/user-management HTTP/1.1" 200 66288
INFO 2025-10-15 10:58:51,620 basehttp 28616 18308 "GET /static/css/dist/styles.css?v=1760569131 HTTP/1.1" 200 110820
WARNING 2025-10-15 10:58:51,635 basehttp 28616 12480 "GET /static/images/default.png HTTP/1.1" 404 1868
INFO 2025-10-15 10:58:53,657 basehttp 28616 26248 "GET /staff/user-management HTTP/1.1" 200 66264
WARNING 2025-10-15 10:58:53,697 basehttp 28616 27304 "GET /static/images/default.png HTTP/1.1" 404 1868
INFO 2025-10-15 10:58:53,699 basehttp 28616 26248 "GET /static/css/dist/styles.css?v=1760569133 HTTP/1.1" 200 110820
INFO 2025-10-15 10:59:09,860 basehttp 28616 14852 "GET /staff/user-management HTTP/1.1" 200 66288
INFO 2025-10-15 10:59:09,910 basehttp 28616 14852 "GET /static/css/dist/styles.css?v=1760569149 HTTP/1.1" 200 110820
WARNING 2025-10-15 10:59:09,927 basehttp 28616 13504 "GET /static/images/default.png HTTP/1.1" 404 1868
INFO 2025-10-15 10:59:18,178 basehttp 28616 23068 "GET /staff/user-management HTTP/1.1" 200 66339
WARNING 2025-10-15 10:59:18,226 basehttp 28616 26508 "GET /static/images/default.png HTTP/1.1" 404 1868
INFO 2025-10-15 10:59:18,229 basehttp 28616 23068 "GET /static/css/dist/styles.css?v=1760569158 HTTP/1.1" 200 110820
INFO 2025-10-15 10:59:19,197 basehttp 28616 7488 "GET /staff/user-management HTTP/1.1" 200 66351
INFO 2025-10-15 10:59:19,239 basehttp 28616 7488 "GET /static/css/dist/styles.css?v=1760569159 HTTP/1.1" 200 110820
WARNING 2025-10-15 10:59:19,271 basehttp 28616 17636 "GET /static/images/default.png HTTP/1.1" 404 1868
INFO 2025-10-15 10:59:21,260 basehttp 28616 17168 "GET /staff/user-management HTTP/1.1" 200 66408
WARNING 2025-10-15 10:59:21,296 basehttp 28616 23912 "GET /static/images/default.png HTTP/1.1" 404 1868
INFO 2025-10-15 10:59:21,297 basehttp 28616 17168 "GET /static/css/dist/styles.css?v=1760569161 HTTP/1.1" 200 110820
INFO 2025-10-15 10:59:29,734 basehttp 28616 16524 "GET /staff/user-management HTTP/1.1" 200 66450
WARNING 2025-10-15 10:59:29,773 basehttp 28616 24676 "GET /static/images/default.png HTTP/1.1" 404 1868
INFO 2025-10-15 10:59:29,775 basehttp 28616 16524 "GET /static/css/dist/styles.css?v=1760569169 HTTP/1.1" 200 110820
INFO 2025-10-15 10:59:34,943 basehttp 28616 8104 "GET /staff/user-management HTTP/1.1" 200 66477
INFO 2025-10-15 10:59:34,978 basehttp 28616 8104 "GET /static/css/dist/styles.css?v=1760569174 HTTP/1.1" 200 110820
WARNING 2025-10-15 10:59:35,001 basehttp 28616 11500 "GET /static/images/default.png HTTP/1.1" 404 1868
INFO 2025-10-15 10:59:37,001 basehttp 28616 21892 "GET /staff/user-management HTTP/1.1" 200 66483
INFO 2025-10-15 10:59:37,032 basehttp 28616 21892 "GET /static/css/dist/styles.css?v=1760569176 HTTP/1.1" 200 110820
WARNING 2025-10-15 10:59:37,046 basehttp 28616 6180 "GET /static/images/default.png HTTP/1.1" 404 1868
INFO 2025-10-15 10:59:39,071 basehttp 28616 4872 "GET /staff/user-management HTTP/1.1" 200 66528
INFO 2025-10-15 10:59:39,105 basehttp 28616 4872 "GET /static/css/dist/styles.css?v=1760569179 HTTP/1.1" 200 110820
WARNING 2025-10-15 10:59:39,125 basehttp 28616 25644 "GET /static/images/default.png HTTP/1.1" 404 1868
INFO 2025-10-15 10:59:41,141 basehttp 28616 26132 "GET /staff/user-management HTTP/1.1" 200 66510
WARNING 2025-10-15 10:59:41,182 basehttp 28616 24608 "GET /static/images/default.png HTTP/1.1" 404 1868
INFO 2025-10-15 10:59:41,184 basehttp 28616 26132 "GET /static/css/dist/styles.css?v=1760569181 HTTP/1.1" 200 110820
INFO 2025-10-15 10:59:44,241 basehttp 28616 168 "GET /staff/user-management HTTP/1.1" 200 66528
INFO 2025-10-15 10:59:44,272 basehttp 28616 168 "GET /static/css/dist/styles.css?v=1760569184 HTTP/1.1" 200 110820
WARNING 2025-10-15 10:59:44,282 basehttp 28616 24468 "GET /static/images/default.png HTTP/1.1" 404 1868
INFO 2025-10-15 10:59:47,442 basehttp 28616 20796 "GET /staff/user-management HTTP/1.1" 200 66534
INFO 2025-10-15 10:59:47,499 basehttp 28616 20796 "GET /static/css/dist/styles.css?v=1760569187 HTTP/1.1" 200 110820
WARNING 2025-10-15 10:59:47,514 basehttp 28616 10780 "GET /static/images/default.png HTTP/1.1" 404 1868
INFO 2025-10-15 10:59:49,519 basehttp 28616 13488 "GET /staff/user-management HTTP/1.1" 200 66546
WARNING 2025-10-15 10:59:49,553 basehttp 28616 8956 "GET /static/images/default.png HTTP/1.1" 404 1868
INFO 2025-10-15 10:59:49,554 basehttp 28616 13488 "GET /static/css/dist/styles.css?v=1760569189 HTTP/1.1" 200 110820
INFO 2025-10-15 10:59:51,646 basehttp 28616 17708 "GET /staff/user-management HTTP/1.1" 200 66564
INFO 2025-10-15 10:59:51,684 basehttp 28616 17708 "GET /static/css/dist/styles.css?v=1760569191 HTTP/1.1" 200 110820
WARNING 2025-10-15 10:59:51,698 basehttp 28616 18852 "GET /static/images/default.png HTTP/1.1" 404 1868
INFO 2025-10-15 10:59:59,075 basehttp 28616 8328 "GET /staff/user-management HTTP/1.1" 200 66543
WARNING 2025-10-15 10:59:59,132 basehttp 28616 26516 "GET /static/images/default.png HTTP/1.1" 404 1868
INFO 2025-10-15 10:59:59,134 basehttp 28616 8328 "GET /static/css/dist/styles.css?v=1760569199 HTTP/1.1" 200 110820
INFO 2025-10-15 11:00:03,283 basehttp 28616 20000 "GET /staff/user-management HTTP/1.1" 200 66969
WARNING 2025-10-15 11:00:03,322 basehttp 28616 26248 "GET /static/images/default.png HTTP/1.1" 404 1868
INFO 2025-10-15 11:00:03,323 basehttp 28616 20000 "GET /static/css/dist/styles.css?v=1760569203 HTTP/1.1" 200 110820
INFO 2025-10-15 11:00:05,373 basehttp 28616 9512 "GET /staff/user-management HTTP/1.1" 200 67008
INFO 2025-10-15 11:00:05,400 basehttp 28616 9512 "GET /static/css/dist/styles.css?v=1760569205 HTTP/1.1" 200 110820
WARNING 2025-10-15 11:00:05,417 basehttp 28616 10152 "GET /static/images/default.png HTTP/1.1" 404 1868
INFO 2025-10-15 11:00:07,493 basehttp 28616 1168 "GET /staff/user-management HTTP/1.1" 200 67029
INFO 2025-10-15 11:00:07,523 basehttp 28616 1168 "GET /static/css/dist/styles.css?v=1760569207 HTTP/1.1" 200 110820
WARNING 2025-10-15 11:00:07,548 basehttp 28616 17392 "GET /static/images/default.png HTTP/1.1" 404 1868
INFO 2025-10-15 11:00:09,582 basehttp 28616 3080 "GET /staff/user-management HTTP/1.1" 200 67041
INFO 2025-10-15 11:00:09,612 basehttp 28616 3080 "GET /static/css/dist/styles.css?v=1760569209 HTTP/1.1" 200 110820
WARNING 2025-10-15 11:00:09,627 basehttp 28616 13504 "GET /static/images/default.png HTTP/1.1" 404 1868
INFO 2025-10-15 11:00:11,658 basehttp 28616 21096 "GET /staff/user-management HTTP/1.1" 200 67089
WARNING 2025-10-15 11:00:11,696 basehttp 28616 26096 "GET /static/images/default.png HTTP/1.1" 404 1868
INFO 2025-10-15 11:00:11,698 basehttp 28616 21096 "GET /static/css/dist/styles.css?v=1760569211 HTTP/1.1" 200 110820
INFO 2025-10-15 11:00:32,783 basehttp 28616 13124 "GET /staff/user-management HTTP/1.1" 200 67113
INFO 2025-10-15 11:00:32,813 basehttp 28616 13124 "GET /static/css/dist/styles.css?v=1760569232 HTTP/1.1" 200 110820
WARNING 2025-10-15 11:00:32,825 basehttp 28616 21272 "GET /static/images/default.png HTTP/1.1" 404 1868
INFO 2025-10-15 11:00:36,924 basehttp 28616 25620 "GET /staff/user-management HTTP/1.1" 200 67113
INFO 2025-10-15 11:00:36,961 basehttp 28616 25620 "GET /static/css/dist/styles.css?v=1760569236 HTTP/1.1" 200 110820
WARNING 2025-10-15 11:00:36,971 basehttp 28616 27128 "GET /static/images/default.png HTTP/1.1" 404 1868
INFO 2025-10-15 11:00:41,114 basehttp 28616 15164 "GET /staff/user-management HTTP/1.1" 200 67023
WARNING 2025-10-15 11:00:41,153 basehttp 28616 19048 "GET /static/images/default.png HTTP/1.1" 404 1868
INFO 2025-10-15 11:00:41,154 basehttp 28616 15164 "GET /static/css/dist/styles.css?v=1760569241 HTTP/1.1" 200 110820
INFO 2025-10-15 11:00:51,738 basehttp 28616 22520 "GET /staff/user-management HTTP/1.1" 200 67029
WARNING 2025-10-15 11:00:51,780 basehttp 28616 13212 "GET /static/images/default.png HTTP/1.1" 404 1868
INFO 2025-10-15 11:00:51,781 basehttp 28616 22520 "GET /static/css/dist/styles.css?v=1760569251 HTTP/1.1" 200 110820
INFO 2025-10-15 11:00:54,839 basehttp 28616 25980 "GET /staff/user-management HTTP/1.1" 200 67002
WARNING 2025-10-15 11:00:54,883 basehttp 28616 2248 "GET /static/images/default.png HTTP/1.1" 404 1868
INFO 2025-10-15 11:00:54,885 basehttp 28616 25980 "GET /static/css/dist/styles.css?v=1760569254 HTTP/1.1" 200 110820
INFO 2025-10-15 11:00:59,084 basehttp 28616 21316 "GET /staff/user-management HTTP/1.1" 200 67029
WARNING 2025-10-15 11:00:59,130 basehttp 28616 13604 "GET /static/images/default.png HTTP/1.1" 404 1868
INFO 2025-10-15 11:00:59,132 basehttp 28616 21316 "GET /static/css/dist/styles.css?v=1760569259 HTTP/1.1" 200 110820
INFO 2025-10-15 11:01:10,766 basehttp 28616 26840 "GET /staff/user-management HTTP/1.1" 200 67002
WARNING 2025-10-15 11:01:10,808 basehttp 28616 27504 "GET /static/images/default.png HTTP/1.1" 404 1868
INFO 2025-10-15 11:01:10,810 basehttp 28616 26840 "GET /static/css/dist/styles.css?v=1760569270 HTTP/1.1" 200 110820
INFO 2025-10-15 11:01:14,940 basehttp 28616 11944 "GET /staff/user-management HTTP/1.1" 200 67029
INFO 2025-10-15 11:01:14,978 basehttp 28616 11944 "GET /static/css/dist/styles.css?v=1760569274 HTTP/1.1" 200 110820
WARNING 2025-10-15 11:01:14,992 basehttp 28616 3896 "GET /static/images/default.png HTTP/1.1" 404 1868
INFO 2025-10-15 11:01:27,554 basehttp 28616 27064 "GET /staff/user-management HTTP/1.1" 200 67014
INFO 2025-10-15 11:01:27,594 basehttp 28616 27064 "GET /static/css/dist/styles.css?v=1760569287 HTTP/1.1" 200 110820
WARNING 2025-10-15 11:01:27,603 basehttp 28616 28352 "GET /static/images/default.png HTTP/1.1" 404 1868
INFO 2025-10-15 11:02:04,920 basehttp 28616 23572 "GET /staff/user-management HTTP/1.1" 200 66351
INFO 2025-10-15 11:02:04,975 basehttp 28616 23572 "GET /static/css/dist/styles.css?v=1760569324 HTTP/1.1" 200 110820
WARNING 2025-10-15 11:02:04,991 basehttp 28616 13860 "GET /static/images/default.png HTTP/1.1" 404 1868
INFO 2025-10-15 11:02:06,993 basehttp 28616 28148 "GET /staff/user-management HTTP/1.1" 200 66207
INFO 2025-10-15 11:02:07,029 basehttp 28616 28148 "GET /static/css/dist/styles.css?v=1760569326 HTTP/1.1" 200 110820
WARNING 2025-10-15 11:02:07,048 basehttp 28616 28148 "GET /static/images/default.png HTTP/1.1" 404 1868
INFO 2025-10-15 11:02:10,027 basehttp 28616 17716 "GET /staff/user-management HTTP/1.1" 200 66135
WARNING 2025-10-15 11:02:10,062 basehttp 28616 26684 "GET /static/images/default.png HTTP/1.1" 404 1868
INFO 2025-10-15 11:02:10,064 basehttp 28616 17716 "GET /static/css/dist/styles.css?v=1760569330 HTTP/1.1" 200 110820
INFO 2025-10-15 11:02:12,169 basehttp 28616 22060 "GET /staff/user-management HTTP/1.1" 200 65649
INFO 2025-10-15 11:02:12,237 basehttp 28616 22060 "GET /static/css/dist/styles.css?v=1760569332 HTTP/1.1" 200 110820
WARNING 2025-10-15 11:02:12,261 basehttp 28616 10684 "GET /static/images/default.png HTTP/1.1" 404 1868
INFO 2025-10-15 11:02:27,796 basehttp 28616 8276 "GET /staff/user-management HTTP/1.1" 200 65640
INFO 2025-10-15 11:02:27,830 basehttp 28616 8276 "GET /static/css/dist/styles.css?v=1760569347 HTTP/1.1" 200 110820
WARNING 2025-10-15 11:02:27,845 basehttp 28616 23272 "GET /static/images/default.png HTTP/1.1" 404 1868
INFO 2025-10-15 11:02:28,835 basehttp 28616 22692 "GET /staff/user-management HTTP/1.1" 200 65649
WARNING 2025-10-15 11:02:28,875 basehttp 28616 4800 "GET /static/images/default.png HTTP/1.1" 404 1868
INFO 2025-10-15 11:02:28,877 basehttp 28616 22692 "GET /static/css/dist/styles.css?v=1760569348 HTTP/1.1" 200 110820
INFO 2025-10-15 11:02:32,007 basehttp 28616 6004 "GET /staff/user-management HTTP/1.1" 200 65772
INFO 2025-10-15 11:02:32,038 basehttp 28616 6004 "GET /static/css/dist/styles.css?v=1760569351 HTTP/1.1" 200 110820
WARNING 2025-10-15 11:02:32,055 basehttp 28616 21708 "GET /static/images/default.png HTTP/1.1" 404 1868
INFO 2025-10-15 11:02:34,060 basehttp 28616 13988 "GET /staff/user-management HTTP/1.1" 200 65892
WARNING 2025-10-15 11:02:34,109 basehttp 28616 27260 "GET /static/images/default.png HTTP/1.1" 404 1868
INFO 2025-10-15 11:02:34,111 basehttp 28616 13988 "GET /static/css/dist/styles.css?v=1760569354 HTTP/1.1" 200 110820
INFO 2025-10-15 11:02:35,199 basehttp 28616 12972 "GET /staff/user-management HTTP/1.1" 200 66081
WARNING 2025-10-15 11:02:35,245 basehttp 28616 8432 "GET /static/images/default.png HTTP/1.1" 404 1868
INFO 2025-10-15 11:02:35,247 basehttp 28616 12972 "GET /static/css/dist/styles.css?v=1760569355 HTTP/1.1" 200 110820
INFO 2025-10-15 11:02:55,046 basehttp 28616 1008 "GET /staff/user-management HTTP/1.1" 200 66129
INFO 2025-10-15 11:02:55,073 basehttp 28616 1008 "GET /static/css/dist/styles.css?v=1760569375 HTTP/1.1" 200 110820
WARNING 2025-10-15 11:02:55,089 basehttp 28616 10744 "GET /static/images/default.png HTTP/1.1" 404 1868
INFO 2025-10-15 11:03:46,968 autoreload 28616 25720 C:\Users\HP\OneDrive\Documents\essetech\hotelapp\Hotel-website-Django\hotelapp\account\urls.py changed, reloading.
INFO 2025-10-15 11:03:49,124 autoreload 13212 12036 Watching for file changes with StatReloader
INFO 2025-10-15 11:03:50,377 basehttp 13212 12436 "GET /staff/user-management HTTP/1.1" 200 66129
WARNING 2025-10-15 11:03:50,423 basehttp 13212 26864 "GET /static/images/default.png HTTP/1.1" 404 1868
INFO 2025-10-15 11:03:50,551 basehttp 13212 12436 "GET /static/css/dist/styles.css?v=1760569430 HTTP/1.1" 200 110820
ERROR 2025-10-15 11:04:17,597 log 13212 9616 Internal Server Error: /staff/user-management
Traceback (most recent call last):
  File "C:\Users\HP\OneDrive\Documents\essetech\hotelapp\Hotel-website-Django\.venv\Lib\site-packages\django\core\handlers\exception.py", line 55, in inner
    response = get_response(request)
  File "C:\Users\HP\OneDrive\Documents\essetech\hotelapp\Hotel-website-Django\.venv\Lib\site-packages\django\core\handlers\base.py", line 197, in _get_response
    response = wrapped_callback(request, *callback_args, **callback_kwargs)
  File "C:\Users\HP\OneDrive\Documents\essetech\hotelapp\Hotel-website-Django\.venv\Lib\site-packages\django\contrib\auth\decorators.py", line 60, in _view_wrapper
    return view_func(request, *args, **kwargs)
  File "C:\Users\HP\OneDrive\Documents\essetech\hotelapp\Hotel-website-Django\hotelapp\account\views.py", line 33, in wrapper
    return view_func(request, *args, **kwargs)
  File "C:\Users\HP\OneDrive\Documents\essetech\hotelapp\Hotel-website-Django\hotelapp\account\views.py", line 730, in user_management
    return render(request, "staff/dashboard/user_management.html", context)
  File "C:\Users\HP\OneDrive\Documents\essetech\hotelapp\Hotel-website-Django\.venv\Lib\site-packages\django\shortcuts.py", line 25, in render
    content = loader.render_to_string(template_name, context, request, using=using)
  File "C:\Users\HP\OneDrive\Documents\essetech\hotelapp\Hotel-website-Django\.venv\Lib\site-packages\django\template\loader.py", line 62, in render_to_string
    return template.render(context, request)
           ~~~~~~~~~~~~~~~^^^^^^^^^^^^^^^^^^
  File "C:\Users\HP\OneDrive\Documents\essetech\hotelapp\Hotel-website-Django\.venv\Lib\site-packages\django\template\backends\django.py", line 107, in render
    return self.template.render(context)
           ~~~~~~~~~~~~~~~~~~~~^^^^^^^^^
  File "C:\Users\HP\OneDrive\Documents\essetech\hotelapp\Hotel-website-Django\.venv\Lib\site-packages\django\template\base.py", line 171, in render
    return self._render(context)
           ~~~~~~~~~~~~^^^^^^^^^
  File "C:\Users\HP\OneDrive\Documents\essetech\hotelapp\Hotel-website-Django\.venv\Lib\site-packages\django\template\base.py", line 163, in _render
    return self.nodelist.render(context)
           ~~~~~~~~~~~~~~~~~~~~^^^^^^^^^
  File "C:\Users\HP\OneDrive\Documents\essetech\hotelapp\Hotel-website-Django\.venv\Lib\site-packages\django\template\base.py", line 1008, in render
    return SafeString("".join([node.render_annotated(context) for node in self]))
                               ~~~~~~~~~~~~~~~~~~~~~^^^^^^^^^
  File "C:\Users\HP\OneDrive\Documents\essetech\hotelapp\Hotel-website-Django\.venv\Lib\site-packages\django\template\base.py", line 969, in render_annotated
    return self.render(context)
           ~~~~~~~~~~~^^^^^^^^^
  File "C:\Users\HP\OneDrive\Documents\essetech\hotelapp\Hotel-website-Django\.venv\Lib\site-packages\django\template\loader_tags.py", line 159, in render
    return compiled_parent._render(context)
           ~~~~~~~~~~~~~~~~~~~~~~~^^^^^^^^^
  File "C:\Users\HP\OneDrive\Documents\essetech\hotelapp\Hotel-website-Django\.venv\Lib\site-packages\django\template\base.py", line 163, in _render
    return self.nodelist.render(context)
           ~~~~~~~~~~~~~~~~~~~~^^^^^^^^^
  File "C:\Users\HP\OneDrive\Documents\essetech\hotelapp\Hotel-website-Django\.venv\Lib\site-packages\django\template\base.py", line 1008, in render
    return SafeString("".join([node.render_annotated(context) for node in self]))
                               ~~~~~~~~~~~~~~~~~~~~~^^^^^^^^^
  File "C:\Users\HP\OneDrive\Documents\essetech\hotelapp\Hotel-website-Django\.venv\Lib\site-packages\django\template\base.py", line 969, in render_annotated
    return self.render(context)
           ~~~~~~~~~~~^^^^^^^^^
  File "C:\Users\HP\OneDrive\Documents\essetech\hotelapp\Hotel-website-Django\.venv\Lib\site-packages\django\template\loader_tags.py", line 65, in render
    result = block.nodelist.render(context)
  File "C:\Users\HP\OneDrive\Documents\essetech\hotelapp\Hotel-website-Django\.venv\Lib\site-packages\django\template\base.py", line 1008, in render
    return SafeString("".join([node.render_annotated(context) for node in self]))
                               ~~~~~~~~~~~~~~~~~~~~~^^^^^^^^^
  File "C:\Users\HP\OneDrive\Documents\essetech\hotelapp\Hotel-website-Django\.venv\Lib\site-packages\django\template\base.py", line 969, in render_annotated
    return self.render(context)
           ~~~~~~~~~~~^^^^^^^^^
  File "C:\Users\HP\OneDrive\Documents\essetech\hotelapp\Hotel-website-Django\.venv\Lib\site-packages\django\template\defaulttags.py", line 243, in render
    nodelist.append(node.render_annotated(context))
                    ~~~~~~~~~~~~~~~~~~~~~^^^^^^^^^
  File "C:\Users\HP\OneDrive\Documents\essetech\hotelapp\Hotel-website-Django\.venv\Lib\site-packages\django\template\base.py", line 969, in render_annotated
    return self.render(context)
           ~~~~~~~~~~~^^^^^^^^^
  File "C:\Users\HP\OneDrive\Documents\essetech\hotelapp\Hotel-website-Django\.venv\Lib\site-packages\django\template\defaulttags.py", line 480, in render
    url = reverse(view_name, args=args, kwargs=kwargs, current_app=current_app)
  File "C:\Users\HP\OneDrive\Documents\essetech\hotelapp\Hotel-website-Django\.venv\Lib\site-packages\django\urls\base.py", line 88, in reverse
    return resolver._reverse_with_prefix(view, prefix, *args, **kwargs)
           ~~~~~~~~~~~~~~~~~~~~~~~~~~~~~^^^^^^^^^^^^^^^^^^^^^^^^^^^^^^^
  File "C:\Users\HP\OneDrive\Documents\essetech\hotelapp\Hotel-website-Django\.venv\Lib\site-packages\django\urls\resolvers.py", line 831, in _reverse_with_prefix
    raise NoReverseMatch(msg)
django.urls.exceptions.NoReverseMatch: Reverse for 'delete_user' with no arguments not found. 1 pattern(s) tried: ['staff/user\\-management/(?P<user_id>[0-9]+)/delete/\\Z']
ERROR 2025-10-15 11:04:17,621 basehttp 13212 9616 "GET /staff/user-management HTTP/1.1" 500 205647
ERROR 2025-10-15 11:04:20,430 log 13212 1408 Internal Server Error: /staff/user-management
Traceback (most recent call last):
  File "C:\Users\HP\OneDrive\Documents\essetech\hotelapp\Hotel-website-Django\.venv\Lib\site-packages\django\core\handlers\exception.py", line 55, in inner
    response = get_response(request)
  File "C:\Users\HP\OneDrive\Documents\essetech\hotelapp\Hotel-website-Django\.venv\Lib\site-packages\django\core\handlers\base.py", line 197, in _get_response
    response = wrapped_callback(request, *callback_args, **callback_kwargs)
  File "C:\Users\HP\OneDrive\Documents\essetech\hotelapp\Hotel-website-Django\.venv\Lib\site-packages\django\contrib\auth\decorators.py", line 60, in _view_wrapper
    return view_func(request, *args, **kwargs)
  File "C:\Users\HP\OneDrive\Documents\essetech\hotelapp\Hotel-website-Django\hotelapp\account\views.py", line 33, in wrapper
    return view_func(request, *args, **kwargs)
  File "C:\Users\HP\OneDrive\Documents\essetech\hotelapp\Hotel-website-Django\hotelapp\account\views.py", line 730, in user_management
    return render(request, "staff/dashboard/user_management.html", context)
  File "C:\Users\HP\OneDrive\Documents\essetech\hotelapp\Hotel-website-Django\.venv\Lib\site-packages\django\shortcuts.py", line 25, in render
    content = loader.render_to_string(template_name, context, request, using=using)
  File "C:\Users\HP\OneDrive\Documents\essetech\hotelapp\Hotel-website-Django\.venv\Lib\site-packages\django\template\loader.py", line 62, in render_to_string
    return template.render(context, request)
           ~~~~~~~~~~~~~~~^^^^^^^^^^^^^^^^^^
  File "C:\Users\HP\OneDrive\Documents\essetech\hotelapp\Hotel-website-Django\.venv\Lib\site-packages\django\template\backends\django.py", line 107, in render
    return self.template.render(context)
           ~~~~~~~~~~~~~~~~~~~~^^^^^^^^^
  File "C:\Users\HP\OneDrive\Documents\essetech\hotelapp\Hotel-website-Django\.venv\Lib\site-packages\django\template\base.py", line 171, in render
    return self._render(context)
           ~~~~~~~~~~~~^^^^^^^^^
  File "C:\Users\HP\OneDrive\Documents\essetech\hotelapp\Hotel-website-Django\.venv\Lib\site-packages\django\template\base.py", line 163, in _render
    return self.nodelist.render(context)
           ~~~~~~~~~~~~~~~~~~~~^^^^^^^^^
  File "C:\Users\HP\OneDrive\Documents\essetech\hotelapp\Hotel-website-Django\.venv\Lib\site-packages\django\template\base.py", line 1008, in render
    return SafeString("".join([node.render_annotated(context) for node in self]))
                               ~~~~~~~~~~~~~~~~~~~~~^^^^^^^^^
  File "C:\Users\HP\OneDrive\Documents\essetech\hotelapp\Hotel-website-Django\.venv\Lib\site-packages\django\template\base.py", line 969, in render_annotated
    return self.render(context)
           ~~~~~~~~~~~^^^^^^^^^
  File "C:\Users\HP\OneDrive\Documents\essetech\hotelapp\Hotel-website-Django\.venv\Lib\site-packages\django\template\loader_tags.py", line 159, in render
    return compiled_parent._render(context)
           ~~~~~~~~~~~~~~~~~~~~~~~^^^^^^^^^
  File "C:\Users\HP\OneDrive\Documents\essetech\hotelapp\Hotel-website-Django\.venv\Lib\site-packages\django\template\base.py", line 163, in _render
    return self.nodelist.render(context)
           ~~~~~~~~~~~~~~~~~~~~^^^^^^^^^
  File "C:\Users\HP\OneDrive\Documents\essetech\hotelapp\Hotel-website-Django\.venv\Lib\site-packages\django\template\base.py", line 1008, in render
    return SafeString("".join([node.render_annotated(context) for node in self]))
                               ~~~~~~~~~~~~~~~~~~~~~^^^^^^^^^
  File "C:\Users\HP\OneDrive\Documents\essetech\hotelapp\Hotel-website-Django\.venv\Lib\site-packages\django\template\base.py", line 969, in render_annotated
    return self.render(context)
           ~~~~~~~~~~~^^^^^^^^^
  File "C:\Users\HP\OneDrive\Documents\essetech\hotelapp\Hotel-website-Django\.venv\Lib\site-packages\django\template\loader_tags.py", line 65, in render
    result = block.nodelist.render(context)
  File "C:\Users\HP\OneDrive\Documents\essetech\hotelapp\Hotel-website-Django\.venv\Lib\site-packages\django\template\base.py", line 1008, in render
    return SafeString("".join([node.render_annotated(context) for node in self]))
                               ~~~~~~~~~~~~~~~~~~~~~^^^^^^^^^
  File "C:\Users\HP\OneDrive\Documents\essetech\hotelapp\Hotel-website-Django\.venv\Lib\site-packages\django\template\base.py", line 969, in render_annotated
    return self.render(context)
           ~~~~~~~~~~~^^^^^^^^^
  File "C:\Users\HP\OneDrive\Documents\essetech\hotelapp\Hotel-website-Django\.venv\Lib\site-packages\django\template\defaulttags.py", line 243, in render
    nodelist.append(node.render_annotated(context))
                    ~~~~~~~~~~~~~~~~~~~~~^^^^^^^^^
  File "C:\Users\HP\OneDrive\Documents\essetech\hotelapp\Hotel-website-Django\.venv\Lib\site-packages\django\template\base.py", line 969, in render_annotated
    return self.render(context)
           ~~~~~~~~~~~^^^^^^^^^
  File "C:\Users\HP\OneDrive\Documents\essetech\hotelapp\Hotel-website-Django\.venv\Lib\site-packages\django\template\defaulttags.py", line 480, in render
    url = reverse(view_name, args=args, kwargs=kwargs, current_app=current_app)
  File "C:\Users\HP\OneDrive\Documents\essetech\hotelapp\Hotel-website-Django\.venv\Lib\site-packages\django\urls\base.py", line 88, in reverse
    return resolver._reverse_with_prefix(view, prefix, *args, **kwargs)
           ~~~~~~~~~~~~~~~~~~~~~~~~~~~~~^^^^^^^^^^^^^^^^^^^^^^^^^^^^^^^
  File "C:\Users\HP\OneDrive\Documents\essetech\hotelapp\Hotel-website-Django\.venv\Lib\site-packages\django\urls\resolvers.py", line 831, in _reverse_with_prefix
    raise NoReverseMatch(msg)
django.urls.exceptions.NoReverseMatch: Reverse for 'delete_user' with no arguments not found. 1 pattern(s) tried: ['staff/user\\-management/(?P<user_id>[0-9]+)/delete/\\Z']
ERROR 2025-10-15 11:04:20,438 basehttp 13212 1408 "GET /staff/user-management HTTP/1.1" 500 205649
ERROR 2025-10-15 11:04:22,628 log 13212 7488 Internal Server Error: /staff/user-management
Traceback (most recent call last):
  File "C:\Users\HP\OneDrive\Documents\essetech\hotelapp\Hotel-website-Django\.venv\Lib\site-packages\django\core\handlers\exception.py", line 55, in inner
    response = get_response(request)
  File "C:\Users\HP\OneDrive\Documents\essetech\hotelapp\Hotel-website-Django\.venv\Lib\site-packages\django\core\handlers\base.py", line 197, in _get_response
    response = wrapped_callback(request, *callback_args, **callback_kwargs)
  File "C:\Users\HP\OneDrive\Documents\essetech\hotelapp\Hotel-website-Django\.venv\Lib\site-packages\django\contrib\auth\decorators.py", line 60, in _view_wrapper
    return view_func(request, *args, **kwargs)
  File "C:\Users\HP\OneDrive\Documents\essetech\hotelapp\Hotel-website-Django\hotelapp\account\views.py", line 33, in wrapper
    return view_func(request, *args, **kwargs)
  File "C:\Users\HP\OneDrive\Documents\essetech\hotelapp\Hotel-website-Django\hotelapp\account\views.py", line 730, in user_management
    return render(request, "staff/dashboard/user_management.html", context)
  File "C:\Users\HP\OneDrive\Documents\essetech\hotelapp\Hotel-website-Django\.venv\Lib\site-packages\django\shortcuts.py", line 25, in render
    content = loader.render_to_string(template_name, context, request, using=using)
  File "C:\Users\HP\OneDrive\Documents\essetech\hotelapp\Hotel-website-Django\.venv\Lib\site-packages\django\template\loader.py", line 62, in render_to_string
    return template.render(context, request)
           ~~~~~~~~~~~~~~~^^^^^^^^^^^^^^^^^^
  File "C:\Users\HP\OneDrive\Documents\essetech\hotelapp\Hotel-website-Django\.venv\Lib\site-packages\django\template\backends\django.py", line 107, in render
    return self.template.render(context)
           ~~~~~~~~~~~~~~~~~~~~^^^^^^^^^
  File "C:\Users\HP\OneDrive\Documents\essetech\hotelapp\Hotel-website-Django\.venv\Lib\site-packages\django\template\base.py", line 171, in render
    return self._render(context)
           ~~~~~~~~~~~~^^^^^^^^^
  File "C:\Users\HP\OneDrive\Documents\essetech\hotelapp\Hotel-website-Django\.venv\Lib\site-packages\django\template\base.py", line 163, in _render
    return self.nodelist.render(context)
           ~~~~~~~~~~~~~~~~~~~~^^^^^^^^^
  File "C:\Users\HP\OneDrive\Documents\essetech\hotelapp\Hotel-website-Django\.venv\Lib\site-packages\django\template\base.py", line 1008, in render
    return SafeString("".join([node.render_annotated(context) for node in self]))
                               ~~~~~~~~~~~~~~~~~~~~~^^^^^^^^^
  File "C:\Users\HP\OneDrive\Documents\essetech\hotelapp\Hotel-website-Django\.venv\Lib\site-packages\django\template\base.py", line 969, in render_annotated
    return self.render(context)
           ~~~~~~~~~~~^^^^^^^^^
  File "C:\Users\HP\OneDrive\Documents\essetech\hotelapp\Hotel-website-Django\.venv\Lib\site-packages\django\template\loader_tags.py", line 159, in render
    return compiled_parent._render(context)
           ~~~~~~~~~~~~~~~~~~~~~~~^^^^^^^^^
  File "C:\Users\HP\OneDrive\Documents\essetech\hotelapp\Hotel-website-Django\.venv\Lib\site-packages\django\template\base.py", line 163, in _render
    return self.nodelist.render(context)
           ~~~~~~~~~~~~~~~~~~~~^^^^^^^^^
  File "C:\Users\HP\OneDrive\Documents\essetech\hotelapp\Hotel-website-Django\.venv\Lib\site-packages\django\template\base.py", line 1008, in render
    return SafeString("".join([node.render_annotated(context) for node in self]))
                               ~~~~~~~~~~~~~~~~~~~~~^^^^^^^^^
  File "C:\Users\HP\OneDrive\Documents\essetech\hotelapp\Hotel-website-Django\.venv\Lib\site-packages\django\template\base.py", line 969, in render_annotated
    return self.render(context)
           ~~~~~~~~~~~^^^^^^^^^
  File "C:\Users\HP\OneDrive\Documents\essetech\hotelapp\Hotel-website-Django\.venv\Lib\site-packages\django\template\loader_tags.py", line 65, in render
    result = block.nodelist.render(context)
  File "C:\Users\HP\OneDrive\Documents\essetech\hotelapp\Hotel-website-Django\.venv\Lib\site-packages\django\template\base.py", line 1008, in render
    return SafeString("".join([node.render_annotated(context) for node in self]))
                               ~~~~~~~~~~~~~~~~~~~~~^^^^^^^^^
  File "C:\Users\HP\OneDrive\Documents\essetech\hotelapp\Hotel-website-Django\.venv\Lib\site-packages\django\template\base.py", line 969, in render_annotated
    return self.render(context)
           ~~~~~~~~~~~^^^^^^^^^
  File "C:\Users\HP\OneDrive\Documents\essetech\hotelapp\Hotel-website-Django\.venv\Lib\site-packages\django\template\defaulttags.py", line 243, in render
    nodelist.append(node.render_annotated(context))
                    ~~~~~~~~~~~~~~~~~~~~~^^^^^^^^^
  File "C:\Users\HP\OneDrive\Documents\essetech\hotelapp\Hotel-website-Django\.venv\Lib\site-packages\django\template\base.py", line 969, in render_annotated
    return self.render(context)
           ~~~~~~~~~~~^^^^^^^^^
  File "C:\Users\HP\OneDrive\Documents\essetech\hotelapp\Hotel-website-Django\.venv\Lib\site-packages\django\template\defaulttags.py", line 480, in render
    url = reverse(view_name, args=args, kwargs=kwargs, current_app=current_app)
  File "C:\Users\HP\OneDrive\Documents\essetech\hotelapp\Hotel-website-Django\.venv\Lib\site-packages\django\urls\base.py", line 88, in reverse
    return resolver._reverse_with_prefix(view, prefix, *args, **kwargs)
           ~~~~~~~~~~~~~~~~~~~~~~~~~~~~~^^^^^^^^^^^^^^^^^^^^^^^^^^^^^^^
  File "C:\Users\HP\OneDrive\Documents\essetech\hotelapp\Hotel-website-Django\.venv\Lib\site-packages\django\urls\resolvers.py", line 831, in _reverse_with_prefix
    raise NoReverseMatch(msg)
django.urls.exceptions.NoReverseMatch: Reverse for 'delete_user' with arguments '('',)' not found. 1 pattern(s) tried: ['staff/user\\-management/(?P<user_id>[0-9]+)/delete/\\Z']
ERROR 2025-10-15 11:04:22,644 basehttp 13212 7488 "GET /staff/user-management HTTP/1.1" 500 207122
INFO 2025-10-15 11:04:23,619 basehttp 13212 12444 "GET /staff/user-management HTTP/1.1" 200 66225
INFO 2025-10-15 11:04:23,666 basehttp 13212 12444 "GET /static/css/dist/styles.css?v=1760569463 HTTP/1.1" 200 110820
WARNING 2025-10-15 11:04:23,695 basehttp 13212 12444 "GET /static/images/default.png HTTP/1.1" 404 1868
INFO 2025-10-15 11:04:32,531 basehttp 13212 13872 "GET /staff/user-management HTTP/1.1" 200 66225
WARNING 2025-10-15 11:04:32,576 basehttp 13212 23632 "GET /static/images/default.png HTTP/1.1" 404 1868
INFO 2025-10-15 11:04:32,577 basehttp 13212 13872 "GET /static/css/dist/styles.css?v=1760569472 HTTP/1.1" 200 110820
INFO 2025-10-15 11:05:09,614 basehttp 13212 20424 "GET /staff/user-management HTTP/1.1" 200 66228
WARNING 2025-10-15 11:05:09,675 basehttp 13212 26780 "GET /static/images/default.png HTTP/1.1" 404 1868
INFO 2025-10-15 11:05:09,676 basehttp 13212 20424 "GET /static/css/dist/styles.css?v=1760569509 HTTP/1.1" 200 110820
INFO 2025-10-15 11:05:13,851 basehttp 13212 23640 "GET /staff/user-management HTTP/1.1" 200 66252
INFO 2025-10-15 11:05:13,879 basehttp 13212 23640 "GET /static/css/dist/styles.css?v=1760569513 HTTP/1.1" 200 110820
WARNING 2025-10-15 11:05:13,892 basehttp 13212 23640 "GET /static/images/default.png HTTP/1.1" 404 1868
INFO 2025-10-15 11:05:14,930 basehttp 13212 27096 "GET /staff/user-management HTTP/1.1" 200 66258
WARNING 2025-10-15 11:05:14,963 basehttp 13212 27500 "GET /static/images/default.png HTTP/1.1" 404 1868
INFO 2025-10-15 11:05:14,965 basehttp 13212 27096 "GET /static/css/dist/styles.css?v=1760569514 HTTP/1.1" 200 110820
INFO 2025-10-15 11:05:15,997 basehttp 13212 3452 "GET /staff/user-management HTTP/1.1" 200 66261
WARNING 2025-10-15 11:05:16,029 basehttp 13212 13844 "GET /static/images/default.png HTTP/1.1" 404 1868
INFO 2025-10-15 11:05:16,031 basehttp 13212 3452 "GET /static/css/dist/styles.css?v=1760569515 HTTP/1.1" 200 110820
INFO 2025-10-15 11:05:18,180 basehttp 13212 14748 "GET /staff/user-management HTTP/1.1" 200 66267
WARNING 2025-10-15 11:05:18,217 basehttp 13212 27196 "GET /static/images/default.png HTTP/1.1" 404 1868
INFO 2025-10-15 11:05:18,218 basehttp 13212 14748 "GET /static/css/dist/styles.css?v=1760569518 HTTP/1.1" 200 110820
INFO 2025-10-15 11:05:24,588 basehttp 13212 25924 "GET /staff/user-management HTTP/1.1" 200 66282
WARNING 2025-10-15 11:05:24,629 basehttp 13212 25696 "GET /static/images/default.png HTTP/1.1" 404 1868
INFO 2025-10-15 11:05:24,629 basehttp 13212 25924 "GET /static/css/dist/styles.css?v=1760569524 HTTP/1.1" 200 110820
INFO 2025-10-15 11:05:41,688 basehttp 13212 28544 "GET /staff/user-management HTTP/1.1" 200 66282
WARNING 2025-10-15 11:05:41,734 basehttp 13212 24392 "GET /static/images/default.png HTTP/1.1" 404 1868
INFO 2025-10-15 11:05:41,752 basehttp 13212 28544 "GET /static/css/dist/styles.css?v=1760569541 HTTP/1.1" 200 110809
INFO 2025-10-15 11:05:46,703 basehttp 13212 1344 "GET /staff/user-management HTTP/1.1" 200 66282
WARNING 2025-10-15 11:05:46,749 basehttp 13212 8104 "GET /static/images/default.png HTTP/1.1" 404 1868
INFO 2025-10-15 11:05:46,751 basehttp 13212 1344 "GET /static/css/dist/styles.css?v=1760569546 HTTP/1.1" 200 110809
INFO 2025-10-15 11:05:48,690 basehttp 13212 27064 "GET /staff/user-management HTTP/1.1" 200 66282
INFO 2025-10-15 11:05:48,733 basehttp 13212 27064 "GET /static/css/style.css HTTP/1.1" 200 25498
WARNING 2025-10-15 11:05:48,747 basehttp 13212 6296 "GET /static/images/default.png HTTP/1.1" 404 1868
INFO 2025-10-15 11:05:48,747 basehttp 13212 28148 "GET /static/js/app.js HTTP/1.1" 200 4028
INFO 2025-10-15 11:05:48,751 basehttp 13212 25256 "GET /static/css/dist/styles.css?v=1760569548 HTTP/1.1" 200 110809
INFO 2025-10-15 11:05:49,315 basehttp 13212 25256 "GET /static/django-browser-reload/reload-listener.js HTTP/1.1" 200 623
WARNING 2025-10-15 11:05:49,805 log 13212 28148 Not Found: /favicon.ico
WARNING 2025-10-15 11:05:49,806 basehttp 13212 28148 "GET /favicon.ico HTTP/1.1" 404 18076
INFO 2025-10-15 11:06:08,397 basehttp 13212 28148 "GET /staff/user-management HTTP/1.1" 200 65574
WARNING 2025-10-15 11:06:08,451 basehttp 13212 27064 "GET /static/images/default.png HTTP/1.1" 404 1868
INFO 2025-10-15 11:06:08,452 basehttp 13212 28148 "GET /static/css/dist/styles.css?v=1760569568 HTTP/1.1" 200 110809
INFO 2025-10-15 11:06:09,556 basehttp 13212 26968 "GET /staff/user-management HTTP/1.1" 200 66282
INFO 2025-10-15 11:06:09,614 basehttp 13212 26968 "GET /static/css/dist/styles.css?v=1760569569 HTTP/1.1" 200 110809
WARNING 2025-10-15 11:06:09,614 basehttp 13212 9120 "GET /static/images/default.png HTTP/1.1" 404 1868
INFO 2025-10-15 11:06:11,730 basehttp 13212 26788 "GET /staff/user-management HTTP/1.1" 200 66306
WARNING 2025-10-15 11:06:11,777 basehttp 13212 22372 "GET /static/images/default.png HTTP/1.1" 404 1868
INFO 2025-10-15 11:06:11,779 basehttp 13212 26788 "GET /static/css/dist/styles.css?v=1760569571 HTTP/1.1" 200 110809
INFO 2025-10-15 11:06:43,648 basehttp 13212 28440 "POST /staff/user-management/3/toggle-verification/ HTTP/1.1" 302 0
INFO 2025-10-15 11:06:43,693 basehttp 13212 28440 "GET /staff/user-management HTTP/1.1" 200 66262
WARNING 2025-10-15 11:06:43,758 basehttp 13212 23088 "GET /static/images/default.png HTTP/1.1" 404 1868
INFO 2025-10-15 11:06:43,761 basehttp 13212 28440 "GET /static/css/dist/styles.css?v=1760569603 HTTP/1.1" 200 110809
INFO 2025-10-15 11:06:48,655 basehttp 13212 27076 "POST /staff/user-management/3/toggle-verification/ HTTP/1.1" 302 0
INFO 2025-10-15 11:06:48,686 basehttp 13212 27076 "GET /staff/user-management HTTP/1.1" 200 66306
WARNING 2025-10-15 11:06:48,741 basehttp 13212 27908 "GET /static/images/default.png HTTP/1.1" 404 1868
INFO 2025-10-15 11:06:48,743 basehttp 13212 27076 "GET /static/css/dist/styles.css?v=1760569608 HTTP/1.1" 200 110809
INFO 2025-10-15 11:07:54,688 basehttp 13212 5144 "GET /staff/user-management HTTP/1.1" 200 66195
WARNING 2025-10-15 11:07:54,760 basehttp 13212 24864 "GET /static/images/default.png HTTP/1.1" 404 1868
INFO 2025-10-15 11:07:54,760 basehttp 13212 5144 "GET /static/css/dist/styles.css?v=1760569674 HTTP/1.1" 200 110809
INFO 2025-10-15 11:08:00,193 basehttp 13212 12484 "GET /staff/user-management HTTP/1.1" 200 66138
INFO 2025-10-15 11:08:00,240 basehttp 13212 12484 "GET /static/css/dist/styles.css?v=1760569680 HTTP/1.1" 200 110809
WARNING 2025-10-15 11:08:00,258 basehttp 13212 12484 "GET /static/images/default.png HTTP/1.1" 404 1868
INFO 2025-10-15 11:08:02,488 basehttp 13212 7612 "GET /staff/user-management HTTP/1.1" 200 66138
WARNING 2025-10-15 11:08:02,542 basehttp 13212 21620 "GET /static/images/default.png HTTP/1.1" 404 1868
INFO 2025-10-15 11:08:02,544 basehttp 13212 7612 "GET /static/css/dist/styles.css?v=1760569682 HTTP/1.1" 200 110809
INFO 2025-10-15 11:08:13,430 basehttp 13212 16192 "GET /staff/user-management HTTP/1.1" 200 66306
INFO 2025-10-15 11:08:13,503 basehttp 13212 16192 "GET /static/css/dist/styles.css?v=1760569693 HTTP/1.1" 200 110809
WARNING 2025-10-15 11:08:13,523 basehttp 13212 10228 "GET /static/images/default.png HTTP/1.1" 404 1868
INFO 2025-10-15 11:08:17,750 basehttp 13212 1408 "GET /staff/user-management HTTP/1.1" 200 66252
INFO 2025-10-15 11:08:17,804 basehttp 13212 1408 "GET /static/css/dist/styles.css?v=1760569697 HTTP/1.1" 200 110809
WARNING 2025-10-15 11:08:17,816 basehttp 13212 19768 "GET /static/images/default.png HTTP/1.1" 404 1868
INFO 2025-10-15 11:08:28,481 basehttp 13212 25716 "GET /staff/user-management HTTP/1.1" 200 66249
WARNING 2025-10-15 11:08:28,535 basehttp 13212 5944 "GET /static/images/default.png HTTP/1.1" 404 1868
INFO 2025-10-15 11:08:28,536 basehttp 13212 25716 "GET /static/css/dist/styles.css?v=1760569708 HTTP/1.1" 200 110809
INFO 2025-10-15 11:08:45,599 basehttp 13212 11360 "GET /staff/user-management HTTP/1.1" 200 66252
INFO 2025-10-15 11:08:45,638 basehttp 13212 11360 "GET /static/css/dist/styles.css?v=1760569725 HTTP/1.1" 200 110809
WARNING 2025-10-15 11:08:45,650 basehttp 13212 27308 "GET /static/images/default.png HTTP/1.1" 404 1868
INFO 2025-10-15 11:08:46,709 basehttp 13212 18860 "GET /staff/user-management HTTP/1.1" 200 66258
WARNING 2025-10-15 11:08:46,760 basehttp 13212 16804 "GET /static/images/default.png HTTP/1.1" 404 1868
INFO 2025-10-15 11:08:46,761 basehttp 13212 18860 "GET /static/css/dist/styles.css?v=1760569726 HTTP/1.1" 200 110809
INFO 2025-10-15 11:08:48,959 basehttp 13212 27856 "GET /staff/user-management HTTP/1.1" 200 66261
INFO 2025-10-15 11:08:49,007 basehttp 13212 27856 "GET /static/css/dist/styles.css?v=1760569728 HTTP/1.1" 200 110809
WARNING 2025-10-15 11:08:49,029 basehttp 13212 14148 "GET /static/images/default.png HTTP/1.1" 404 1868
INFO 2025-10-15 11:08:49,973 basehttp 13212 19168 "GET /staff/user-management HTTP/1.1" 200 66267
WARNING 2025-10-15 11:08:50,014 basehttp 13212 20384 "GET /static/images/default.png HTTP/1.1" 404 1868
INFO 2025-10-15 11:08:50,016 basehttp 13212 19168 "GET /static/css/dist/styles.css?v=1760569729 HTTP/1.1" 200 110809
INFO 2025-10-15 11:08:53,176 basehttp 13212 22780 "GET /staff/user-management HTTP/1.1" 200 66282
INFO 2025-10-15 11:08:53,223 basehttp 13212 22780 "GET /static/css/dist/styles.css?v=1760569733 HTTP/1.1" 200 110809
WARNING 2025-10-15 11:08:53,244 basehttp 13212 27452 "GET /static/images/default.png HTTP/1.1" 404 1868
INFO 2025-10-15 11:10:47,972 basehttp 13212 22252 "GET /staff/user-management HTTP/1.1" 200 66282
INFO 2025-10-15 11:10:48,052 basehttp 13212 22252 "GET /static/css/dist/styles.css?v=1760569847 HTTP/1.1" 200 110809
WARNING 2025-10-15 11:10:48,078 basehttp 13212 22252 "GET /static/images/default.png HTTP/1.1" 404 1868
INFO 2025-10-15 11:11:27,575 basehttp 13212 11400 "GET /staff/user-management HTTP/1.1" 200 66396
INFO 2025-10-15 11:11:27,645 basehttp 13212 11400 "GET /static/css/dist/styles.css?v=1760569887 HTTP/1.1" 200 110809
WARNING 2025-10-15 11:11:27,668 basehttp 13212 11400 "GET /static/images/default.png HTTP/1.1" 404 1868
INFO 2025-10-15 11:11:35,108 basehttp 13212 17572 "GET /staff/user-management HTTP/1.1" 200 66399
INFO 2025-10-15 11:11:35,169 basehttp 13212 17572 "GET /static/css/dist/styles.css?v=1760569895 HTTP/1.1" 200 110809
WARNING 2025-10-15 11:11:35,204 basehttp 13212 28616 "GET /static/images/default.png HTTP/1.1" 404 1868
INFO 2025-10-15 11:11:38,216 basehttp 13212 27016 "GET /staff/user-management HTTP/1.1" 200 66510
WARNING 2025-10-15 11:11:38,265 basehttp 13212 8956 "GET /static/images/default.png HTTP/1.1" 404 1868
INFO 2025-10-15 11:11:38,266 basehttp 13212 27016 "GET /static/css/dist/styles.css?v=1760569898 HTTP/1.1" 200 110809
INFO 2025-10-15 11:11:40,312 basehttp 13212 12880 "GET /staff/user-management HTTP/1.1" 200 66513
INFO 2025-10-15 11:11:40,352 basehttp 13212 12880 "GET /static/css/dist/styles.css?v=1760569900 HTTP/1.1" 200 110809
WARNING 2025-10-15 11:11:40,364 basehttp 13212 15728 "GET /static/images/default.png HTTP/1.1" 404 1868
INFO 2025-10-15 11:11:44,531 basehttp 13212 16640 "GET /staff/user-management HTTP/1.1" 200 66510
INFO 2025-10-15 11:11:44,571 basehttp 13212 16640 "GET /static/css/dist/styles.css?v=1760569904 HTTP/1.1" 200 110809
WARNING 2025-10-15 11:11:44,588 basehttp 13212 15244 "GET /static/images/default.png HTTP/1.1" 404 1868
INFO 2025-10-15 11:11:56,336 basehttp 13212 24400 "GET /staff/user-management HTTP/1.1" 200 66543
WARNING 2025-10-15 11:11:56,383 basehttp 13212 18812 "GET /static/images/default.png HTTP/1.1" 404 1868
INFO 2025-10-15 11:11:56,385 basehttp 13212 24400 "GET /static/css/dist/styles.css?v=1760569916 HTTP/1.1" 200 110809
INFO 2025-10-15 11:12:00,500 basehttp 13212 28424 "GET /staff/user-management HTTP/1.1" 200 66576
WARNING 2025-10-15 11:12:00,556 basehttp 13212 11988 "GET /static/images/default.png HTTP/1.1" 404 1868
INFO 2025-10-15 11:12:00,557 basehttp 13212 28424 "GET /static/css/dist/styles.css?v=1760569920 HTTP/1.1" 200 110809
INFO 2025-10-15 11:12:16,545 basehttp 13212 8900 "GET /staff/user-management HTTP/1.1" 200 66579
INFO 2025-10-15 11:12:16,610 basehttp 13212 8900 "GET /static/css/dist/styles.css?v=1760569936 HTTP/1.1" 200 110809
WARNING 2025-10-15 11:12:16,611 basehttp 13212 20136 "GET /static/images/default.png HTTP/1.1" 404 1868
INFO 2025-10-15 11:12:28,297 basehttp 13212 28624 "GET /staff/user-management HTTP/1.1" 200 66579
INFO 2025-10-15 11:12:28,335 basehttp 13212 28624 "GET /static/css/dist/styles.css?v=1760569948 HTTP/1.1" 200 110809
WARNING 2025-10-15 11:12:28,354 basehttp 13212 25936 "GET /static/images/default.png HTTP/1.1" 404 1868
INFO 2025-10-15 11:12:31,595 basehttp 13212 13188 "GET /staff/user-management HTTP/1.1" 200 66579
INFO 2025-10-15 11:12:31,704 basehttp 13212 13188 "GET /static/css/dist/styles.css?v=1760569951 HTTP/1.1" 200 110809
WARNING 2025-10-15 11:12:31,705 basehttp 13212 13928 "GET /static/images/default.png HTTP/1.1" 404 1868
INFO 2025-10-15 11:13:10,137 basehttp 13212 10096 "GET /staff/user-management HTTP/1.1" 200 66579
WARNING 2025-10-15 11:13:10,201 basehttp 13212 22548 "GET /static/images/default.png HTTP/1.1" 404 1868
INFO 2025-10-15 11:13:10,208 basehttp 13212 10096 "GET /static/css/dist/styles.css?v=1760569990 HTTP/1.1" 200 110912
INFO 2025-10-15 11:13:14,394 basehttp 13212 17620 "GET /staff/user-management HTTP/1.1" 200 66579
INFO 2025-10-15 11:13:14,433 basehttp 13212 17620 "GET /static/css/dist/styles.css?v=1760569994 HTTP/1.1" 200 110912
WARNING 2025-10-15 11:13:14,449 basehttp 13212 6248 "GET /static/images/default.png HTTP/1.1" 404 1868
INFO 2025-10-15 11:13:26,054 basehttp 13212 3396 "GET /staff/user-management HTTP/1.1" 200 66579
INFO 2025-10-15 11:13:26,090 basehttp 13212 3396 "GET /static/css/dist/styles.css?v=1760570006 HTTP/1.1" 200 110912
WARNING 2025-10-15 11:13:26,100 basehttp 13212 28048 "GET /static/images/default.png HTTP/1.1" 404 1868
INFO 2025-10-15 11:13:29,196 basehttp 13212 17544 "GET /staff/user-management HTTP/1.1" 200 66579
WARNING 2025-10-15 11:13:29,246 basehttp 13212 28192 "GET /static/images/default.png HTTP/1.1" 404 1868
INFO 2025-10-15 11:13:29,248 basehttp 13212 17544 "GET /static/css/dist/styles.css?v=1760570009 HTTP/1.1" 200 110912
INFO 2025-10-15 11:13:43,104 basehttp 13212 10560 "GET /staff/user-management HTTP/1.1" 200 66579
INFO 2025-10-15 11:13:43,155 basehttp 13212 10560 "GET /static/css/dist/styles.css?v=1760570023 HTTP/1.1" 200 110912
WARNING 2025-10-15 11:13:43,167 basehttp 13212 19788 "GET /static/images/default.png HTTP/1.1" 404 1868
INFO 2025-10-15 11:13:44,134 basehttp 13212 13948 "GET /staff/user-management HTTP/1.1" 200 66579
INFO 2025-10-15 11:13:44,168 basehttp 13212 13948 "GET /static/css/dist/styles.css?v=1760570024 HTTP/1.1" 200 110912
WARNING 2025-10-15 11:13:44,181 basehttp 13212 7432 "GET /static/images/default.png HTTP/1.1" 404 1868
INFO 2025-10-15 11:13:52,557 basehttp 13212 26820 "GET /staff/user-management HTTP/1.1" 200 66579
WARNING 2025-10-15 11:13:52,631 basehttp 13212 28160 "GET /static/images/default.png HTTP/1.1" 404 1868
INFO 2025-10-15 11:13:52,632 basehttp 13212 26820 "GET /static/css/dist/styles.css?v=1760570032 HTTP/1.1" 200 110912
INFO 2025-10-15 11:13:56,834 basehttp 13212 25232 "GET /staff/user-management HTTP/1.1" 200 66549
INFO 2025-10-15 11:13:56,867 basehttp 13212 25232 "GET /static/css/dist/styles.css?v=1760570036 HTTP/1.1" 200 110912
WARNING 2025-10-15 11:13:56,885 basehttp 13212 28532 "GET /static/images/default.png HTTP/1.1" 404 1868
INFO 2025-10-15 11:14:38,707 basehttp 13212 28584 "GET /staff/user-management HTTP/1.1" 200 66549
WARNING 2025-10-15 11:14:38,774 basehttp 13212 23984 "GET /static/images/default.png HTTP/1.1" 404 1868
INFO 2025-10-15 11:14:38,776 basehttp 13212 28584 "GET /static/css/dist/styles.css?v=1760570078 HTTP/1.1" 200 110912
INFO 2025-10-15 11:14:42,863 basehttp 13212 11860 "GET /staff/user-management HTTP/1.1" 200 66549
INFO 2025-10-15 11:14:42,905 basehttp 13212 11860 "GET /static/css/dist/styles.css?v=1760570082 HTTP/1.1" 200 110912
WARNING 2025-10-15 11:14:42,924 basehttp 13212 6420 "GET /static/images/default.png HTTP/1.1" 404 1868
INFO 2025-10-15 11:14:45,982 basehttp 13212 25260 "GET /staff/user-management HTTP/1.1" 200 66549
INFO 2025-10-15 11:14:46,041 basehttp 13212 25260 "GET /static/css/dist/styles.css?v=1760570085 HTTP/1.1" 200 110912
WARNING 2025-10-15 11:14:46,041 basehttp 13212 22524 "GET /static/images/default.png HTTP/1.1" 404 1868
INFO 2025-10-15 11:14:48,047 basehttp 13212 16488 "GET /staff/user-management HTTP/1.1" 200 66549
INFO 2025-10-15 11:14:48,082 basehttp 13212 16488 "GET /static/css/dist/styles.css?v=1760570088 HTTP/1.1" 200 110912
WARNING 2025-10-15 11:14:48,093 basehttp 13212 23392 "GET /static/images/default.png HTTP/1.1" 404 1868
INFO 2025-10-15 11:14:51,297 basehttp 13212 9904 "GET /staff/user-management HTTP/1.1" 200 66549
INFO 2025-10-15 11:14:51,337 basehttp 13212 9904 "GET /static/css/dist/styles.css?v=1760570091 HTTP/1.1" 200 111017
WARNING 2025-10-15 11:14:51,349 basehttp 13212 13316 "GET /static/images/default.png HTTP/1.1" 404 1868
INFO 2025-10-15 11:14:55,450 basehttp 13212 9120 "GET /staff/user-management HTTP/1.1" 200 66558
INFO 2025-10-15 11:14:55,493 basehttp 13212 9120 "GET /static/css/dist/styles.css?v=1760570095 HTTP/1.1" 200 111017
WARNING 2025-10-15 11:14:55,519 basehttp 13212 6296 "GET /static/images/default.png HTTP/1.1" 404 1868
INFO 2025-10-15 11:14:57,591 basehttp 13212 26164 "GET /staff/user-management HTTP/1.1" 200 66567
WARNING 2025-10-15 11:14:57,645 basehttp 13212 27112 "GET /static/images/default.png HTTP/1.1" 404 1868
INFO 2025-10-15 11:14:57,647 basehttp 13212 26164 "GET /static/css/dist/styles.css?v=1760570097 HTTP/1.1" 200 111017
INFO 2025-10-15 11:14:58,624 basehttp 13212 24432 "GET /staff/user-management HTTP/1.1" 200 66591
INFO 2025-10-15 11:14:58,674 basehttp 13212 24432 "GET /static/css/dist/styles.css?v=1760570098 HTTP/1.1" 200 111017
WARNING 2025-10-15 11:14:58,675 basehttp 13212 8768 "GET /static/images/default.png HTTP/1.1" 404 1868
INFO 2025-10-15 11:15:01,740 basehttp 13212 24748 "GET /staff/user-management HTTP/1.1" 200 66591
INFO 2025-10-15 11:15:01,782 basehttp 13212 24748 "GET /static/css/dist/styles.css?v=1760570101 HTTP/1.1" 200 111123
WARNING 2025-10-15 11:15:01,801 basehttp 13212 27272 "GET /static/images/default.png HTTP/1.1" 404 1868
INFO 2025-10-15 11:15:24,041 basehttp 13212 3560 "GET /staff/user-management HTTP/1.1" 200 66633
INFO 2025-10-15 11:15:24,140 basehttp 13212 3560 "GET /static/css/dist/styles.css?v=1760570124 HTTP/1.1" 200 111123
WARNING 2025-10-15 11:15:24,183 basehttp 13212 27184 "GET /static/images/default.png HTTP/1.1" 404 1868
INFO 2025-10-15 11:15:31,563 basehttp 13212 18032 "GET /staff/user-management HTTP/1.1" 200 66633
WARNING 2025-10-15 11:15:31,625 basehttp 13212 20784 "GET /static/images/default.png HTTP/1.1" 404 1868
INFO 2025-10-15 11:15:31,629 basehttp 13212 18032 "GET /static/css/dist/styles.css?v=1760570131 HTTP/1.1" 200 111123
INFO 2025-10-15 11:15:34,929 basehttp 13212 8428 "POST /staff/user-management/2/toggle-status/ HTTP/1.1" 302 0
INFO 2025-10-15 11:15:34,961 basehttp 13212 8428 "GET /staff/user-management HTTP/1.1" 200 66707
WARNING 2025-10-15 11:15:35,015 basehttp 13212 25244 "GET /static/images/default.png HTTP/1.1" 404 1868
INFO 2025-10-15 11:15:35,016 basehttp 13212 8428 "GET /static/css/dist/styles.css?v=1760570134 HTTP/1.1" 200 111123
INFO 2025-10-15 11:16:19,124 basehttp 13212 24720 "GET /staff/user-management HTTP/1.1" 200 66689
WARNING 2025-10-15 11:16:19,195 basehttp 13212 17988 "GET /static/images/default.png HTTP/1.1" 404 1868
INFO 2025-10-15 11:16:19,196 basehttp 13212 24720 "GET /static/css/dist/styles.css?v=1760570179 HTTP/1.1" 200 111123
INFO 2025-10-15 11:16:22,238 basehttp 13212 4420 "GET /staff/user-management HTTP/1.1" 200 66689
INFO 2025-10-15 11:16:22,276 basehttp 13212 4420 "GET /static/css/dist/styles.css?v=1760570182 HTTP/1.1" 200 111123
WARNING 2025-10-15 11:16:22,291 basehttp 13212 10152 "GET /static/images/default.png HTTP/1.1" 404 1868
INFO 2025-10-15 11:16:27,451 basehttp 13212 9176 "GET /staff/user-management HTTP/1.1" 200 66689
WARNING 2025-10-15 11:16:27,508 basehttp 13212 25256 "GET /static/images/default.png HTTP/1.1" 404 1868
INFO 2025-10-15 11:16:27,509 basehttp 13212 9176 "GET /static/css/dist/styles.css?v=1760570187 HTTP/1.1" 200 111123
INFO 2025-10-15 11:16:29,511 basehttp 13212 936 "GET /staff/user-management HTTP/1.1" 200 66704
INFO 2025-10-15 11:16:29,555 basehttp 13212 936 "GET /static/css/dist/styles.css?v=1760570189 HTTP/1.1" 200 111123
WARNING 2025-10-15 11:16:29,555 basehttp 13212 17500 "GET /static/images/default.png HTTP/1.1" 404 1868
INFO 2025-10-15 11:16:39,162 basehttp 13212 20660 "GET /staff/user-management HTTP/1.1" 200 66702
WARNING 2025-10-15 11:16:39,219 basehttp 13212 27360 "GET /static/images/default.png HTTP/1.1" 404 1868
INFO 2025-10-15 11:16:39,221 basehttp 13212 20660 "GET /static/css/dist/styles.css?v=1760570199 HTTP/1.1" 200 111123
INFO 2025-10-15 11:16:46,626 basehttp 13212 27384 "GET /staff/user-management HTTP/1.1" 200 66703
WARNING 2025-10-15 11:16:46,737 basehttp 13212 15548 "GET /static/images/default.png HTTP/1.1" 404 1868
INFO 2025-10-15 11:16:46,737 basehttp 13212 27384 "GET /static/css/dist/styles.css?v=1760570206 HTTP/1.1" 200 111123
INFO 2025-10-15 11:17:06,249 basehttp 13212 23572 "POST /staff/user-management/2/toggle-status/ HTTP/1.1" 302 0
INFO 2025-10-15 11:17:06,302 basehttp 13212 23572 "GET /staff/user-management HTTP/1.1" 200 66627
WARNING 2025-10-15 11:17:06,368 basehttp 13212 21912 "GET /static/images/default.png HTTP/1.1" 404 1868
INFO 2025-10-15 11:17:06,370 basehttp 13212 23572 "GET /static/css/dist/styles.css?v=1760570226 HTTP/1.1" 200 111123
INFO 2025-10-15 11:17:53,282 basehttp 13212 12972 "GET /staff/user-management HTTP/1.1" 200 66627
INFO 2025-10-15 11:17:53,348 basehttp 13212 12972 "GET /static/css/dist/styles.css?v=1760570273 HTTP/1.1" 200 111123
WARNING 2025-10-15 11:17:53,362 basehttp 13212 20528 "GET /static/images/default.png HTTP/1.1" 404 1868
INFO 2025-10-15 11:17:54,492 basehttp 13212 17708 "GET /staff/user-management HTTP/1.1" 200 66630
INFO 2025-10-15 11:17:54,542 basehttp 13212 17708 "GET /static/css/dist/styles.css?v=1760570274 HTTP/1.1" 200 111123
WARNING 2025-10-15 11:17:54,564 basehttp 13212 17708 "GET /static/images/default.png HTTP/1.1" 404 1868
INFO 2025-10-15 11:17:59,698 basehttp 13212 584 "GET /staff/user-management HTTP/1.1" 200 66630
WARNING 2025-10-15 11:17:59,751 basehttp 13212 2804 "GET /static/images/default.png HTTP/1.1" 404 1868
INFO 2025-10-15 11:17:59,754 basehttp 13212 584 "GET /static/css/dist/styles.css?v=1760570279 HTTP/1.1" 200 111123
INFO 2025-10-15 11:18:36,570 basehttp 13212 27564 "GET /staff/user-management HTTP/1.1" 200 66621
INFO 2025-10-15 11:18:36,625 basehttp 13212 27564 "GET /static/css/dist/styles.css?v=1760570316 HTTP/1.1" 200 111123
WARNING 2025-10-15 11:18:36,633 basehttp 13212 23948 "GET /static/images/default.png HTTP/1.1" 404 1868
INFO 2025-10-15 11:18:38,657 basehttp 13212 16172 "GET /staff/user-management HTTP/1.1" 200 66621
INFO 2025-10-15 11:18:38,697 basehttp 13212 16172 "GET /static/css/dist/styles.css?v=1760570318 HTTP/1.1" 200 111123
WARNING 2025-10-15 11:18:38,716 basehttp 13212 24628 "GET /static/images/default.png HTTP/1.1" 404 1868
INFO 2025-10-15 11:18:41,797 basehttp 13212 25936 "GET /staff/user-management HTTP/1.1" 200 66633
INFO 2025-10-15 11:18:41,836 basehttp 13212 25936 "GET /static/css/dist/styles.css?v=1760570321 HTTP/1.1" 200 111123
WARNING 2025-10-15 11:18:41,846 basehttp 13212 15964 "GET /static/images/default.png HTTP/1.1" 404 1868
INFO 2025-10-15 11:18:46,013 basehttp 13212 2492 "GET /staff/user-management HTTP/1.1" 200 66633
WARNING 2025-10-15 11:18:46,071 basehttp 13212 20364 "GET /static/images/default.png HTTP/1.1" 404 1868
INFO 2025-10-15 11:18:46,073 basehttp 13212 2492 "GET /static/css/dist/styles.css?v=1760570325 HTTP/1.1" 200 111123
INFO 2025-10-15 11:19:03,872 basehttp 13212 22016 "GET /staff/user-management HTTP/1.1" 200 66642
WARNING 2025-10-15 11:19:03,936 basehttp 13212 27060 "GET /static/images/default.png HTTP/1.1" 404 1868
INFO 2025-10-15 11:19:03,938 basehttp 13212 22016 "GET /static/css/dist/styles.css?v=1760570343 HTTP/1.1" 200 111123
INFO 2025-10-15 11:19:08,038 basehttp 13212 7812 "GET /staff/user-management HTTP/1.1" 200 66651
WARNING 2025-10-15 11:19:08,107 basehttp 13212 13044 "GET /static/images/default.png HTTP/1.1" 404 1868
INFO 2025-10-15 11:19:08,108 basehttp 13212 7812 "GET /static/css/dist/styles.css?v=1760570348 HTTP/1.1" 200 111123
INFO 2025-10-15 11:19:20,758 basehttp 13212 27096 "GET /staff/user-management HTTP/1.1" 200 66660
WARNING 2025-10-15 11:19:20,821 basehttp 13212 25116 "GET /static/images/default.png HTTP/1.1" 404 1868
INFO 2025-10-15 11:19:20,825 basehttp 13212 27096 "GET /static/css/dist/styles.css?v=1760570360 HTTP/1.1" 200 111123
INFO 2025-10-15 11:21:09,378 basehttp 13212 10504 "GET /staff/user-management HTTP/1.1" 200 66703
INFO 2025-10-15 11:21:09,446 basehttp 13212 10504 "GET /static/css/dist/styles.css?v=1760570469 HTTP/1.1" 200 111123
WARNING 2025-10-15 11:21:09,478 basehttp 13212 25948 "GET /static/images/default.png HTTP/1.1" 404 1868
INFO 2025-10-15 11:21:32,191 basehttp 13212 22584 "GET /staff/user-management HTTP/1.1" 200 66703
INFO 2025-10-15 11:21:32,282 basehttp 13212 22584 "GET /static/css/dist/styles.css?v=1760570492 HTTP/1.1" 200 111123
WARNING 2025-10-15 11:21:32,421 basehttp 13212 22584 "GET /static/images/default.png HTTP/1.1" 404 1868
INFO 2025-10-15 11:21:42,086 basehttp 13212 12436 "GET /staff/user-management HTTP/1.1" 200 66703
WARNING 2025-10-15 11:21:42,146 basehttp 13212 24792 "GET /static/images/default.png HTTP/1.1" 404 1868
INFO 2025-10-15 11:21:42,147 basehttp 13212 12436 "GET /static/css/dist/styles.css?v=1760570502 HTTP/1.1" 200 111123
INFO 2025-10-15 11:21:44,115 basehttp 13212 27700 "GET /staff/user-management HTTP/1.1" 200 66703
WARNING 2025-10-15 11:21:44,151 basehttp 13212 26064 "GET /static/images/default.png HTTP/1.1" 404 1868
INFO 2025-10-15 11:21:44,152 basehttp 13212 27700 "GET /static/css/dist/styles.css?v=1760570504 HTTP/1.1" 200 111123
INFO 2025-10-15 11:21:59,083 basehttp 13212 26480 "GET /staff/user-management HTTP/1.1" 200 66703
WARNING 2025-10-15 11:21:59,123 basehttp 13212 17788 "GET /static/images/default.png HTTP/1.1" 404 1868
INFO 2025-10-15 11:21:59,125 basehttp 13212 26480 "GET /static/css/dist/styles.css?v=1760570519 HTTP/1.1" 200 111123
INFO 2025-10-15 11:22:07,816 basehttp 13212 10012 "GET /staff/user-management HTTP/1.1" 200 66703
WARNING 2025-10-15 11:22:07,876 basehttp 13212 6796 "GET /static/images/default.png HTTP/1.1" 404 1868
INFO 2025-10-15 11:22:07,880 basehttp 13212 10012 "GET /static/css/dist/styles.css?v=1760570527 HTTP/1.1" 200 111123
INFO 2025-10-15 11:22:10,985 basehttp 13212 19876 "GET /staff/user-management HTTP/1.1" 200 66703
WARNING 2025-10-15 11:22:11,027 basehttp 13212 13448 "GET /static/images/default.png HTTP/1.1" 404 1868
INFO 2025-10-15 11:22:11,029 basehttp 13212 19876 "GET /static/css/dist/styles.css?v=1760570530 HTTP/1.1" 200 111123
INFO 2025-10-15 11:22:50,512 basehttp 13212 28332 "GET /admin/ HTTP/1.1" 200 17282
INFO 2025-10-15 11:22:50,582 basehttp 13212 28332 "GET /static/admin/css/base.css HTTP/1.1" 304 0
INFO 2025-10-15 11:22:50,591 basehttp 13212 20592 "GET /static/admin/css/dark_mode.css HTTP/1.1" 304 0
INFO 2025-10-15 11:22:50,592 basehttp 13212 2724 "GET /static/admin/css/nav_sidebar.css HTTP/1.1" 304 0
INFO 2025-10-15 11:22:50,594 basehttp 13212 17596 "GET /static/admin/css/dashboard.css HTTP/1.1" 304 0
INFO 2025-10-15 11:22:50,594 basehttp 13212 27112 "GET /static/admin/css/responsive.css HTTP/1.1" 304 0
INFO 2025-10-15 11:22:50,595 basehttp 13212 1308 "GET /static/admin/js/theme.js HTTP/1.1" 304 0
INFO 2025-10-15 11:22:50,602 basehttp 13212 1308 "GET /static/admin/js/nav_sidebar.js HTTP/1.1" 304 0
INFO 2025-10-15 11:22:50,616 basehttp 13212 1308 "GET /static/admin/img/icon-addlink.svg HTTP/1.1" 304 0
INFO 2025-10-15 11:22:50,617 basehttp 13212 27112 "GET /static/admin/img/icon-no.svg HTTP/1.1" 304 0
INFO 2025-10-15 11:22:50,617 basehttp 13212 20592 "GET /static/admin/img/icon-deletelink.svg HTTP/1.1" 304 0
INFO 2025-10-15 11:22:50,618 basehttp 13212 17596 "GET /static/admin/img/icon-changelink.svg HTTP/1.1" 304 0
INFO 2025-10-15 11:22:56,781 basehttp 13212 20592 "GET /admin/ HTTP/1.1" 200 16224
INFO 2025-10-15 11:23:02,573 basehttp 13212 27112 "GET /admin/core/customuser/ HTTP/1.1" 200 18319
INFO 2025-10-15 11:23:02,616 basehttp 13212 27112 "GET /static/admin/css/changelists.css HTTP/1.1" 304 0
INFO 2025-10-15 11:23:02,629 basehttp 13212 2724 "GET /static/admin/js/core.js HTTP/1.1" 304 0
INFO 2025-10-15 11:23:02,630 basehttp 13212 28332 "GET /static/admin/js/jquery.init.js HTTP/1.1" 304 0
INFO 2025-10-15 11:23:02,630 basehttp 13212 1308 "GET /static/admin/js/vendor/jquery/jquery.js HTTP/1.1" 304 0
INFO 2025-10-15 11:23:02,631 basehttp 13212 27452 "GET /static/admin/js/actions.js HTTP/1.1" 304 0
INFO 2025-10-15 11:23:02,633 basehttp 13212 11232 "GET /static/admin/js/admin/RelatedObjectLookups.js HTTP/1.1" 304 0
INFO 2025-10-15 11:23:02,642 basehttp 13212 28332 "GET /static/admin/js/vendor/xregexp/xregexp.js HTTP/1.1" 304 0
INFO 2025-10-15 11:23:02,643 basehttp 13212 2724 "GET /static/admin/js/urlify.js HTTP/1.1" 304 0
INFO 2025-10-15 11:23:02,650 basehttp 13212 27452 "GET /static/admin/js/prepopulate.js HTTP/1.1" 304 0
INFO 2025-10-15 11:23:02,652 basehttp 13212 11232 "GET /static/admin/img/search.svg HTTP/1.1" 304 0
INFO 2025-10-15 11:23:02,668 basehttp 13212 11232 "GET /static/admin/js/filters.js HTTP/1.1" 304 0
INFO 2025-10-15 11:23:02,674 basehttp 13212 27112 "GET /admin/jsi18n/ HTTP/1.1" 200 3342
INFO 2025-10-15 11:23:02,746 basehttp 13212 27112 "GET /static/admin/img/tooltag-add.svg HTTP/1.1" 304 0
INFO 2025-10-15 11:23:02,751 basehttp 13212 27112 "GET /static/admin/img/sorting-icons.svg HTTP/1.1" 304 0
INFO 2025-10-15 11:23:02,756 basehttp 13212 27112 "GET /static/admin/img/icon-viewlink.svg HTTP/1.1" 304 0
INFO 2025-10-15 11:23:04,914 basehttp 13212 11232 "GET /admin/core/customuser/1/change/ HTTP/1.1" 200 41214
INFO 2025-10-15 11:23:04,975 basehttp 13212 11232 "GET /static/admin/css/forms.css HTTP/1.1" 304 0
INFO 2025-10-15 11:23:04,992 basehttp 13212 1308 "GET /static/admin/js/SelectBox.js HTTP/1.1" 304 0
INFO 2025-10-15 11:23:04,993 basehttp 13212 28332 "GET /static/admin/js/inlines.js HTTP/1.1" 304 0
INFO 2025-10-15 11:23:04,997 basehttp 13212 27232 "GET /static/admin/js/SelectFilter2.js HTTP/1.1" 304 0
INFO 2025-10-15 11:23:05,002 basehttp 13212 27452 "GET /static/admin/js/calendar.js HTTP/1.1" 200 9141
INFO 2025-10-15 11:23:05,003 basehttp 13212 1308 "GET /static/admin/css/widgets.css HTTP/1.1" 304 0
INFO 2025-10-15 11:23:05,005 basehttp 13212 2724 "GET /static/admin/js/admin/DateTimeShortcuts.js HTTP/1.1" 200 19319
INFO 2025-10-15 11:23:05,007 basehttp 13212 27232 "GET /static/admin/js/prepopulate_init.js HTTP/1.1" 304 0
INFO 2025-10-15 11:23:05,014 basehttp 13212 27232 "GET /static/admin/js/change_form.js HTTP/1.1" 304 0
INFO 2025-10-15 11:23:05,023 basehttp 13212 11232 "GET /admin/jsi18n/ HTTP/1.1" 200 3342
INFO 2025-10-15 11:23:05,128 basehttp 13212 11232 "GET /static/admin/img/inline-delete.svg HTTP/1.1" 304 0
INFO 2025-10-15 11:23:05,161 basehttp 13212 11232 "GET /static/admin/img/selector-icons.svg HTTP/1.1" 304 0
INFO 2025-10-15 11:23:05,165 basehttp 13212 2724 "GET /static/admin/img/icon-clock.svg HTTP/1.1" 200 677
INFO 2025-10-15 11:23:05,166 basehttp 13212 27232 "GET /static/admin/img/icon-calendar.svg HTTP/1.1" 200 1086
INFO 2025-10-15 11:23:25,957 basehttp 13212 2724 "POST /admin/core/customuser/1/change/ HTTP/1.1" 302 0
INFO 2025-10-15 11:23:26,001 basehttp 13212 2724 "GET /admin/core/customuser/ HTTP/1.1" 200 18521
INFO 2025-10-15 11:23:26,065 basehttp 13212 2724 "GET /admin/jsi18n/ HTTP/1.1" 200 3342
INFO 2025-10-15 11:23:36,883 basehttp 13212 11232 "POST /admin/logout/ HTTP/1.1" 302 0
INFO 2025-10-15 11:23:37,082 basehttp 13212 11232 "GET / HTTP/1.1" 200 11110
INFO 2025-10-15 11:23:37,190 basehttp 13212 11232 "GET /static/css/dist/styles.css?v=1760570617 HTTP/1.1" 200 111123
INFO 2025-10-15 11:23:38,663 basehttp 13212 1308 "GET /sign_up/ HTTP/1.1" 200 16069
INFO 2025-10-15 11:23:38,768 basehttp 13212 1308 "GET /static/css/dist/styles.css?v=1760570618 HTTP/1.1" 200 111123
INFO 2025-10-15 11:23:40,607 basehttp 13212 27452 "GET /login/ HTTP/1.1" 200 11508
INFO 2025-10-15 11:23:40,657 basehttp 13212 27452 "GET /static/css/dist/styles.css?v=1760570620 HTTP/1.1" 200 111123
INFO 2025-10-15 11:23:47,405 basehttp 13212 28332 "POST /login/ HTTP/1.1" 302 0
INFO 2025-10-15 11:23:47,450 basehttp 13212 28332 "GET /staff/dashboard HTTP/1.1" 200 44970
INFO 2025-10-15 11:23:47,513 basehttp 13212 28332 "GET /static/css/dist/styles.css?v=1760570627 HTTP/1.1" 200 111123
WARNING 2025-10-15 11:23:47,524 basehttp 13212 3988 "GET /static/images/default.png HTTP/1.1" 404 1868
INFO 2025-10-15 11:23:50,658 basehttp 13212 18860 "GET /staff/user-management HTTP/1.1" 200 66705
WARNING 2025-10-15 11:23:50,806 basehttp 13212 10072 "GET /static/images/default.png HTTP/1.1" 404 1868
INFO 2025-10-15 11:23:50,810 basehttp 13212 18860 "GET /static/css/dist/styles.css?v=1760570630 HTTP/1.1" 200 111123
INFO 2025-10-15 11:24:55,847 autoreload 13212 12036 C:\Users\HP\OneDrive\Documents\essetech\hotelapp\Hotel-website-Django\hotelapp\core\models.py changed, reloading.
INFO 2025-10-15 11:25:02,171 autoreload 25256 11800 Watching for file changes with StatReloader
INFO 2025-10-15 11:25:04,508 basehttp 25256 14420 "GET /staff/user-management HTTP/1.1" 200 66523
WARNING 2025-10-15 11:25:04,567 basehttp 25256 24684 "GET /static/images/default.png HTTP/1.1" 404 1868
INFO 2025-10-15 11:25:04,679 basehttp 25256 14420 "GET /static/css/dist/styles.css?v=1760570704 HTTP/1.1" 200 111123
INFO 2025-10-15 11:25:39,237 autoreload 26872 18820 Watching for file changes with StatReloader
INFO 2025-10-15 11:25:40,265 basehttp 26872 26024 "GET /staff/user-management HTTP/1.1" 200 66523
WARNING 2025-10-15 11:25:40,347 basehttp 26872 22520 "GET /static/images/default.png HTTP/1.1" 404 1868
INFO 2025-10-15 11:25:40,423 basehttp 26872 26024 "GET /static/css/dist/styles.css?v=1760570740 HTTP/1.1" 200 111020
INFO 2025-10-15 11:25:47,826 basehttp 26872 11536 "GET /staff/user-management HTTP/1.1" 200 66523
WARNING 2025-10-15 11:25:47,888 basehttp 26872 21084 "GET /static/images/default.png HTTP/1.1" 404 1868
INFO 2025-10-15 11:25:47,890 basehttp 26872 11536 "GET /static/css/dist/styles.css?v=1760570747 HTTP/1.1" 200 111020
ERROR 2025-10-15 11:26:09,595 log 26872 5560 Internal Server Error: /staff/user-management
Traceback (most recent call last):
  File "C:\Users\HP\OneDrive\Documents\essetech\hotelapp\Hotel-website-Django\.venv\Lib\site-packages\django\template\base.py", line 510, in parse
    compile_func = self.tags[command]
                   ~~~~~~~~~^^^^^^^^^
KeyError: 'elif'

During handling of the above exception, another exception occurred:

Traceback (most recent call last):
  File "C:\Users\HP\OneDrive\Documents\essetech\hotelapp\Hotel-website-Django\.venv\Lib\site-packages\django\core\handlers\exception.py", line 55, in inner
    response = get_response(request)
  File "C:\Users\HP\OneDrive\Documents\essetech\hotelapp\Hotel-website-Django\.venv\Lib\site-packages\django\core\handlers\base.py", line 197, in _get_response
    response = wrapped_callback(request, *callback_args, **callback_kwargs)
  File "C:\Users\HP\OneDrive\Documents\essetech\hotelapp\Hotel-website-Django\.venv\Lib\site-packages\django\contrib\auth\decorators.py", line 60, in _view_wrapper
    return view_func(request, *args, **kwargs)
  File "C:\Users\HP\OneDrive\Documents\essetech\hotelapp\Hotel-website-Django\hotelapp\account\views.py", line 33, in wrapper
    return view_func(request, *args, **kwargs)
  File "C:\Users\HP\OneDrive\Documents\essetech\hotelapp\Hotel-website-Django\hotelapp\account\views.py", line 730, in user_management
    return render(request, "staff/dashboard/user_management.html", context)
  File "C:\Users\HP\OneDrive\Documents\essetech\hotelapp\Hotel-website-Django\.venv\Lib\site-packages\django\shortcuts.py", line 25, in render
    content = loader.render_to_string(template_name, context, request, using=using)
  File "C:\Users\HP\OneDrive\Documents\essetech\hotelapp\Hotel-website-Django\.venv\Lib\site-packages\django\template\loader.py", line 61, in render_to_string
    template = get_template(template_name, using=using)
  File "C:\Users\HP\OneDrive\Documents\essetech\hotelapp\Hotel-website-Django\.venv\Lib\site-packages\django\template\loader.py", line 15, in get_template
    return engine.get_template(template_name)
           ~~~~~~~~~~~~~~~~~~~^^^^^^^^^^^^^^^
  File "C:\Users\HP\OneDrive\Documents\essetech\hotelapp\Hotel-website-Django\.venv\Lib\site-packages\django\template\backends\django.py", line 79, in get_template
    return Template(self.engine.get_template(template_name), self)
                    ~~~~~~~~~~~~~~~~~~~~~~~~^^^^^^^^^^^^^^^
  File "C:\Users\HP\OneDrive\Documents\essetech\hotelapp\Hotel-website-Django\.venv\Lib\site-packages\django\template\engine.py", line 177, in get_template
    template, origin = self.find_template(template_name)
                       ~~~~~~~~~~~~~~~~~~^^^^^^^^^^^^^^^
  File "C:\Users\HP\OneDrive\Documents\essetech\hotelapp\Hotel-website-Django\.venv\Lib\site-packages\django\template\engine.py", line 159, in find_template
    template = loader.get_template(name, skip=skip)
  File "C:\Users\HP\OneDrive\Documents\essetech\hotelapp\Hotel-website-Django\.venv\Lib\site-packages\django\template\loaders\cached.py", line 57, in get_template
    template = super().get_template(template_name, skip)
  File "C:\Users\HP\OneDrive\Documents\essetech\hotelapp\Hotel-website-Django\.venv\Lib\site-packages\django\template\loaders\base.py", line 28, in get_template
    return Template(
        contents,
    ...<2 lines>...
        self.engine,
    )
  File "C:\Users\HP\OneDrive\Documents\essetech\hotelapp\Hotel-website-Django\.venv\Lib\site-packages\django\template\base.py", line 154, in __init__
    self.nodelist = self.compile_nodelist()
                    ~~~~~~~~~~~~~~~~~~~~~^^
  File "C:\Users\HP\OneDrive\Documents\essetech\hotelapp\Hotel-website-Django\.venv\Lib\site-packages\django\template\base.py", line 196, in compile_nodelist
    nodelist = parser.parse()
  File "C:\Users\HP\OneDrive\Documents\essetech\hotelapp\Hotel-website-Django\.venv\Lib\site-packages\django\template\base.py", line 518, in parse
    raise self.error(token, e)
  File "C:\Users\HP\OneDrive\Documents\essetech\hotelapp\Hotel-website-Django\.venv\Lib\site-packages\django\template\base.py", line 516, in parse
    compiled_result = compile_func(self, token)
  File "C:\Users\HP\OneDrive\Documents\essetech\hotelapp\Hotel-website-Django\.venv\Lib\site-packages\django\template\loader_tags.py", line 295, in do_extends
    nodelist = parser.parse()
  File "C:\Users\HP\OneDrive\Documents\essetech\hotelapp\Hotel-website-Django\.venv\Lib\site-packages\django\template\base.py", line 518, in parse
    raise self.error(token, e)
  File "C:\Users\HP\OneDrive\Documents\essetech\hotelapp\Hotel-website-Django\.venv\Lib\site-packages\django\template\base.py", line 516, in parse
    compiled_result = compile_func(self, token)
  File "C:\Users\HP\OneDrive\Documents\essetech\hotelapp\Hotel-website-Django\.venv\Lib\site-packages\django\template\loader_tags.py", line 234, in do_block
    nodelist = parser.parse(("endblock",))
  File "C:\Users\HP\OneDrive\Documents\essetech\hotelapp\Hotel-website-Django\.venv\Lib\site-packages\django\template\base.py", line 518, in parse
    raise self.error(token, e)
  File "C:\Users\HP\OneDrive\Documents\essetech\hotelapp\Hotel-website-Django\.venv\Lib\site-packages\django\template\base.py", line 516, in parse
    compiled_result = compile_func(self, token)
  File "C:\Users\HP\OneDrive\Documents\essetech\hotelapp\Hotel-website-Django\.venv\Lib\site-packages\django\template\defaulttags.py", line 862, in do_for
    nodelist_loop = parser.parse(
        (
    ...<2 lines>...
        )
    )
  File "C:\Users\HP\OneDrive\Documents\essetech\hotelapp\Hotel-website-Django\.venv\Lib\site-packages\django\template\base.py", line 512, in parse
    self.invalid_block_tag(token, command, parse_until)
    ~~~~~~~~~~~~~~~~~~~~~~^^^^^^^^^^^^^^^^^^^^^^^^^^^^^
  File "C:\Users\HP\OneDrive\Documents\essetech\hotelapp\Hotel-website-Django\.venv\Lib\site-packages\django\template\base.py", line 563, in invalid_block_tag
    raise self.error(
    ...<8 lines>...
    )
django.template.exceptions.TemplateSyntaxError: Invalid block tag on line 202: 'elif', expected 'empty' or 'endfor'. Did you forget to register or load this tag?
ERROR 2025-10-15 11:26:09,606 basehttp 26872 5560 "GET /staff/user-management HTTP/1.1" 500 313275
ERROR 2025-10-15 11:26:21,403 log 26872 28644 Internal Server Error: /staff/user-management
Traceback (most recent call last):
  File "C:\Users\HP\OneDrive\Documents\essetech\hotelapp\Hotel-website-Django\.venv\Lib\site-packages\django\template\base.py", line 510, in parse
    compile_func = self.tags[command]
                   ~~~~~~~~~^^^^^^^^^
KeyError: 'elif'

During handling of the above exception, another exception occurred:

Traceback (most recent call last):
  File "C:\Users\HP\OneDrive\Documents\essetech\hotelapp\Hotel-website-Django\.venv\Lib\site-packages\django\core\handlers\exception.py", line 55, in inner
    response = get_response(request)
  File "C:\Users\HP\OneDrive\Documents\essetech\hotelapp\Hotel-website-Django\.venv\Lib\site-packages\django\core\handlers\base.py", line 197, in _get_response
    response = wrapped_callback(request, *callback_args, **callback_kwargs)
  File "C:\Users\HP\OneDrive\Documents\essetech\hotelapp\Hotel-website-Django\.venv\Lib\site-packages\django\contrib\auth\decorators.py", line 60, in _view_wrapper
    return view_func(request, *args, **kwargs)
  File "C:\Users\HP\OneDrive\Documents\essetech\hotelapp\Hotel-website-Django\hotelapp\account\views.py", line 33, in wrapper
    return view_func(request, *args, **kwargs)
  File "C:\Users\HP\OneDrive\Documents\essetech\hotelapp\Hotel-website-Django\hotelapp\account\views.py", line 730, in user_management
    return render(request, "staff/dashboard/user_management.html", context)
  File "C:\Users\HP\OneDrive\Documents\essetech\hotelapp\Hotel-website-Django\.venv\Lib\site-packages\django\shortcuts.py", line 25, in render
    content = loader.render_to_string(template_name, context, request, using=using)
  File "C:\Users\HP\OneDrive\Documents\essetech\hotelapp\Hotel-website-Django\.venv\Lib\site-packages\django\template\loader.py", line 61, in render_to_string
    template = get_template(template_name, using=using)
  File "C:\Users\HP\OneDrive\Documents\essetech\hotelapp\Hotel-website-Django\.venv\Lib\site-packages\django\template\loader.py", line 15, in get_template
    return engine.get_template(template_name)
           ~~~~~~~~~~~~~~~~~~~^^^^^^^^^^^^^^^
  File "C:\Users\HP\OneDrive\Documents\essetech\hotelapp\Hotel-website-Django\.venv\Lib\site-packages\django\template\backends\django.py", line 79, in get_template
    return Template(self.engine.get_template(template_name), self)
                    ~~~~~~~~~~~~~~~~~~~~~~~~^^^^^^^^^^^^^^^
  File "C:\Users\HP\OneDrive\Documents\essetech\hotelapp\Hotel-website-Django\.venv\Lib\site-packages\django\template\engine.py", line 177, in get_template
    template, origin = self.find_template(template_name)
                       ~~~~~~~~~~~~~~~~~~^^^^^^^^^^^^^^^
  File "C:\Users\HP\OneDrive\Documents\essetech\hotelapp\Hotel-website-Django\.venv\Lib\site-packages\django\template\engine.py", line 159, in find_template
    template = loader.get_template(name, skip=skip)
  File "C:\Users\HP\OneDrive\Documents\essetech\hotelapp\Hotel-website-Django\.venv\Lib\site-packages\django\template\loaders\cached.py", line 57, in get_template
    template = super().get_template(template_name, skip)
  File "C:\Users\HP\OneDrive\Documents\essetech\hotelapp\Hotel-website-Django\.venv\Lib\site-packages\django\template\loaders\base.py", line 28, in get_template
    return Template(
        contents,
    ...<2 lines>...
        self.engine,
    )
  File "C:\Users\HP\OneDrive\Documents\essetech\hotelapp\Hotel-website-Django\.venv\Lib\site-packages\django\template\base.py", line 154, in __init__
    self.nodelist = self.compile_nodelist()
                    ~~~~~~~~~~~~~~~~~~~~~^^
  File "C:\Users\HP\OneDrive\Documents\essetech\hotelapp\Hotel-website-Django\.venv\Lib\site-packages\django\template\base.py", line 196, in compile_nodelist
    nodelist = parser.parse()
  File "C:\Users\HP\OneDrive\Documents\essetech\hotelapp\Hotel-website-Django\.venv\Lib\site-packages\django\template\base.py", line 518, in parse
    raise self.error(token, e)
  File "C:\Users\HP\OneDrive\Documents\essetech\hotelapp\Hotel-website-Django\.venv\Lib\site-packages\django\template\base.py", line 516, in parse
    compiled_result = compile_func(self, token)
  File "C:\Users\HP\OneDrive\Documents\essetech\hotelapp\Hotel-website-Django\.venv\Lib\site-packages\django\template\loader_tags.py", line 295, in do_extends
    nodelist = parser.parse()
  File "C:\Users\HP\OneDrive\Documents\essetech\hotelapp\Hotel-website-Django\.venv\Lib\site-packages\django\template\base.py", line 518, in parse
    raise self.error(token, e)
  File "C:\Users\HP\OneDrive\Documents\essetech\hotelapp\Hotel-website-Django\.venv\Lib\site-packages\django\template\base.py", line 516, in parse
    compiled_result = compile_func(self, token)
  File "C:\Users\HP\OneDrive\Documents\essetech\hotelapp\Hotel-website-Django\.venv\Lib\site-packages\django\template\loader_tags.py", line 234, in do_block
    nodelist = parser.parse(("endblock",))
  File "C:\Users\HP\OneDrive\Documents\essetech\hotelapp\Hotel-website-Django\.venv\Lib\site-packages\django\template\base.py", line 518, in parse
    raise self.error(token, e)
  File "C:\Users\HP\OneDrive\Documents\essetech\hotelapp\Hotel-website-Django\.venv\Lib\site-packages\django\template\base.py", line 516, in parse
    compiled_result = compile_func(self, token)
  File "C:\Users\HP\OneDrive\Documents\essetech\hotelapp\Hotel-website-Django\.venv\Lib\site-packages\django\template\defaulttags.py", line 862, in do_for
    nodelist_loop = parser.parse(
        (
    ...<2 lines>...
        )
    )
  File "C:\Users\HP\OneDrive\Documents\essetech\hotelapp\Hotel-website-Django\.venv\Lib\site-packages\django\template\base.py", line 512, in parse
    self.invalid_block_tag(token, command, parse_until)
    ~~~~~~~~~~~~~~~~~~~~~~^^^^^^^^^^^^^^^^^^^^^^^^^^^^^
  File "C:\Users\HP\OneDrive\Documents\essetech\hotelapp\Hotel-website-Django\.venv\Lib\site-packages\django\template\base.py", line 563, in invalid_block_tag
    raise self.error(
    ...<8 lines>...
    )
django.template.exceptions.TemplateSyntaxError: Invalid block tag on line 202: 'elif', expected 'empty' or 'endfor'. Did you forget to register or load this tag?
ERROR 2025-10-15 11:26:21,412 basehttp 26872 28644 "GET /staff/user-management HTTP/1.1" 500 313280
ERROR 2025-10-15 11:26:23,651 log 26872 27576 Internal Server Error: /staff/user-management
Traceback (most recent call last):
  File "C:\Users\HP\OneDrive\Documents\essetech\hotelapp\Hotel-website-Django\.venv\Lib\site-packages\django\template\base.py", line 510, in parse
    compile_func = self.tags[command]
                   ~~~~~~~~~^^^^^^^^^
KeyError: 'elif'

During handling of the above exception, another exception occurred:

Traceback (most recent call last):
  File "C:\Users\HP\OneDrive\Documents\essetech\hotelapp\Hotel-website-Django\.venv\Lib\site-packages\django\core\handlers\exception.py", line 55, in inner
    response = get_response(request)
  File "C:\Users\HP\OneDrive\Documents\essetech\hotelapp\Hotel-website-Django\.venv\Lib\site-packages\django\core\handlers\base.py", line 197, in _get_response
    response = wrapped_callback(request, *callback_args, **callback_kwargs)
  File "C:\Users\HP\OneDrive\Documents\essetech\hotelapp\Hotel-website-Django\.venv\Lib\site-packages\django\contrib\auth\decorators.py", line 60, in _view_wrapper
    return view_func(request, *args, **kwargs)
  File "C:\Users\HP\OneDrive\Documents\essetech\hotelapp\Hotel-website-Django\hotelapp\account\views.py", line 33, in wrapper
    return view_func(request, *args, **kwargs)
  File "C:\Users\HP\OneDrive\Documents\essetech\hotelapp\Hotel-website-Django\hotelapp\account\views.py", line 730, in user_management
    return render(request, "staff/dashboard/user_management.html", context)
  File "C:\Users\HP\OneDrive\Documents\essetech\hotelapp\Hotel-website-Django\.venv\Lib\site-packages\django\shortcuts.py", line 25, in render
    content = loader.render_to_string(template_name, context, request, using=using)
  File "C:\Users\HP\OneDrive\Documents\essetech\hotelapp\Hotel-website-Django\.venv\Lib\site-packages\django\template\loader.py", line 61, in render_to_string
    template = get_template(template_name, using=using)
  File "C:\Users\HP\OneDrive\Documents\essetech\hotelapp\Hotel-website-Django\.venv\Lib\site-packages\django\template\loader.py", line 15, in get_template
    return engine.get_template(template_name)
           ~~~~~~~~~~~~~~~~~~~^^^^^^^^^^^^^^^
  File "C:\Users\HP\OneDrive\Documents\essetech\hotelapp\Hotel-website-Django\.venv\Lib\site-packages\django\template\backends\django.py", line 79, in get_template
    return Template(self.engine.get_template(template_name), self)
                    ~~~~~~~~~~~~~~~~~~~~~~~~^^^^^^^^^^^^^^^
  File "C:\Users\HP\OneDrive\Documents\essetech\hotelapp\Hotel-website-Django\.venv\Lib\site-packages\django\template\engine.py", line 177, in get_template
    template, origin = self.find_template(template_name)
                       ~~~~~~~~~~~~~~~~~~^^^^^^^^^^^^^^^
  File "C:\Users\HP\OneDrive\Documents\essetech\hotelapp\Hotel-website-Django\.venv\Lib\site-packages\django\template\engine.py", line 159, in find_template
    template = loader.get_template(name, skip=skip)
  File "C:\Users\HP\OneDrive\Documents\essetech\hotelapp\Hotel-website-Django\.venv\Lib\site-packages\django\template\loaders\cached.py", line 57, in get_template
    template = super().get_template(template_name, skip)
  File "C:\Users\HP\OneDrive\Documents\essetech\hotelapp\Hotel-website-Django\.venv\Lib\site-packages\django\template\loaders\base.py", line 28, in get_template
    return Template(
        contents,
    ...<2 lines>...
        self.engine,
    )
  File "C:\Users\HP\OneDrive\Documents\essetech\hotelapp\Hotel-website-Django\.venv\Lib\site-packages\django\template\base.py", line 154, in __init__
    self.nodelist = self.compile_nodelist()
                    ~~~~~~~~~~~~~~~~~~~~~^^
  File "C:\Users\HP\OneDrive\Documents\essetech\hotelapp\Hotel-website-Django\.venv\Lib\site-packages\django\template\base.py", line 196, in compile_nodelist
    nodelist = parser.parse()
  File "C:\Users\HP\OneDrive\Documents\essetech\hotelapp\Hotel-website-Django\.venv\Lib\site-packages\django\template\base.py", line 518, in parse
    raise self.error(token, e)
  File "C:\Users\HP\OneDrive\Documents\essetech\hotelapp\Hotel-website-Django\.venv\Lib\site-packages\django\template\base.py", line 516, in parse
    compiled_result = compile_func(self, token)
  File "C:\Users\HP\OneDrive\Documents\essetech\hotelapp\Hotel-website-Django\.venv\Lib\site-packages\django\template\loader_tags.py", line 295, in do_extends
    nodelist = parser.parse()
  File "C:\Users\HP\OneDrive\Documents\essetech\hotelapp\Hotel-website-Django\.venv\Lib\site-packages\django\template\base.py", line 518, in parse
    raise self.error(token, e)
  File "C:\Users\HP\OneDrive\Documents\essetech\hotelapp\Hotel-website-Django\.venv\Lib\site-packages\django\template\base.py", line 516, in parse
    compiled_result = compile_func(self, token)
  File "C:\Users\HP\OneDrive\Documents\essetech\hotelapp\Hotel-website-Django\.venv\Lib\site-packages\django\template\loader_tags.py", line 234, in do_block
    nodelist = parser.parse(("endblock",))
  File "C:\Users\HP\OneDrive\Documents\essetech\hotelapp\Hotel-website-Django\.venv\Lib\site-packages\django\template\base.py", line 518, in parse
    raise self.error(token, e)
  File "C:\Users\HP\OneDrive\Documents\essetech\hotelapp\Hotel-website-Django\.venv\Lib\site-packages\django\template\base.py", line 516, in parse
    compiled_result = compile_func(self, token)
  File "C:\Users\HP\OneDrive\Documents\essetech\hotelapp\Hotel-website-Django\.venv\Lib\site-packages\django\template\defaulttags.py", line 862, in do_for
    nodelist_loop = parser.parse(
        (
    ...<2 lines>...
        )
    )
  File "C:\Users\HP\OneDrive\Documents\essetech\hotelapp\Hotel-website-Django\.venv\Lib\site-packages\django\template\base.py", line 512, in parse
    self.invalid_block_tag(token, command, parse_until)
    ~~~~~~~~~~~~~~~~~~~~~~^^^^^^^^^^^^^^^^^^^^^^^^^^^^^
  File "C:\Users\HP\OneDrive\Documents\essetech\hotelapp\Hotel-website-Django\.venv\Lib\site-packages\django\template\base.py", line 563, in invalid_block_tag
    raise self.error(
    ...<8 lines>...
    )
django.template.exceptions.TemplateSyntaxError: Invalid block tag on line 202: 'elif', expected 'empty' or 'endfor'. Did you forget to register or load this tag?
ERROR 2025-10-15 11:26:23,662 basehttp 26872 27576 "GET /staff/user-management HTTP/1.1" 500 313288
ERROR 2025-10-15 11:26:25,599 log 26872 24096 Internal Server Error: /staff/user-management
Traceback (most recent call last):
  File "C:\Users\HP\OneDrive\Documents\essetech\hotelapp\Hotel-website-Django\.venv\Lib\site-packages\django\template\base.py", line 510, in parse
    compile_func = self.tags[command]
                   ~~~~~~~~~^^^^^^^^^
KeyError: 'elif'

During handling of the above exception, another exception occurred:

Traceback (most recent call last):
  File "C:\Users\HP\OneDrive\Documents\essetech\hotelapp\Hotel-website-Django\.venv\Lib\site-packages\django\core\handlers\exception.py", line 55, in inner
    response = get_response(request)
  File "C:\Users\HP\OneDrive\Documents\essetech\hotelapp\Hotel-website-Django\.venv\Lib\site-packages\django\core\handlers\base.py", line 197, in _get_response
    response = wrapped_callback(request, *callback_args, **callback_kwargs)
  File "C:\Users\HP\OneDrive\Documents\essetech\hotelapp\Hotel-website-Django\.venv\Lib\site-packages\django\contrib\auth\decorators.py", line 60, in _view_wrapper
    return view_func(request, *args, **kwargs)
  File "C:\Users\HP\OneDrive\Documents\essetech\hotelapp\Hotel-website-Django\hotelapp\account\views.py", line 33, in wrapper
    return view_func(request, *args, **kwargs)
  File "C:\Users\HP\OneDrive\Documents\essetech\hotelapp\Hotel-website-Django\hotelapp\account\views.py", line 730, in user_management
    return render(request, "staff/dashboard/user_management.html", context)
  File "C:\Users\HP\OneDrive\Documents\essetech\hotelapp\Hotel-website-Django\.venv\Lib\site-packages\django\shortcuts.py", line 25, in render
    content = loader.render_to_string(template_name, context, request, using=using)
  File "C:\Users\HP\OneDrive\Documents\essetech\hotelapp\Hotel-website-Django\.venv\Lib\site-packages\django\template\loader.py", line 61, in render_to_string
    template = get_template(template_name, using=using)
  File "C:\Users\HP\OneDrive\Documents\essetech\hotelapp\Hotel-website-Django\.venv\Lib\site-packages\django\template\loader.py", line 15, in get_template
    return engine.get_template(template_name)
           ~~~~~~~~~~~~~~~~~~~^^^^^^^^^^^^^^^
  File "C:\Users\HP\OneDrive\Documents\essetech\hotelapp\Hotel-website-Django\.venv\Lib\site-packages\django\template\backends\django.py", line 79, in get_template
    return Template(self.engine.get_template(template_name), self)
                    ~~~~~~~~~~~~~~~~~~~~~~~~^^^^^^^^^^^^^^^
  File "C:\Users\HP\OneDrive\Documents\essetech\hotelapp\Hotel-website-Django\.venv\Lib\site-packages\django\template\engine.py", line 177, in get_template
    template, origin = self.find_template(template_name)
                       ~~~~~~~~~~~~~~~~~~^^^^^^^^^^^^^^^
  File "C:\Users\HP\OneDrive\Documents\essetech\hotelapp\Hotel-website-Django\.venv\Lib\site-packages\django\template\engine.py", line 159, in find_template
    template = loader.get_template(name, skip=skip)
  File "C:\Users\HP\OneDrive\Documents\essetech\hotelapp\Hotel-website-Django\.venv\Lib\site-packages\django\template\loaders\cached.py", line 57, in get_template
    template = super().get_template(template_name, skip)
  File "C:\Users\HP\OneDrive\Documents\essetech\hotelapp\Hotel-website-Django\.venv\Lib\site-packages\django\template\loaders\base.py", line 28, in get_template
    return Template(
        contents,
    ...<2 lines>...
        self.engine,
    )
  File "C:\Users\HP\OneDrive\Documents\essetech\hotelapp\Hotel-website-Django\.venv\Lib\site-packages\django\template\base.py", line 154, in __init__
    self.nodelist = self.compile_nodelist()
                    ~~~~~~~~~~~~~~~~~~~~~^^
  File "C:\Users\HP\OneDrive\Documents\essetech\hotelapp\Hotel-website-Django\.venv\Lib\site-packages\django\template\base.py", line 196, in compile_nodelist
    nodelist = parser.parse()
  File "C:\Users\HP\OneDrive\Documents\essetech\hotelapp\Hotel-website-Django\.venv\Lib\site-packages\django\template\base.py", line 518, in parse
    raise self.error(token, e)
  File "C:\Users\HP\OneDrive\Documents\essetech\hotelapp\Hotel-website-Django\.venv\Lib\site-packages\django\template\base.py", line 516, in parse
    compiled_result = compile_func(self, token)
  File "C:\Users\HP\OneDrive\Documents\essetech\hotelapp\Hotel-website-Django\.venv\Lib\site-packages\django\template\loader_tags.py", line 295, in do_extends
    nodelist = parser.parse()
  File "C:\Users\HP\OneDrive\Documents\essetech\hotelapp\Hotel-website-Django\.venv\Lib\site-packages\django\template\base.py", line 518, in parse
    raise self.error(token, e)
  File "C:\Users\HP\OneDrive\Documents\essetech\hotelapp\Hotel-website-Django\.venv\Lib\site-packages\django\template\base.py", line 516, in parse
    compiled_result = compile_func(self, token)
  File "C:\Users\HP\OneDrive\Documents\essetech\hotelapp\Hotel-website-Django\.venv\Lib\site-packages\django\template\loader_tags.py", line 234, in do_block
    nodelist = parser.parse(("endblock",))
  File "C:\Users\HP\OneDrive\Documents\essetech\hotelapp\Hotel-website-Django\.venv\Lib\site-packages\django\template\base.py", line 518, in parse
    raise self.error(token, e)
  File "C:\Users\HP\OneDrive\Documents\essetech\hotelapp\Hotel-website-Django\.venv\Lib\site-packages\django\template\base.py", line 516, in parse
    compiled_result = compile_func(self, token)
  File "C:\Users\HP\OneDrive\Documents\essetech\hotelapp\Hotel-website-Django\.venv\Lib\site-packages\django\template\defaulttags.py", line 862, in do_for
    nodelist_loop = parser.parse(
        (
    ...<2 lines>...
        )
    )
  File "C:\Users\HP\OneDrive\Documents\essetech\hotelapp\Hotel-website-Django\.venv\Lib\site-packages\django\template\base.py", line 512, in parse
    self.invalid_block_tag(token, command, parse_until)
    ~~~~~~~~~~~~~~~~~~~~~~^^^^^^^^^^^^^^^^^^^^^^^^^^^^^
  File "C:\Users\HP\OneDrive\Documents\essetech\hotelapp\Hotel-website-Django\.venv\Lib\site-packages\django\template\base.py", line 563, in invalid_block_tag
    raise self.error(
    ...<8 lines>...
    )
django.template.exceptions.TemplateSyntaxError: Invalid block tag on line 202: 'elif', expected 'empty' or 'endfor'. Did you forget to register or load this tag?
ERROR 2025-10-15 11:26:25,608 basehttp 26872 24096 "GET /staff/user-management HTTP/1.1" 500 313294
ERROR 2025-10-15 11:26:27,750 log 26872 21008 Internal Server Error: /staff/user-management
Traceback (most recent call last):
  File "C:\Users\HP\OneDrive\Documents\essetech\hotelapp\Hotel-website-Django\.venv\Lib\site-packages\django\template\base.py", line 510, in parse
    compile_func = self.tags[command]
                   ~~~~~~~~~^^^^^^^^^
KeyError: 'elif'

During handling of the above exception, another exception occurred:

Traceback (most recent call last):
  File "C:\Users\HP\OneDrive\Documents\essetech\hotelapp\Hotel-website-Django\.venv\Lib\site-packages\django\core\handlers\exception.py", line 55, in inner
    response = get_response(request)
  File "C:\Users\HP\OneDrive\Documents\essetech\hotelapp\Hotel-website-Django\.venv\Lib\site-packages\django\core\handlers\base.py", line 197, in _get_response
    response = wrapped_callback(request, *callback_args, **callback_kwargs)
  File "C:\Users\HP\OneDrive\Documents\essetech\hotelapp\Hotel-website-Django\.venv\Lib\site-packages\django\contrib\auth\decorators.py", line 60, in _view_wrapper
    return view_func(request, *args, **kwargs)
  File "C:\Users\HP\OneDrive\Documents\essetech\hotelapp\Hotel-website-Django\hotelapp\account\views.py", line 33, in wrapper
    return view_func(request, *args, **kwargs)
  File "C:\Users\HP\OneDrive\Documents\essetech\hotelapp\Hotel-website-Django\hotelapp\account\views.py", line 730, in user_management
    return render(request, "staff/dashboard/user_management.html", context)
  File "C:\Users\HP\OneDrive\Documents\essetech\hotelapp\Hotel-website-Django\.venv\Lib\site-packages\django\shortcuts.py", line 25, in render
    content = loader.render_to_string(template_name, context, request, using=using)
  File "C:\Users\HP\OneDrive\Documents\essetech\hotelapp\Hotel-website-Django\.venv\Lib\site-packages\django\template\loader.py", line 61, in render_to_string
    template = get_template(template_name, using=using)
  File "C:\Users\HP\OneDrive\Documents\essetech\hotelapp\Hotel-website-Django\.venv\Lib\site-packages\django\template\loader.py", line 15, in get_template
    return engine.get_template(template_name)
           ~~~~~~~~~~~~~~~~~~~^^^^^^^^^^^^^^^
  File "C:\Users\HP\OneDrive\Documents\essetech\hotelapp\Hotel-website-Django\.venv\Lib\site-packages\django\template\backends\django.py", line 79, in get_template
    return Template(self.engine.get_template(template_name), self)
                    ~~~~~~~~~~~~~~~~~~~~~~~~^^^^^^^^^^^^^^^
  File "C:\Users\HP\OneDrive\Documents\essetech\hotelapp\Hotel-website-Django\.venv\Lib\site-packages\django\template\engine.py", line 177, in get_template
    template, origin = self.find_template(template_name)
                       ~~~~~~~~~~~~~~~~~~^^^^^^^^^^^^^^^
  File "C:\Users\HP\OneDrive\Documents\essetech\hotelapp\Hotel-website-Django\.venv\Lib\site-packages\django\template\engine.py", line 159, in find_template
    template = loader.get_template(name, skip=skip)
  File "C:\Users\HP\OneDrive\Documents\essetech\hotelapp\Hotel-website-Django\.venv\Lib\site-packages\django\template\loaders\cached.py", line 57, in get_template
    template = super().get_template(template_name, skip)
  File "C:\Users\HP\OneDrive\Documents\essetech\hotelapp\Hotel-website-Django\.venv\Lib\site-packages\django\template\loaders\base.py", line 28, in get_template
    return Template(
        contents,
    ...<2 lines>...
        self.engine,
    )
  File "C:\Users\HP\OneDrive\Documents\essetech\hotelapp\Hotel-website-Django\.venv\Lib\site-packages\django\template\base.py", line 154, in __init__
    self.nodelist = self.compile_nodelist()
                    ~~~~~~~~~~~~~~~~~~~~~^^
  File "C:\Users\HP\OneDrive\Documents\essetech\hotelapp\Hotel-website-Django\.venv\Lib\site-packages\django\template\base.py", line 196, in compile_nodelist
    nodelist = parser.parse()
  File "C:\Users\HP\OneDrive\Documents\essetech\hotelapp\Hotel-website-Django\.venv\Lib\site-packages\django\template\base.py", line 518, in parse
    raise self.error(token, e)
  File "C:\Users\HP\OneDrive\Documents\essetech\hotelapp\Hotel-website-Django\.venv\Lib\site-packages\django\template\base.py", line 516, in parse
    compiled_result = compile_func(self, token)
  File "C:\Users\HP\OneDrive\Documents\essetech\hotelapp\Hotel-website-Django\.venv\Lib\site-packages\django\template\loader_tags.py", line 295, in do_extends
    nodelist = parser.parse()
  File "C:\Users\HP\OneDrive\Documents\essetech\hotelapp\Hotel-website-Django\.venv\Lib\site-packages\django\template\base.py", line 518, in parse
    raise self.error(token, e)
  File "C:\Users\HP\OneDrive\Documents\essetech\hotelapp\Hotel-website-Django\.venv\Lib\site-packages\django\template\base.py", line 516, in parse
    compiled_result = compile_func(self, token)
  File "C:\Users\HP\OneDrive\Documents\essetech\hotelapp\Hotel-website-Django\.venv\Lib\site-packages\django\template\loader_tags.py", line 234, in do_block
    nodelist = parser.parse(("endblock",))
  File "C:\Users\HP\OneDrive\Documents\essetech\hotelapp\Hotel-website-Django\.venv\Lib\site-packages\django\template\base.py", line 518, in parse
    raise self.error(token, e)
  File "C:\Users\HP\OneDrive\Documents\essetech\hotelapp\Hotel-website-Django\.venv\Lib\site-packages\django\template\base.py", line 516, in parse
    compiled_result = compile_func(self, token)
  File "C:\Users\HP\OneDrive\Documents\essetech\hotelapp\Hotel-website-Django\.venv\Lib\site-packages\django\template\defaulttags.py", line 862, in do_for
    nodelist_loop = parser.parse(
        (
    ...<2 lines>...
        )
    )
  File "C:\Users\HP\OneDrive\Documents\essetech\hotelapp\Hotel-website-Django\.venv\Lib\site-packages\django\template\base.py", line 512, in parse
    self.invalid_block_tag(token, command, parse_until)
    ~~~~~~~~~~~~~~~~~~~~~~^^^^^^^^^^^^^^^^^^^^^^^^^^^^^
  File "C:\Users\HP\OneDrive\Documents\essetech\hotelapp\Hotel-website-Django\.venv\Lib\site-packages\django\template\base.py", line 563, in invalid_block_tag
    raise self.error(
    ...<8 lines>...
    )
django.template.exceptions.TemplateSyntaxError: Invalid block tag on line 202: 'elif', expected 'empty' or 'endfor'. Did you forget to register or load this tag?
ERROR 2025-10-15 11:26:27,758 basehttp 26872 21008 "GET /staff/user-management HTTP/1.1" 500 313314
ERROR 2025-10-15 11:26:33,215 log 26872 28208 Internal Server Error: /staff/user-management
Traceback (most recent call last):
  File "C:\Users\HP\OneDrive\Documents\essetech\hotelapp\Hotel-website-Django\.venv\Lib\site-packages\django\template\base.py", line 510, in parse
    compile_func = self.tags[command]
                   ~~~~~~~~~^^^^^^^^^
KeyError: 'elif'

During handling of the above exception, another exception occurred:

Traceback (most recent call last):
  File "C:\Users\HP\OneDrive\Documents\essetech\hotelapp\Hotel-website-Django\.venv\Lib\site-packages\django\core\handlers\exception.py", line 55, in inner
    response = get_response(request)
  File "C:\Users\HP\OneDrive\Documents\essetech\hotelapp\Hotel-website-Django\.venv\Lib\site-packages\django\core\handlers\base.py", line 197, in _get_response
    response = wrapped_callback(request, *callback_args, **callback_kwargs)
  File "C:\Users\HP\OneDrive\Documents\essetech\hotelapp\Hotel-website-Django\.venv\Lib\site-packages\django\contrib\auth\decorators.py", line 60, in _view_wrapper
    return view_func(request, *args, **kwargs)
  File "C:\Users\HP\OneDrive\Documents\essetech\hotelapp\Hotel-website-Django\hotelapp\account\views.py", line 33, in wrapper
    return view_func(request, *args, **kwargs)
  File "C:\Users\HP\OneDrive\Documents\essetech\hotelapp\Hotel-website-Django\hotelapp\account\views.py", line 730, in user_management
    return render(request, "staff/dashboard/user_management.html", context)
  File "C:\Users\HP\OneDrive\Documents\essetech\hotelapp\Hotel-website-Django\.venv\Lib\site-packages\django\shortcuts.py", line 25, in render
    content = loader.render_to_string(template_name, context, request, using=using)
  File "C:\Users\HP\OneDrive\Documents\essetech\hotelapp\Hotel-website-Django\.venv\Lib\site-packages\django\template\loader.py", line 61, in render_to_string
    template = get_template(template_name, using=using)
  File "C:\Users\HP\OneDrive\Documents\essetech\hotelapp\Hotel-website-Django\.venv\Lib\site-packages\django\template\loader.py", line 15, in get_template
    return engine.get_template(template_name)
           ~~~~~~~~~~~~~~~~~~~^^^^^^^^^^^^^^^
  File "C:\Users\HP\OneDrive\Documents\essetech\hotelapp\Hotel-website-Django\.venv\Lib\site-packages\django\template\backends\django.py", line 79, in get_template
    return Template(self.engine.get_template(template_name), self)
                    ~~~~~~~~~~~~~~~~~~~~~~~~^^^^^^^^^^^^^^^
  File "C:\Users\HP\OneDrive\Documents\essetech\hotelapp\Hotel-website-Django\.venv\Lib\site-packages\django\template\engine.py", line 177, in get_template
    template, origin = self.find_template(template_name)
                       ~~~~~~~~~~~~~~~~~~^^^^^^^^^^^^^^^
  File "C:\Users\HP\OneDrive\Documents\essetech\hotelapp\Hotel-website-Django\.venv\Lib\site-packages\django\template\engine.py", line 159, in find_template
    template = loader.get_template(name, skip=skip)
  File "C:\Users\HP\OneDrive\Documents\essetech\hotelapp\Hotel-website-Django\.venv\Lib\site-packages\django\template\loaders\cached.py", line 57, in get_template
    template = super().get_template(template_name, skip)
  File "C:\Users\HP\OneDrive\Documents\essetech\hotelapp\Hotel-website-Django\.venv\Lib\site-packages\django\template\loaders\base.py", line 28, in get_template
    return Template(
        contents,
    ...<2 lines>...
        self.engine,
    )
  File "C:\Users\HP\OneDrive\Documents\essetech\hotelapp\Hotel-website-Django\.venv\Lib\site-packages\django\template\base.py", line 154, in __init__
    self.nodelist = self.compile_nodelist()
                    ~~~~~~~~~~~~~~~~~~~~~^^
  File "C:\Users\HP\OneDrive\Documents\essetech\hotelapp\Hotel-website-Django\.venv\Lib\site-packages\django\template\base.py", line 196, in compile_nodelist
    nodelist = parser.parse()
  File "C:\Users\HP\OneDrive\Documents\essetech\hotelapp\Hotel-website-Django\.venv\Lib\site-packages\django\template\base.py", line 518, in parse
    raise self.error(token, e)
  File "C:\Users\HP\OneDrive\Documents\essetech\hotelapp\Hotel-website-Django\.venv\Lib\site-packages\django\template\base.py", line 516, in parse
    compiled_result = compile_func(self, token)
  File "C:\Users\HP\OneDrive\Documents\essetech\hotelapp\Hotel-website-Django\.venv\Lib\site-packages\django\template\loader_tags.py", line 295, in do_extends
    nodelist = parser.parse()
  File "C:\Users\HP\OneDrive\Documents\essetech\hotelapp\Hotel-website-Django\.venv\Lib\site-packages\django\template\base.py", line 518, in parse
    raise self.error(token, e)
  File "C:\Users\HP\OneDrive\Documents\essetech\hotelapp\Hotel-website-Django\.venv\Lib\site-packages\django\template\base.py", line 516, in parse
    compiled_result = compile_func(self, token)
  File "C:\Users\HP\OneDrive\Documents\essetech\hotelapp\Hotel-website-Django\.venv\Lib\site-packages\django\template\loader_tags.py", line 234, in do_block
    nodelist = parser.parse(("endblock",))
  File "C:\Users\HP\OneDrive\Documents\essetech\hotelapp\Hotel-website-Django\.venv\Lib\site-packages\django\template\base.py", line 518, in parse
    raise self.error(token, e)
  File "C:\Users\HP\OneDrive\Documents\essetech\hotelapp\Hotel-website-Django\.venv\Lib\site-packages\django\template\base.py", line 516, in parse
    compiled_result = compile_func(self, token)
  File "C:\Users\HP\OneDrive\Documents\essetech\hotelapp\Hotel-website-Django\.venv\Lib\site-packages\django\template\defaulttags.py", line 862, in do_for
    nodelist_loop = parser.parse(
        (
    ...<2 lines>...
        )
    )
  File "C:\Users\HP\OneDrive\Documents\essetech\hotelapp\Hotel-website-Django\.venv\Lib\site-packages\django\template\base.py", line 512, in parse
    self.invalid_block_tag(token, command, parse_until)
    ~~~~~~~~~~~~~~~~~~~~~~^^^^^^^^^^^^^^^^^^^^^^^^^^^^^
  File "C:\Users\HP\OneDrive\Documents\essetech\hotelapp\Hotel-website-Django\.venv\Lib\site-packages\django\template\base.py", line 563, in invalid_block_tag
    raise self.error(
    ...<8 lines>...
    )
django.template.exceptions.TemplateSyntaxError: Invalid block tag on line 202: 'elif', expected 'empty' or 'endfor'. Did you forget to register or load this tag?
ERROR 2025-10-15 11:26:33,225 basehttp 26872 28208 "GET /staff/user-management HTTP/1.1" 500 313445
INFO 2025-10-15 11:26:45,992 basehttp 26872 10012 "GET /staff/user-management HTTP/1.1" 200 66519
INFO 2025-10-15 11:26:46,037 basehttp 26872 10012 "GET /static/css/dist/styles.css?v=1760570805 HTTP/1.1" 200 111020
WARNING 2025-10-15 11:26:46,058 basehttp 26872 8104 "GET /static/images/default.png HTTP/1.1" 404 1868
INFO 2025-10-15 11:27:56,485 basehttp 26872 18292 "GET /staff/user-management/3/ HTTP/1.1" 200 21380
WARNING 2025-10-15 11:27:56,562 basehttp 26872 24088 "GET /static/images/default.png HTTP/1.1" 404 1868
INFO 2025-10-15 11:27:56,563 basehttp 26872 18292 "GET /static/css/dist/styles.css?v=1760570876 HTTP/1.1" 200 111020
ERROR 2025-10-15 11:27:58,318 log 26872 10828 Internal Server Error: /staff/user-management/3/edit/
Traceback (most recent call last):
  File "C:\Users\HP\OneDrive\Documents\essetech\hotelapp\Hotel-website-Django\.venv\Lib\site-packages\django\core\handlers\exception.py", line 55, in inner
    response = get_response(request)
  File "C:\Users\HP\OneDrive\Documents\essetech\hotelapp\Hotel-website-Django\.venv\Lib\site-packages\django\core\handlers\base.py", line 197, in _get_response
    response = wrapped_callback(request, *callback_args, **callback_kwargs)
  File "C:\Users\HP\OneDrive\Documents\essetech\hotelapp\Hotel-website-Django\.venv\Lib\site-packages\django\contrib\auth\decorators.py", line 60, in _view_wrapper
    return view_func(request, *args, **kwargs)
  File "C:\Users\HP\OneDrive\Documents\essetech\hotelapp\Hotel-website-Django\hotelapp\account\views.py", line 33, in wrapper
    return view_func(request, *args, **kwargs)
  File "C:\Users\HP\OneDrive\Documents\essetech\hotelapp\Hotel-website-Django\hotelapp\account\views.py", line 795, in edit_user
    return render(request, "staff/dashboard/edit_user.html", context)
  File "C:\Users\HP\OneDrive\Documents\essetech\hotelapp\Hotel-website-Django\.venv\Lib\site-packages\django\shortcuts.py", line 25, in render
    content = loader.render_to_string(template_name, context, request, using=using)
  File "C:\Users\HP\OneDrive\Documents\essetech\hotelapp\Hotel-website-Django\.venv\Lib\site-packages\django\template\loader.py", line 61, in render_to_string
    template = get_template(template_name, using=using)
  File "C:\Users\HP\OneDrive\Documents\essetech\hotelapp\Hotel-website-Django\.venv\Lib\site-packages\django\template\loader.py", line 19, in get_template
    raise TemplateDoesNotExist(template_name, chain=chain)
django.template.exceptions.TemplateDoesNotExist: staff/dashboard/edit_user.html
ERROR 2025-10-15 11:27:58,321 basehttp 26872 10828 "GET /staff/user-management/3/edit/ HTTP/1.1" 500 105414
INFO 2025-10-15 11:30:10,342 basehttp 26872 27792 "GET /staff/user-management/3/ HTTP/1.1" 200 21383
INFO 2025-10-15 11:30:10,406 basehttp 26872 27792 "GET /static/css/dist/styles.css?v=1760571010 HTTP/1.1" 200 111020
WARNING 2025-10-15 11:30:10,425 basehttp 26872 27792 "GET /static/images/default.png HTTP/1.1" 404 1868
INFO 2025-10-15 11:30:14,691 basehttp 26872 26064 "GET /staff/user-management/3/ HTTP/1.1" 200 21384
INFO 2025-10-15 11:30:14,766 basehttp 26872 26064 "GET /static/css/dist/styles.css?v=1760571014 HTTP/1.1" 200 111020
WARNING 2025-10-15 11:30:14,788 basehttp 26872 26064 "GET /static/images/default.png HTTP/1.1" 404 1868
INFO 2025-10-15 11:30:15,831 basehttp 26872 2332 "GET /staff/user-management/3/ HTTP/1.1" 200 21385
INFO 2025-10-15 11:30:15,873 basehttp 26872 2332 "GET /static/css/dist/styles.css?v=1760571015 HTTP/1.1" 200 111020
WARNING 2025-10-15 11:30:15,896 basehttp 26872 22520 "GET /static/images/default.png HTTP/1.1" 404 1868
INFO 2025-10-15 11:30:18,064 basehttp 26872 10756 "GET /staff/user-management/3/ HTTP/1.1" 200 21390
INFO 2025-10-15 11:30:18,143 basehttp 26872 10756 "GET /static/css/dist/styles.css?v=1760571018 HTTP/1.1" 200 111020
WARNING 2025-10-15 11:30:18,144 basehttp 26872 3056 "GET /static/images/default.png HTTP/1.1" 404 1868
INFO 2025-10-15 11:30:19,022 basehttp 26872 16192 "GET /staff/user-management/3/ HTTP/1.1" 200 21394
WARNING 2025-10-15 11:30:19,060 basehttp 26872 15244 "GET /static/images/default.png HTTP/1.1" 404 1868
INFO 2025-10-15 11:30:19,061 basehttp 26872 16192 "GET /static/css/dist/styles.css?v=1760571019 HTTP/1.1" 200 111020
INFO 2025-10-15 11:30:24,498 basehttp 26872 11484 "GET /staff/user-management/3/ HTTP/1.1" 200 21400
WARNING 2025-10-15 11:30:24,581 basehttp 26872 25396 "GET /static/images/default.png HTTP/1.1" 404 1868
INFO 2025-10-15 11:30:24,583 basehttp 26872 11484 "GET /static/css/dist/styles.css?v=1760571024 HTTP/1.1" 200 111020
INFO 2025-10-15 11:30:28,821 basehttp 26872 5944 "GET /staff/user-management/3/ HTTP/1.1" 200 21405
INFO 2025-10-15 11:30:28,855 basehttp 26872 5944 "GET /static/css/dist/styles.css?v=1760571028 HTTP/1.1" 200 111020
WARNING 2025-10-15 11:30:28,865 basehttp 26872 27076 "GET /static/images/default.png HTTP/1.1" 404 1868
INFO 2025-10-15 11:30:31,000 basehttp 26872 24064 "GET /staff/user-management/3/ HTTP/1.1" 200 21407
INFO 2025-10-15 11:30:31,042 basehttp 26872 24064 "GET /static/css/dist/styles.css?v=1760571030 HTTP/1.1" 200 111020
WARNING 2025-10-15 11:30:31,061 basehttp 26872 12440 "GET /static/images/default.png HTTP/1.1" 404 1868
INFO 2025-10-15 11:30:32,050 basehttp 26872 3900 "GET /staff/user-management/3/ HTTP/1.1" 200 26316
INFO 2025-10-15 11:30:32,078 basehttp 26872 3900 "GET /static/css/dist/styles.css?v=1760571032 HTTP/1.1" 200 111020
WARNING 2025-10-15 11:30:32,089 basehttp 26872 8628 "GET /static/images/default.png HTTP/1.1" 404 1868
INFO 2025-10-15 11:30:33,104 basehttp 26872 12864 "GET /staff/user-management/3/ HTTP/1.1" 200 26316
WARNING 2025-10-15 11:30:33,143 basehttp 26872 14556 "GET /static/images/default.png HTTP/1.1" 404 1868
INFO 2025-10-15 11:30:33,144 basehttp 26872 12864 "GET /static/css/dist/styles.css?v=1760571033 HTTP/1.1" 200 112084
INFO 2025-10-15 11:30:54,669 basehttp 26872 25872 "GET /staff/user-management/3/ HTTP/1.1" 200 26321
INFO 2025-10-15 11:30:54,710 basehttp 26872 25872 "GET /static/css/dist/styles.css?v=1760571054 HTTP/1.1" 200 112084
WARNING 2025-10-15 11:30:54,727 basehttp 26872 26024 "GET /static/images/default.png HTTP/1.1" 404 1868
INFO 2025-10-15 11:31:21,390 basehttp 26872 8604 "GET /staff/user-management/3/ HTTP/1.1" 200 26293
INFO 2025-10-15 11:31:21,420 basehttp 26872 8604 "GET /static/css/dist/styles.css?v=1760571081 HTTP/1.1" 200 112084
WARNING 2025-10-15 11:31:21,430 basehttp 26872 12272 "GET /static/images/default.png HTTP/1.1" 404 1868
INFO 2025-10-15 11:31:23,632 basehttp 26872 25756 "GET /staff/user-management/3/ HTTP/1.1" 200 26295
INFO 2025-10-15 11:31:23,728 basehttp 26872 25756 "GET /static/css/dist/styles.css?v=1760571083 HTTP/1.1" 200 112084
WARNING 2025-10-15 11:31:23,737 basehttp 26872 17596 "GET /static/images/default.png HTTP/1.1" 404 1868
INFO 2025-10-15 11:31:28,837 basehttp 26872 28020 "GET /staff/user-management/3/ HTTP/1.1" 200 26307
WARNING 2025-10-15 11:31:28,885 basehttp 26872 24572 "GET /static/images/default.png HTTP/1.1" 404 1868
INFO 2025-10-15 11:31:28,887 basehttp 26872 28020 "GET /static/css/dist/styles.css?v=1760571088 HTTP/1.1" 200 112084
INFO 2025-10-15 11:31:30,910 basehttp 26872 1900 "GET /staff/user-management/3/ HTTP/1.1" 200 26348
INFO 2025-10-15 11:31:30,940 basehttp 26872 1900 "GET /static/css/dist/styles.css?v=1760571090 HTTP/1.1" 200 112084
WARNING 2025-10-15 11:31:30,950 basehttp 26872 13928 "GET /static/images/default.png HTTP/1.1" 404 1868
INFO 2025-10-15 11:31:31,957 basehttp 26872 18784 "GET /staff/user-management/3/ HTTP/1.1" 200 26409
INFO 2025-10-15 11:31:31,993 basehttp 26872 18784 "GET /static/css/dist/styles.css?v=1760571091 HTTP/1.1" 200 112084
WARNING 2025-10-15 11:31:32,010 basehttp 26872 7724 "GET /static/images/default.png HTTP/1.1" 404 1868
INFO 2025-10-15 11:31:40,613 basehttp 26872 4428 "GET /staff/user-management/3/ HTTP/1.1" 200 26414
WARNING 2025-10-15 11:31:40,657 basehttp 26872 8744 "GET /static/images/default.png HTTP/1.1" 404 1868
INFO 2025-10-15 11:31:40,659 basehttp 26872 4428 "GET /static/css/dist/styles.css?v=1760571100 HTTP/1.1" 200 112084
INFO 2025-10-15 11:31:51,219 basehttp 26872 12036 "GET /staff/user-management/3/ HTTP/1.1" 200 26419
WARNING 2025-10-15 11:31:51,251 basehttp 26872 3988 "GET /static/images/default.png HTTP/1.1" 404 1868
INFO 2025-10-15 11:31:51,252 basehttp 26872 12036 "GET /static/css/dist/styles.css?v=1760571111 HTTP/1.1" 200 112084
INFO 2025-10-15 11:32:05,252 basehttp 26872 10828 "GET /staff/user-management/3/ HTTP/1.1" 200 26424
WARNING 2025-10-15 11:32:05,308 basehttp 26872 12440 "GET /static/images/default.png HTTP/1.1" 404 1868
INFO 2025-10-15 11:32:05,310 basehttp 26872 10828 "GET /static/css/dist/styles.css?v=1760571125 HTTP/1.1" 200 112084
INFO 2025-10-15 11:32:08,224 basehttp 26872 14556 "GET /staff/user-management/3/ HTTP/1.1" 200 26424
WARNING 2025-10-15 11:32:08,316 basehttp 26872 19208 "GET /static/images/default.png HTTP/1.1" 404 1868
INFO 2025-10-15 11:32:08,317 basehttp 26872 14556 "GET /static/css/dist/styles.css?v=1760571128 HTTP/1.1" 200 112084
INFO 2025-10-15 11:32:24,755 basehttp 26872 9228 "GET /staff/user-management/3/ HTTP/1.1" 200 26437
WARNING 2025-10-15 11:32:24,857 basehttp 26872 1768 "GET /static/images/default.png HTTP/1.1" 404 1868
INFO 2025-10-15 11:32:24,859 basehttp 26872 9228 "GET /static/css/dist/styles.css?v=1760571144 HTTP/1.1" 200 112084
INFO 2025-10-15 11:32:30,119 basehttp 26872 26692 "GET /staff/user-management/3/ HTTP/1.1" 200 26455
INFO 2025-10-15 11:32:30,162 basehttp 26872 26692 "GET /static/css/dist/styles.css?v=1760571150 HTTP/1.1" 200 112084
WARNING 2025-10-15 11:32:30,174 basehttp 26872 12296 "GET /static/images/default.png HTTP/1.1" 404 1868
INFO 2025-10-15 11:32:32,251 basehttp 26872 9892 "GET /staff/user-management/3/ HTTP/1.1" 200 26461
INFO 2025-10-15 11:32:32,313 basehttp 26872 9892 "GET /static/css/dist/styles.css?v=1760571152 HTTP/1.1" 200 112084
WARNING 2025-10-15 11:32:32,313 basehttp 26872 24908 "GET /static/images/default.png HTTP/1.1" 404 1868
INFO 2025-10-15 11:32:35,083 basehttp 26872 18480 "GET /staff/user-management/3/ HTTP/1.1" 200 26461
WARNING 2025-10-15 11:32:35,134 basehttp 26872 18020 "GET /static/images/default.png HTTP/1.1" 404 1868
INFO 2025-10-15 11:32:35,135 basehttp 26872 18480 "GET /static/css/dist/styles.css?v=1760571155 HTTP/1.1" 200 112084
INFO 2025-10-15 12:05:43,854 basehttp 26872 19208 "GET /staff/user-management/3/ HTTP/1.1" 302 0
INFO 2025-10-15 12:05:43,906 basehttp 26872 19208 "GET /login/?next=/staff/user-management/3/ HTTP/1.1" 200 12104
INFO 2025-10-15 12:05:44,000 basehttp 26872 19208 "GET /static/css/dist/styles.css?v=1760573143 HTTP/1.1" 200 112084
INFO 2025-10-15 12:05:47,038 basehttp 26872 9008 "GET /login/?next=/staff/user-management/3/ HTTP/1.1" 200 11875
INFO 2025-10-15 12:05:47,075 basehttp 26872 9008 "GET /static/css/dist/styles.css?v=1760573147 HTTP/1.1" 200 112084
INFO 2025-10-15 12:05:49,175 basehttp 26872 27032 "GET /login/?next=/staff/user-management/3/ HTTP/1.1" 200 11875
INFO 2025-10-15 12:05:49,217 basehttp 26872 27032 "GET /static/css/dist/styles.css?v=1760573149 HTTP/1.1" 200 112084
INFO 2025-10-15 12:05:54,549 basehttp 26872 13592 "GET /login/?next=/staff/user-management/3/ HTTP/1.1" 200 11875
INFO 2025-10-15 12:05:54,583 basehttp 26872 13592 "GET /static/css/dist/styles.css?v=1760573154 HTTP/1.1" 200 112084
INFO 2025-10-15 12:06:24,322 autoreload 26872 18820 C:\Users\HP\OneDrive\Documents\essetech\hotelapp\Hotel-website-Django\hotelapp\account\views.py changed, reloading.
INFO 2025-10-15 12:06:26,164 autoreload 21664 13800 Watching for file changes with StatReloader
INFO 2025-10-15 12:06:27,087 basehttp 21664 25736 "GET /login/?next=/staff/user-management/3/ HTTP/1.1" 200 11875
INFO 2025-10-15 12:06:27,228 basehttp 21664 25736 "GET /static/css/dist/styles.css?v=1760573187 HTTP/1.1" 200 112084
INFO 2025-10-15 12:06:46,728 autoreload 21664 13800 C:\Users\HP\OneDrive\Documents\essetech\hotelapp\Hotel-website-Django\hotelapp\account\views.py changed, reloading.
INFO 2025-10-15 12:06:47,500 autoreload 15988 3452 Watching for file changes with StatReloader
INFO 2025-10-15 12:06:48,299 basehttp 15988 18868 "GET /login/?next=/staff/user-management/3/ HTTP/1.1" 200 11875
INFO 2025-10-15 12:06:48,398 basehttp 15988 18868 "GET /static/css/dist/styles.css?v=1760573208 HTTP/1.1" 200 112084
INFO 2025-10-15 12:07:27,588 basehttp 15988 11884 "POST /login/?next=/staff/user-management/3/ HTTP/1.1" 302 0
INFO 2025-10-15 12:07:27,652 basehttp 15988 11884 "GET /staff/dashboard HTTP/1.1" 200 44970
INFO 2025-10-15 12:07:27,720 basehttp 15988 11884 "GET /static/css/dist/styles.css?v=1760573247 HTTP/1.1" 200 112084
WARNING 2025-10-15 12:07:27,742 basehttp 15988 16700 "GET /static/images/default.png HTTP/1.1" 404 1868
INFO 2025-10-15 12:07:29,697 basehttp 15988 13424 "GET /staff/user-management HTTP/1.1" 200 66519
WARNING 2025-10-15 12:07:29,794 basehttp 15988 9472 "GET /static/images/default.png HTTP/1.1" 404 1868
INFO 2025-10-15 12:07:29,795 basehttp 15988 13424 "GET /static/css/dist/styles.css?v=1760573249 HTTP/1.1" 200 112084
ERROR 2025-10-15 12:07:35,414 log 15988 12188 Internal Server Error: /staff/user-management/2/edit/
Traceback (most recent call last):
  File "C:\Users\HP\OneDrive\Documents\essetech\hotelapp\Hotel-website-Django\.venv\Lib\site-packages\django\core\handlers\exception.py", line 55, in inner
    response = get_response(request)
  File "C:\Users\HP\OneDrive\Documents\essetech\hotelapp\Hotel-website-Django\.venv\Lib\site-packages\django\core\handlers\base.py", line 197, in _get_response
    response = wrapped_callback(request, *callback_args, **callback_kwargs)
  File "C:\Users\HP\OneDrive\Documents\essetech\hotelapp\Hotel-website-Django\.venv\Lib\site-packages\django\contrib\auth\decorators.py", line 60, in _view_wrapper
    return view_func(request, *args, **kwargs)
  File "C:\Users\HP\OneDrive\Documents\essetech\hotelapp\Hotel-website-Django\hotelapp\account\views.py", line 33, in wrapper
    return view_func(request, *args, **kwargs)
  File "C:\Users\HP\OneDrive\Documents\essetech\hotelapp\Hotel-website-Django\hotelapp\account\views.py", line 795, in edit_user
    return redirect('user_detail')
  File "C:\Users\HP\OneDrive\Documents\essetech\hotelapp\Hotel-website-Django\.venv\Lib\site-packages\django\shortcuts.py", line 49, in redirect
    return redirect_class(resolve_url(to, *args, **kwargs))
                          ~~~~~~~~~~~^^^^^^^^^^^^^^^^^^^^^
  File "C:\Users\HP\OneDrive\Documents\essetech\hotelapp\Hotel-website-Django\.venv\Lib\site-packages\django\shortcuts.py", line 180, in resolve_url
    return reverse(to, args=args, kwargs=kwargs)
  File "C:\Users\HP\OneDrive\Documents\essetech\hotelapp\Hotel-website-Django\.venv\Lib\site-packages\django\urls\base.py", line 88, in reverse
    return resolver._reverse_with_prefix(view, prefix, *args, **kwargs)
           ~~~~~~~~~~~~~~~~~~~~~~~~~~~~~^^^^^^^^^^^^^^^^^^^^^^^^^^^^^^^
  File "C:\Users\HP\OneDrive\Documents\essetech\hotelapp\Hotel-website-Django\.venv\Lib\site-packages\django\urls\resolvers.py", line 831, in _reverse_with_prefix
    raise NoReverseMatch(msg)
django.urls.exceptions.NoReverseMatch: Reverse for 'user_detail' with no arguments not found. 1 pattern(s) tried: ['staff/user\\-management/(?P<user_id>[0-9]+)/\\Z']
ERROR 2025-10-15 12:07:35,421 basehttp 15988 12188 "GET /staff/user-management/2/edit/ HTTP/1.1" 500 107268
INFO 2025-10-15 12:07:51,030 basehttp 15988 12556 "GET /staff/user-management/3/ HTTP/1.1" 200 26485
INFO 2025-10-15 12:07:51,094 basehttp 15988 12556 "GET /static/css/dist/styles.css?v=1760573271 HTTP/1.1" 200 112084
WARNING 2025-10-15 12:07:51,106 basehttp 15988 19868 "GET /static/images/default.png HTTP/1.1" 404 1868
INFO 2025-10-15 12:08:46,830 basehttp 15988 1536 "GET /staff/user-management HTTP/1.1" 200 66519
INFO 2025-10-15 12:08:46,907 basehttp 15988 1536 "GET /static/css/dist/styles.css?v=1760573326 HTTP/1.1" 200 112084
WARNING 2025-10-15 12:08:46,908 basehttp 15988 9008 "GET /static/images/default.png HTTP/1.1" 404 1868
INFO 2025-10-15 12:08:50,519 basehttp 15988 22004 "GET /staff/user-management/1/ HTTP/1.1" 200 28461
WARNING 2025-10-15 12:08:50,595 basehttp 15988 15364 "GET /static/images/default.png HTTP/1.1" 404 1868
INFO 2025-10-15 12:08:50,598 basehttp 15988 22004 "GET /static/css/dist/styles.css?v=1760573330 HTTP/1.1" 200 112084
INFO 2025-10-15 12:08:54,609 basehttp 15988 3084 "GET /staff/user-management HTTP/1.1" 200 66519
WARNING 2025-10-15 12:08:54,675 basehttp 15988 7724 "GET /static/images/default.png HTTP/1.1" 404 1868
INFO 2025-10-15 12:08:54,678 basehttp 15988 3084 "GET /static/css/dist/styles.css?v=1760573334 HTTP/1.1" 200 112084
INFO 2025-10-15 12:09:02,145 basehttp 15988 21112 "GET /staff/user-management/2/ HTTP/1.1" 200 26476
WARNING 2025-10-15 12:09:02,208 basehttp 15988 27692 "GET /static/images/default.png HTTP/1.1" 404 1868
INFO 2025-10-15 12:09:02,212 basehttp 15988 21112 "GET /static/css/dist/styles.css?v=1760573342 HTTP/1.1" 200 112084
INFO 2025-10-15 12:09:06,600 basehttp 15988 19364 "GET /staff/user-management HTTP/1.1" 200 66519
WARNING 2025-10-15 12:09:06,650 basehttp 15988 27668 "GET /static/images/default.png HTTP/1.1" 404 1868
INFO 2025-10-15 12:09:06,652 basehttp 15988 19364 "GET /static/css/dist/styles.css?v=1760573346 HTTP/1.1" 200 112084
INFO 2025-10-15 12:09:27,871 autoreload 15988 3452 C:\Users\HP\OneDrive\Documents\essetech\hotelapp\Hotel-website-Django\hotelapp\account\views.py changed, reloading.
INFO 2025-10-15 12:09:29,418 autoreload 10956 7908 Watching for file changes with StatReloader
INFO 2025-10-15 12:09:47,573 autoreload 10956 7908 C:\Users\HP\OneDrive\Documents\essetech\hotelapp\Hotel-website-Django\hotelapp\account\views.py changed, reloading.
INFO 2025-10-15 12:09:48,413 autoreload 8856 12672 Watching for file changes with StatReloader
INFO 2025-10-15 12:09:49,394 basehttp 8856 2556 "GET /staff/user-management HTTP/1.1" 200 66519
WARNING 2025-10-15 12:09:49,452 basehttp 8856 16112 "GET /static/images/default.png HTTP/1.1" 404 1868
INFO 2025-10-15 12:09:49,506 basehttp 8856 2556 "GET /static/css/dist/styles.css?v=1760573389 HTTP/1.1" 200 112084
INFO 2025-10-15 12:09:57,888 autoreload 8856 12672 C:\Users\HP\OneDrive\Documents\essetech\hotelapp\Hotel-website-Django\hotelapp\account\views.py changed, reloading.
INFO 2025-10-15 12:09:58,657 autoreload 22428 17716 Watching for file changes with StatReloader
INFO 2025-10-15 12:09:59,550 basehttp 22428 16664 "GET /staff/user-management HTTP/1.1" 200 66519
WARNING 2025-10-15 12:09:59,589 basehttp 22428 15964 "GET /static/images/default.png HTTP/1.1" 404 1868
INFO 2025-10-15 12:09:59,645 basehttp 22428 16664 "GET /static/css/dist/styles.css?v=1760573399 HTTP/1.1" 200 112084
INFO 2025-10-15 12:10:03,538 basehttp 22428 27956 "GET /staff/user-management/3/ HTTP/1.1" 200 26485
WARNING 2025-10-15 12:10:03,610 basehttp 22428 28568 "GET /static/images/default.png HTTP/1.1" 404 1868
INFO 2025-10-15 12:10:03,610 basehttp 22428 27956 "GET /static/css/dist/styles.css?v=1760573403 HTTP/1.1" 200 112084
INFO 2025-10-15 12:10:07,625 basehttp 22428 17684 "GET /staff/user-management HTTP/1.1" 200 66519
INFO 2025-10-15 12:10:07,676 basehttp 22428 17684 "GET /static/css/dist/styles.css?v=1760573407 HTTP/1.1" 200 112084
WARNING 2025-10-15 12:10:07,692 basehttp 22428 2184 "GET /static/images/default.png HTTP/1.1" 404 1868
ERROR 2025-10-15 12:10:09,757 log 22428 17112 Internal Server Error: /staff/user-management/3/edit/
Traceback (most recent call last):
  File "C:\Users\HP\OneDrive\Documents\essetech\hotelapp\Hotel-website-Django\.venv\Lib\site-packages\django\core\handlers\exception.py", line 55, in inner
    response = get_response(request)
  File "C:\Users\HP\OneDrive\Documents\essetech\hotelapp\Hotel-website-Django\.venv\Lib\site-packages\django\core\handlers\base.py", line 197, in _get_response
    response = wrapped_callback(request, *callback_args, **callback_kwargs)
  File "C:\Users\HP\OneDrive\Documents\essetech\hotelapp\Hotel-website-Django\.venv\Lib\site-packages\django\contrib\auth\decorators.py", line 60, in _view_wrapper
    return view_func(request, *args, **kwargs)
  File "C:\Users\HP\OneDrive\Documents\essetech\hotelapp\Hotel-website-Django\hotelapp\account\views.py", line 33, in wrapper
    return view_func(request, *args, **kwargs)
  File "C:\Users\HP\OneDrive\Documents\essetech\hotelapp\Hotel-website-Django\hotelapp\account\views.py", line 795, in edit_user
    return redirect('user_detail' + str(user.id))
  File "C:\Users\HP\OneDrive\Documents\essetech\hotelapp\Hotel-website-Django\.venv\Lib\site-packages\django\shortcuts.py", line 49, in redirect
    return redirect_class(resolve_url(to, *args, **kwargs))
                          ~~~~~~~~~~~^^^^^^^^^^^^^^^^^^^^^
  File "C:\Users\HP\OneDrive\Documents\essetech\hotelapp\Hotel-website-Django\.venv\Lib\site-packages\django\shortcuts.py", line 180, in resolve_url
    return reverse(to, args=args, kwargs=kwargs)
  File "C:\Users\HP\OneDrive\Documents\essetech\hotelapp\Hotel-website-Django\.venv\Lib\site-packages\django\urls\base.py", line 88, in reverse
    return resolver._reverse_with_prefix(view, prefix, *args, **kwargs)
           ~~~~~~~~~~~~~~~~~~~~~~~~~~~~~^^^^^^^^^^^^^^^^^^^^^^^^^^^^^^^
  File "C:\Users\HP\OneDrive\Documents\essetech\hotelapp\Hotel-website-Django\.venv\Lib\site-packages\django\urls\resolvers.py", line 831, in _reverse_with_prefix
    raise NoReverseMatch(msg)
django.urls.exceptions.NoReverseMatch: Reverse for 'user_detail3' not found. 'user_detail3' is not a valid view function or pattern name.
ERROR 2025-10-15 12:10:09,765 basehttp 22428 17112 "GET /staff/user-management/3/edit/ HTTP/1.1" 500 105434
INFO 2025-10-15 12:10:32,002 autoreload 22428 17716 C:\Users\HP\OneDrive\Documents\essetech\hotelapp\Hotel-website-Django\hotelapp\account\views.py changed, reloading.
INFO 2025-10-15 12:10:32,769 autoreload 10668 9260 Watching for file changes with StatReloader
INFO 2025-10-15 12:10:33,639 basehttp 10668 28568 "GET /staff/user-management HTTP/1.1" 200 66519
WARNING 2025-10-15 12:10:33,673 basehttp 10668 2184 "GET /static/images/default.png HTTP/1.1" 404 1868
INFO 2025-10-15 12:10:33,718 basehttp 10668 28568 "GET /static/css/dist/styles.css?v=1760573433 HTTP/1.1" 200 112084
INFO 2025-10-15 12:11:25,937 autoreload 10668 9260 C:\Users\HP\OneDrive\Documents\essetech\hotelapp\Hotel-website-Django\hotelapp\account\views.py changed, reloading.
INFO 2025-10-15 12:11:27,099 autoreload 16632 28272 Watching for file changes with StatReloader
INFO 2025-10-15 12:11:28,433 basehttp 16632 26416 "GET /staff/user-management HTTP/1.1" 200 66519
WARNING 2025-10-15 12:11:28,527 basehttp 16632 28400 "GET /static/images/default.png HTTP/1.1" 404 1868
INFO 2025-10-15 12:11:28,638 basehttp 16632 26416 "GET /static/css/dist/styles.css?v=1760573488 HTTP/1.1" 200 112084
INFO 2025-10-15 12:11:29,954 autoreload 16632 28272 C:\Users\HP\OneDrive\Documents\essetech\hotelapp\Hotel-website-Django\hotelapp\account\views.py changed, reloading.
INFO 2025-10-15 12:11:30,805 autoreload 28236 26096 Watching for file changes with StatReloader
INFO 2025-10-15 12:11:31,661 basehttp 28236 19712 "GET /staff/user-management HTTP/1.1" 200 66519
WARNING 2025-10-15 12:11:31,700 basehttp 28236 10876 "GET /static/images/default.png HTTP/1.1" 404 1868
INFO 2025-10-15 12:11:31,740 basehttp 28236 19712 "GET /static/css/dist/styles.css?v=1760573491 HTTP/1.1" 200 112084
INFO 2025-10-15 12:11:52,165 autoreload 28236 26096 C:\Users\HP\OneDrive\Documents\essetech\hotelapp\Hotel-website-Django\hotelapp\account\views.py changed, reloading.
INFO 2025-10-15 12:11:52,933 autoreload 12436 1576 Watching for file changes with StatReloader
INFO 2025-10-15 12:11:53,824 basehttp 12436 25588 "GET /staff/user-management HTTP/1.1" 200 66519
WARNING 2025-10-15 12:11:53,874 basehttp 12436 18812 "GET /static/images/default.png HTTP/1.1" 404 1868
INFO 2025-10-15 12:11:53,929 basehttp 12436 25588 "GET /static/css/dist/styles.css?v=1760573513 HTTP/1.1" 200 112084
INFO 2025-10-15 12:11:57,107 autoreload 12436 1576 C:\Users\HP\OneDrive\Documents\essetech\hotelapp\Hotel-website-Django\hotelapp\account\views.py changed, reloading.
INFO 2025-10-15 12:11:57,958 autoreload 18456 9260 Watching for file changes with StatReloader
INFO 2025-10-15 12:11:58,787 basehttp 18456 17252 "GET /staff/user-management HTTP/1.1" 200 66519
WARNING 2025-10-15 12:11:58,830 basehttp 18456 9664 "GET /static/images/default.png HTTP/1.1" 404 1868
INFO 2025-10-15 12:11:58,880 basehttp 18456 17252 "GET /static/css/dist/styles.css?v=1760573518 HTTP/1.1" 200 112084
INFO 2025-10-15 12:12:05,421 autoreload 18456 9260 C:\Users\HP\OneDrive\Documents\essetech\hotelapp\Hotel-website-Django\hotelapp\account\views.py changed, reloading.
INFO 2025-10-15 12:12:06,336 autoreload 13988 26108 Watching for file changes with StatReloader
INFO 2025-10-15 12:12:07,069 basehttp 13988 26196 "GET /staff/user-management HTTP/1.1" 200 66519
WARNING 2025-10-15 12:12:07,107 basehttp 13988 16192 "GET /static/images/default.png HTTP/1.1" 404 1868
INFO 2025-10-15 12:12:07,153 basehttp 13988 26196 "GET /static/css/dist/styles.css?v=1760573527 HTTP/1.1" 200 112084
INFO 2025-10-15 12:12:11,584 autoreload 13988 26108 C:\Users\HP\OneDrive\Documents\essetech\hotelapp\Hotel-website-Django\hotelapp\account\views.py changed, reloading.
INFO 2025-10-15 12:12:12,371 autoreload 164 28152 Watching for file changes with StatReloader
INFO 2025-10-15 12:12:13,258 basehttp 164 17768 "GET /staff/user-management HTTP/1.1" 200 66519
WARNING 2025-10-15 12:12:13,298 basehttp 164 28544 "GET /static/images/default.png HTTP/1.1" 404 1868
INFO 2025-10-15 12:12:13,347 basehttp 164 17768 "GET /static/css/dist/styles.css?v=1760573533 HTTP/1.1" 200 112084
INFO 2025-10-15 12:12:20,979 autoreload 164 28152 C:\Users\HP\OneDrive\Documents\essetech\hotelapp\Hotel-website-Django\hotelapp\account\views.py changed, reloading.
INFO 2025-10-15 12:12:21,949 autoreload 25796 19984 Watching for file changes with StatReloader
INFO 2025-10-15 12:13:02,834 autoreload 25796 19984 C:\Users\HP\OneDrive\Documents\essetech\hotelapp\Hotel-website-Django\hotelapp\account\urls.py changed, reloading.
INFO 2025-10-15 12:13:03,637 autoreload 15420 22252 Watching for file changes with StatReloader
ERROR 2025-10-15 12:13:04,656 log 15420 9828 Internal Server Error: /staff/user-management
Traceback (most recent call last):
  File "C:\Users\HP\OneDrive\Documents\essetech\hotelapp\Hotel-website-Django\.venv\Lib\site-packages\django\core\handlers\exception.py", line 55, in inner
    response = get_response(request)
  File "C:\Users\HP\OneDrive\Documents\essetech\hotelapp\Hotel-website-Django\.venv\Lib\site-packages\django\core\handlers\base.py", line 197, in _get_response
    response = wrapped_callback(request, *callback_args, **callback_kwargs)
  File "C:\Users\HP\OneDrive\Documents\essetech\hotelapp\Hotel-website-Django\.venv\Lib\site-packages\django\contrib\auth\decorators.py", line 60, in _view_wrapper
    return view_func(request, *args, **kwargs)
  File "C:\Users\HP\OneDrive\Documents\essetech\hotelapp\Hotel-website-Django\hotelapp\account\views.py", line 33, in wrapper
    return view_func(request, *args, **kwargs)
  File "C:\Users\HP\OneDrive\Documents\essetech\hotelapp\Hotel-website-Django\hotelapp\account\views.py", line 730, in user_management
    return render(request, "staff/dashboard/user_management.html", context)
  File "C:\Users\HP\OneDrive\Documents\essetech\hotelapp\Hotel-website-Django\.venv\Lib\site-packages\django\shortcuts.py", line 25, in render
    content = loader.render_to_string(template_name, context, request, using=using)
  File "C:\Users\HP\OneDrive\Documents\essetech\hotelapp\Hotel-website-Django\.venv\Lib\site-packages\django\template\loader.py", line 62, in render_to_string
    return template.render(context, request)
           ~~~~~~~~~~~~~~~^^^^^^^^^^^^^^^^^^
  File "C:\Users\HP\OneDrive\Documents\essetech\hotelapp\Hotel-website-Django\.venv\Lib\site-packages\django\template\backends\django.py", line 107, in render
    return self.template.render(context)
           ~~~~~~~~~~~~~~~~~~~~^^^^^^^^^
  File "C:\Users\HP\OneDrive\Documents\essetech\hotelapp\Hotel-website-Django\.venv\Lib\site-packages\django\template\base.py", line 171, in render
    return self._render(context)
           ~~~~~~~~~~~~^^^^^^^^^
  File "C:\Users\HP\OneDrive\Documents\essetech\hotelapp\Hotel-website-Django\.venv\Lib\site-packages\django\template\base.py", line 163, in _render
    return self.nodelist.render(context)
           ~~~~~~~~~~~~~~~~~~~~^^^^^^^^^
  File "C:\Users\HP\OneDrive\Documents\essetech\hotelapp\Hotel-website-Django\.venv\Lib\site-packages\django\template\base.py", line 1008, in render
    return SafeString("".join([node.render_annotated(context) for node in self]))
                               ~~~~~~~~~~~~~~~~~~~~~^^^^^^^^^
  File "C:\Users\HP\OneDrive\Documents\essetech\hotelapp\Hotel-website-Django\.venv\Lib\site-packages\django\template\base.py", line 969, in render_annotated
    return self.render(context)
           ~~~~~~~~~~~^^^^^^^^^
  File "C:\Users\HP\OneDrive\Documents\essetech\hotelapp\Hotel-website-Django\.venv\Lib\site-packages\django\template\loader_tags.py", line 159, in render
    return compiled_parent._render(context)
           ~~~~~~~~~~~~~~~~~~~~~~~^^^^^^^^^
  File "C:\Users\HP\OneDrive\Documents\essetech\hotelapp\Hotel-website-Django\.venv\Lib\site-packages\django\template\base.py", line 163, in _render
    return self.nodelist.render(context)
           ~~~~~~~~~~~~~~~~~~~~^^^^^^^^^
  File "C:\Users\HP\OneDrive\Documents\essetech\hotelapp\Hotel-website-Django\.venv\Lib\site-packages\django\template\base.py", line 1008, in render
    return SafeString("".join([node.render_annotated(context) for node in self]))
                               ~~~~~~~~~~~~~~~~~~~~~^^^^^^^^^
  File "C:\Users\HP\OneDrive\Documents\essetech\hotelapp\Hotel-website-Django\.venv\Lib\site-packages\django\template\base.py", line 969, in render_annotated
    return self.render(context)
           ~~~~~~~~~~~^^^^^^^^^
  File "C:\Users\HP\OneDrive\Documents\essetech\hotelapp\Hotel-website-Django\.venv\Lib\site-packages\django\template\loader_tags.py", line 65, in render
    result = block.nodelist.render(context)
  File "C:\Users\HP\OneDrive\Documents\essetech\hotelapp\Hotel-website-Django\.venv\Lib\site-packages\django\template\base.py", line 1008, in render
    return SafeString("".join([node.render_annotated(context) for node in self]))
                               ~~~~~~~~~~~~~~~~~~~~~^^^^^^^^^
  File "C:\Users\HP\OneDrive\Documents\essetech\hotelapp\Hotel-website-Django\.venv\Lib\site-packages\django\template\base.py", line 969, in render_annotated
    return self.render(context)
           ~~~~~~~~~~~^^^^^^^^^
  File "C:\Users\HP\OneDrive\Documents\essetech\hotelapp\Hotel-website-Django\.venv\Lib\site-packages\django\template\defaulttags.py", line 243, in render
    nodelist.append(node.render_annotated(context))
                    ~~~~~~~~~~~~~~~~~~~~~^^^^^^^^^
  File "C:\Users\HP\OneDrive\Documents\essetech\hotelapp\Hotel-website-Django\.venv\Lib\site-packages\django\template\base.py", line 969, in render_annotated
    return self.render(context)
           ~~~~~~~~~~~^^^^^^^^^
  File "C:\Users\HP\OneDrive\Documents\essetech\hotelapp\Hotel-website-Django\.venv\Lib\site-packages\django\template\defaulttags.py", line 480, in render
    url = reverse(view_name, args=args, kwargs=kwargs, current_app=current_app)
  File "C:\Users\HP\OneDrive\Documents\essetech\hotelapp\Hotel-website-Django\.venv\Lib\site-packages\django\urls\base.py", line 88, in reverse
    return resolver._reverse_with_prefix(view, prefix, *args, **kwargs)
           ~~~~~~~~~~~~~~~~~~~~~~~~~~~~~^^^^^^^^^^^^^^^^^^^^^^^^^^^^^^^
  File "C:\Users\HP\OneDrive\Documents\essetech\hotelapp\Hotel-website-Django\.venv\Lib\site-packages\django\urls\resolvers.py", line 831, in _reverse_with_prefix
    raise NoReverseMatch(msg)
django.urls.exceptions.NoReverseMatch: Reverse for 'edit_user' not found. 'edit_user' is not a valid view function or pattern name.
ERROR 2025-10-15 12:13:04,676 basehttp 15420 9828 "GET /staff/user-management HTTP/1.1" 500 206576
ERROR 2025-10-15 12:13:56,005 log 15420 23500 Internal Server Error: /staff/user-management
Traceback (most recent call last):
  File "C:\Users\HP\OneDrive\Documents\essetech\hotelapp\Hotel-website-Django\.venv\Lib\site-packages\django\core\handlers\exception.py", line 55, in inner
    response = get_response(request)
  File "C:\Users\HP\OneDrive\Documents\essetech\hotelapp\Hotel-website-Django\.venv\Lib\site-packages\django\core\handlers\base.py", line 197, in _get_response
    response = wrapped_callback(request, *callback_args, **callback_kwargs)
  File "C:\Users\HP\OneDrive\Documents\essetech\hotelapp\Hotel-website-Django\.venv\Lib\site-packages\django\contrib\auth\decorators.py", line 60, in _view_wrapper
    return view_func(request, *args, **kwargs)
  File "C:\Users\HP\OneDrive\Documents\essetech\hotelapp\Hotel-website-Django\hotelapp\account\views.py", line 33, in wrapper
    return view_func(request, *args, **kwargs)
  File "C:\Users\HP\OneDrive\Documents\essetech\hotelapp\Hotel-website-Django\hotelapp\account\views.py", line 730, in user_management
    return render(request, "staff/dashboard/user_management.html", context)
  File "C:\Users\HP\OneDrive\Documents\essetech\hotelapp\Hotel-website-Django\.venv\Lib\site-packages\django\shortcuts.py", line 25, in render
    content = loader.render_to_string(template_name, context, request, using=using)
  File "C:\Users\HP\OneDrive\Documents\essetech\hotelapp\Hotel-website-Django\.venv\Lib\site-packages\django\template\loader.py", line 62, in render_to_string
    return template.render(context, request)
           ~~~~~~~~~~~~~~~^^^^^^^^^^^^^^^^^^
  File "C:\Users\HP\OneDrive\Documents\essetech\hotelapp\Hotel-website-Django\.venv\Lib\site-packages\django\template\backends\django.py", line 107, in render
    return self.template.render(context)
           ~~~~~~~~~~~~~~~~~~~~^^^^^^^^^
  File "C:\Users\HP\OneDrive\Documents\essetech\hotelapp\Hotel-website-Django\.venv\Lib\site-packages\django\template\base.py", line 171, in render
    return self._render(context)
           ~~~~~~~~~~~~^^^^^^^^^
  File "C:\Users\HP\OneDrive\Documents\essetech\hotelapp\Hotel-website-Django\.venv\Lib\site-packages\django\template\base.py", line 163, in _render
    return self.nodelist.render(context)
           ~~~~~~~~~~~~~~~~~~~~^^^^^^^^^
  File "C:\Users\HP\OneDrive\Documents\essetech\hotelapp\Hotel-website-Django\.venv\Lib\site-packages\django\template\base.py", line 1008, in render
    return SafeString("".join([node.render_annotated(context) for node in self]))
                               ~~~~~~~~~~~~~~~~~~~~~^^^^^^^^^
  File "C:\Users\HP\OneDrive\Documents\essetech\hotelapp\Hotel-website-Django\.venv\Lib\site-packages\django\template\base.py", line 969, in render_annotated
    return self.render(context)
           ~~~~~~~~~~~^^^^^^^^^
  File "C:\Users\HP\OneDrive\Documents\essetech\hotelapp\Hotel-website-Django\.venv\Lib\site-packages\django\template\loader_tags.py", line 159, in render
    return compiled_parent._render(context)
           ~~~~~~~~~~~~~~~~~~~~~~~^^^^^^^^^
  File "C:\Users\HP\OneDrive\Documents\essetech\hotelapp\Hotel-website-Django\.venv\Lib\site-packages\django\template\base.py", line 163, in _render
    return self.nodelist.render(context)
           ~~~~~~~~~~~~~~~~~~~~^^^^^^^^^
  File "C:\Users\HP\OneDrive\Documents\essetech\hotelapp\Hotel-website-Django\.venv\Lib\site-packages\django\template\base.py", line 1008, in render
    return SafeString("".join([node.render_annotated(context) for node in self]))
                               ~~~~~~~~~~~~~~~~~~~~~^^^^^^^^^
  File "C:\Users\HP\OneDrive\Documents\essetech\hotelapp\Hotel-website-Django\.venv\Lib\site-packages\django\template\base.py", line 969, in render_annotated
    return self.render(context)
           ~~~~~~~~~~~^^^^^^^^^
  File "C:\Users\HP\OneDrive\Documents\essetech\hotelapp\Hotel-website-Django\.venv\Lib\site-packages\django\template\loader_tags.py", line 65, in render
    result = block.nodelist.render(context)
  File "C:\Users\HP\OneDrive\Documents\essetech\hotelapp\Hotel-website-Django\.venv\Lib\site-packages\django\template\base.py", line 1008, in render
    return SafeString("".join([node.render_annotated(context) for node in self]))
                               ~~~~~~~~~~~~~~~~~~~~~^^^^^^^^^
  File "C:\Users\HP\OneDrive\Documents\essetech\hotelapp\Hotel-website-Django\.venv\Lib\site-packages\django\template\base.py", line 969, in render_annotated
    return self.render(context)
           ~~~~~~~~~~~^^^^^^^^^
  File "C:\Users\HP\OneDrive\Documents\essetech\hotelapp\Hotel-website-Django\.venv\Lib\site-packages\django\template\defaulttags.py", line 243, in render
    nodelist.append(node.render_annotated(context))
                    ~~~~~~~~~~~~~~~~~~~~~^^^^^^^^^
  File "C:\Users\HP\OneDrive\Documents\essetech\hotelapp\Hotel-website-Django\.venv\Lib\site-packages\django\template\base.py", line 969, in render_annotated
    return self.render(context)
           ~~~~~~~~~~~^^^^^^^^^
  File "C:\Users\HP\OneDrive\Documents\essetech\hotelapp\Hotel-website-Django\.venv\Lib\site-packages\django\template\defaulttags.py", line 480, in render
    url = reverse(view_name, args=args, kwargs=kwargs, current_app=current_app)
  File "C:\Users\HP\OneDrive\Documents\essetech\hotelapp\Hotel-website-Django\.venv\Lib\site-packages\django\urls\base.py", line 88, in reverse
    return resolver._reverse_with_prefix(view, prefix, *args, **kwargs)
           ~~~~~~~~~~~~~~~~~~~~~~~~~~~~~^^^^^^^^^^^^^^^^^^^^^^^^^^^^^^^
  File "C:\Users\HP\OneDrive\Documents\essetech\hotelapp\Hotel-website-Django\.venv\Lib\site-packages\django\urls\resolvers.py", line 831, in _reverse_with_prefix
    raise NoReverseMatch(msg)
django.urls.exceptions.NoReverseMatch: Reverse for 'edit_user' not found. 'edit_user' is not a valid view function or pattern name.
ERROR 2025-10-15 12:13:56,015 basehttp 15420 23500 "GET /staff/user-management HTTP/1.1" 500 206576
INFO 2025-10-15 12:14:07,818 basehttp 15420 28212 "GET /staff/user-management HTTP/1.1" 200 66504
WARNING 2025-10-15 12:14:07,875 basehttp 15420 2912 "GET /static/images/default.png HTTP/1.1" 404 1868
INFO 2025-10-15 12:14:07,929 basehttp 15420 28212 "GET /static/css/dist/styles.css?v=1760573647 HTTP/1.1" 200 111984
INFO 2025-10-15 12:14:12,066 basehttp 15420 9552 "GET /staff/user-management/2/ HTTP/1.1" 200 26476
WARNING 2025-10-15 12:14:12,145 basehttp 15420 24524 "GET /static/images/default.png HTTP/1.1" 404 1868
INFO 2025-10-15 12:14:12,148 basehttp 15420 9552 "GET /static/css/dist/styles.css?v=1760573652 HTTP/1.1" 200 111984
INFO 2025-10-15 12:14:18,168 basehttp 15420 7448 "GET /staff/user-management HTTP/1.1" 200 66504
WARNING 2025-10-15 12:14:18,233 basehttp 15420 26240 "GET /static/images/default.png HTTP/1.1" 404 1868
INFO 2025-10-15 12:14:18,234 basehttp 15420 7448 "GET /static/css/dist/styles.css?v=1760573658 HTTP/1.1" 200 111984
ERROR 2025-10-15 12:14:32,453 log 15420 10132 Internal Server Error: /user-analytics/
Traceback (most recent call last):
  File "C:\Users\HP\OneDrive\Documents\essetech\hotelapp\Hotel-website-Django\.venv\Lib\site-packages\django\core\handlers\exception.py", line 55, in inner
    response = get_response(request)
  File "C:\Users\HP\OneDrive\Documents\essetech\hotelapp\Hotel-website-Django\.venv\Lib\site-packages\django\core\handlers\base.py", line 197, in _get_response
    response = wrapped_callback(request, *callback_args, **callback_kwargs)
  File "C:\Users\HP\OneDrive\Documents\essetech\hotelapp\Hotel-website-Django\.venv\Lib\site-packages\django\contrib\auth\decorators.py", line 60, in _view_wrapper
    return view_func(request, *args, **kwargs)
  File "C:\Users\HP\OneDrive\Documents\essetech\hotelapp\Hotel-website-Django\hotelapp\account\views.py", line 33, in wrapper
    return view_func(request, *args, **kwargs)
  File "C:\Users\HP\OneDrive\Documents\essetech\hotelapp\Hotel-website-Django\hotelapp\account\views.py", line 1066, in user_analytics
    return render(request, "staff/dashboard/user_analytics.html", context)
  File "C:\Users\HP\OneDrive\Documents\essetech\hotelapp\Hotel-website-Django\.venv\Lib\site-packages\django\shortcuts.py", line 25, in render
    content = loader.render_to_string(template_name, context, request, using=using)
  File "C:\Users\HP\OneDrive\Documents\essetech\hotelapp\Hotel-website-Django\.venv\Lib\site-packages\django\template\loader.py", line 61, in render_to_string
    template = get_template(template_name, using=using)
  File "C:\Users\HP\OneDrive\Documents\essetech\hotelapp\Hotel-website-Django\.venv\Lib\site-packages\django\template\loader.py", line 19, in get_template
    raise TemplateDoesNotExist(template_name, chain=chain)
django.template.exceptions.TemplateDoesNotExist: staff/dashboard/user_analytics.html
ERROR 2025-10-15 12:14:32,459 basehttp 15420 10132 "GET /user-analytics/ HTTP/1.1" 500 107102
INFO 2025-10-15 12:15:07,799 basehttp 15420 10132 "GET /user-analytics/ HTTP/1.1" 200 0
INFO 2025-10-15 12:17:32,122 basehttp 15420 28240 "GET /staff/user-management HTTP/1.1" 200 66504
INFO 2025-10-15 12:17:32,186 basehttp 15420 28240 "GET /static/css/dist/styles.css?v=1760573852 HTTP/1.1" 200 112125
WARNING 2025-10-15 12:17:32,244 basehttp 15420 28240 "GET /static/images/default.png HTTP/1.1" 404 1868
ERROR 2025-10-15 12:17:35,321 log 15420 9828 Internal Server Error: /user-analytics/
Traceback (most recent call last):
  File "C:\Users\HP\OneDrive\Documents\essetech\hotelapp\Hotel-website-Django\.venv\Lib\site-packages\django\core\handlers\exception.py", line 55, in inner
    response = get_response(request)
  File "C:\Users\HP\OneDrive\Documents\essetech\hotelapp\Hotel-website-Django\.venv\Lib\site-packages\django\core\handlers\base.py", line 197, in _get_response
    response = wrapped_callback(request, *callback_args, **callback_kwargs)
  File "C:\Users\HP\OneDrive\Documents\essetech\hotelapp\Hotel-website-Django\.venv\Lib\site-packages\django\contrib\auth\decorators.py", line 60, in _view_wrapper
    return view_func(request, *args, **kwargs)
  File "C:\Users\HP\OneDrive\Documents\essetech\hotelapp\Hotel-website-Django\hotelapp\account\views.py", line 33, in wrapper
    return view_func(request, *args, **kwargs)
  File "C:\Users\HP\OneDrive\Documents\essetech\hotelapp\Hotel-website-Django\hotelapp\account\views.py", line 1066, in user_analytics
    return render(request, "staff/dashboard/user_analytics.html", context)
  File "C:\Users\HP\OneDrive\Documents\essetech\hotelapp\Hotel-website-Django\.venv\Lib\site-packages\django\shortcuts.py", line 25, in render
    content = loader.render_to_string(template_name, context, request, using=using)
  File "C:\Users\HP\OneDrive\Documents\essetech\hotelapp\Hotel-website-Django\.venv\Lib\site-packages\django\template\loader.py", line 61, in render_to_string
    template = get_template(template_name, using=using)
  File "C:\Users\HP\OneDrive\Documents\essetech\hotelapp\Hotel-website-Django\.venv\Lib\site-packages\django\template\loader.py", line 15, in get_template
    return engine.get_template(template_name)
           ~~~~~~~~~~~~~~~~~~~^^^^^^^^^^^^^^^
  File "C:\Users\HP\OneDrive\Documents\essetech\hotelapp\Hotel-website-Django\.venv\Lib\site-packages\django\template\backends\django.py", line 79, in get_template
    return Template(self.engine.get_template(template_name), self)
                    ~~~~~~~~~~~~~~~~~~~~~~~~^^^^^^^^^^^^^^^
  File "C:\Users\HP\OneDrive\Documents\essetech\hotelapp\Hotel-website-Django\.venv\Lib\site-packages\django\template\engine.py", line 177, in get_template
    template, origin = self.find_template(template_name)
                       ~~~~~~~~~~~~~~~~~~^^^^^^^^^^^^^^^
  File "C:\Users\HP\OneDrive\Documents\essetech\hotelapp\Hotel-website-Django\.venv\Lib\site-packages\django\template\engine.py", line 159, in find_template
    template = loader.get_template(name, skip=skip)
  File "C:\Users\HP\OneDrive\Documents\essetech\hotelapp\Hotel-website-Django\.venv\Lib\site-packages\django\template\loaders\cached.py", line 57, in get_template
    template = super().get_template(template_name, skip)
  File "C:\Users\HP\OneDrive\Documents\essetech\hotelapp\Hotel-website-Django\.venv\Lib\site-packages\django\template\loaders\base.py", line 28, in get_template
    return Template(
        contents,
    ...<2 lines>...
        self.engine,
    )
  File "C:\Users\HP\OneDrive\Documents\essetech\hotelapp\Hotel-website-Django\.venv\Lib\site-packages\django\template\base.py", line 154, in __init__
    self.nodelist = self.compile_nodelist()
                    ~~~~~~~~~~~~~~~~~~~~~^^
  File "C:\Users\HP\OneDrive\Documents\essetech\hotelapp\Hotel-website-Django\.venv\Lib\site-packages\django\template\base.py", line 196, in compile_nodelist
    nodelist = parser.parse()
  File "C:\Users\HP\OneDrive\Documents\essetech\hotelapp\Hotel-website-Django\.venv\Lib\site-packages\django\template\base.py", line 518, in parse
    raise self.error(token, e)
  File "C:\Users\HP\OneDrive\Documents\essetech\hotelapp\Hotel-website-Django\.venv\Lib\site-packages\django\template\base.py", line 516, in parse
    compiled_result = compile_func(self, token)
  File "C:\Users\HP\OneDrive\Documents\essetech\hotelapp\Hotel-website-Django\.venv\Lib\site-packages\django\template\loader_tags.py", line 295, in do_extends
    nodelist = parser.parse()
  File "C:\Users\HP\OneDrive\Documents\essetech\hotelapp\Hotel-website-Django\.venv\Lib\site-packages\django\template\base.py", line 518, in parse
    raise self.error(token, e)
  File "C:\Users\HP\OneDrive\Documents\essetech\hotelapp\Hotel-website-Django\.venv\Lib\site-packages\django\template\base.py", line 516, in parse
    compiled_result = compile_func(self, token)
  File "C:\Users\HP\OneDrive\Documents\essetech\hotelapp\Hotel-website-Django\.venv\Lib\site-packages\django\template\loader_tags.py", line 234, in do_block
    nodelist = parser.parse(("endblock",))
  File "C:\Users\HP\OneDrive\Documents\essetech\hotelapp\Hotel-website-Django\.venv\Lib\site-packages\django\template\base.py", line 489, in parse
    raise self.error(token, e)
  File "C:\Users\HP\OneDrive\Documents\essetech\hotelapp\Hotel-website-Django\.venv\Lib\site-packages\django\template\base.py", line 487, in parse
    filter_expression = self.compile_filter(token.contents)
  File "C:\Users\HP\OneDrive\Documents\essetech\hotelapp\Hotel-website-Django\.venv\Lib\site-packages\django\template\base.py", line 605, in compile_filter
    return FilterExpression(token, self)
  File "C:\Users\HP\OneDrive\Documents\essetech\hotelapp\Hotel-website-Django\.venv\Lib\site-packages\django\template\base.py", line 702, in __init__
    self.args_check(filter_name, filter_func, args)
    ~~~~~~~~~~~~~~~^^^^^^^^^^^^^^^^^^^^^^^^^^^^^^^^
  File "C:\Users\HP\OneDrive\Documents\essetech\hotelapp\Hotel-website-Django\.venv\Lib\site-packages\django\template\base.py", line 764, in args_check
    raise TemplateSyntaxError(
        "%s requires %d arguments, %d provided" % (name, alen - dlen, plen)
    )
django.template.exceptions.TemplateSyntaxError: default requires 2 arguments, 1 provided
ERROR 2025-10-15 12:17:35,339 basehttp 15420 9828 "GET /user-analytics/ HTTP/1.1" 500 220545
ERROR 2025-10-15 12:18:14,327 log 15420 9828 Internal Server Error: /user-analytics/
Traceback (most recent call last):
  File "C:\Users\HP\OneDrive\Documents\essetech\hotelapp\Hotel-website-Django\.venv\Lib\site-packages\django\core\handlers\exception.py", line 55, in inner
    response = get_response(request)
  File "C:\Users\HP\OneDrive\Documents\essetech\hotelapp\Hotel-website-Django\.venv\Lib\site-packages\django\core\handlers\base.py", line 197, in _get_response
    response = wrapped_callback(request, *callback_args, **callback_kwargs)
  File "C:\Users\HP\OneDrive\Documents\essetech\hotelapp\Hotel-website-Django\.venv\Lib\site-packages\django\contrib\auth\decorators.py", line 60, in _view_wrapper
    return view_func(request, *args, **kwargs)
  File "C:\Users\HP\OneDrive\Documents\essetech\hotelapp\Hotel-website-Django\hotelapp\account\views.py", line 33, in wrapper
    return view_func(request, *args, **kwargs)
  File "C:\Users\HP\OneDrive\Documents\essetech\hotelapp\Hotel-website-Django\hotelapp\account\views.py", line 1066, in user_analytics
    return render(request, "staff/dashboard/user_analytics.html", context)
  File "C:\Users\HP\OneDrive\Documents\essetech\hotelapp\Hotel-website-Django\.venv\Lib\site-packages\django\shortcuts.py", line 25, in render
    content = loader.render_to_string(template_name, context, request, using=using)
  File "C:\Users\HP\OneDrive\Documents\essetech\hotelapp\Hotel-website-Django\.venv\Lib\site-packages\django\template\loader.py", line 61, in render_to_string
    template = get_template(template_name, using=using)
  File "C:\Users\HP\OneDrive\Documents\essetech\hotelapp\Hotel-website-Django\.venv\Lib\site-packages\django\template\loader.py", line 15, in get_template
    return engine.get_template(template_name)
           ~~~~~~~~~~~~~~~~~~~^^^^^^^^^^^^^^^
  File "C:\Users\HP\OneDrive\Documents\essetech\hotelapp\Hotel-website-Django\.venv\Lib\site-packages\django\template\backends\django.py", line 79, in get_template
    return Template(self.engine.get_template(template_name), self)
                    ~~~~~~~~~~~~~~~~~~~~~~~~^^^^^^^^^^^^^^^
  File "C:\Users\HP\OneDrive\Documents\essetech\hotelapp\Hotel-website-Django\.venv\Lib\site-packages\django\template\engine.py", line 177, in get_template
    template, origin = self.find_template(template_name)
                       ~~~~~~~~~~~~~~~~~~^^^^^^^^^^^^^^^
  File "C:\Users\HP\OneDrive\Documents\essetech\hotelapp\Hotel-website-Django\.venv\Lib\site-packages\django\template\engine.py", line 159, in find_template
    template = loader.get_template(name, skip=skip)
  File "C:\Users\HP\OneDrive\Documents\essetech\hotelapp\Hotel-website-Django\.venv\Lib\site-packages\django\template\loaders\cached.py", line 57, in get_template
    template = super().get_template(template_name, skip)
  File "C:\Users\HP\OneDrive\Documents\essetech\hotelapp\Hotel-website-Django\.venv\Lib\site-packages\django\template\loaders\base.py", line 28, in get_template
    return Template(
        contents,
    ...<2 lines>...
        self.engine,
    )
  File "C:\Users\HP\OneDrive\Documents\essetech\hotelapp\Hotel-website-Django\.venv\Lib\site-packages\django\template\base.py", line 154, in __init__
    self.nodelist = self.compile_nodelist()
                    ~~~~~~~~~~~~~~~~~~~~~^^
  File "C:\Users\HP\OneDrive\Documents\essetech\hotelapp\Hotel-website-Django\.venv\Lib\site-packages\django\template\base.py", line 196, in compile_nodelist
    nodelist = parser.parse()
  File "C:\Users\HP\OneDrive\Documents\essetech\hotelapp\Hotel-website-Django\.venv\Lib\site-packages\django\template\base.py", line 518, in parse
    raise self.error(token, e)
  File "C:\Users\HP\OneDrive\Documents\essetech\hotelapp\Hotel-website-Django\.venv\Lib\site-packages\django\template\base.py", line 516, in parse
    compiled_result = compile_func(self, token)
  File "C:\Users\HP\OneDrive\Documents\essetech\hotelapp\Hotel-website-Django\.venv\Lib\site-packages\django\template\loader_tags.py", line 295, in do_extends
    nodelist = parser.parse()
  File "C:\Users\HP\OneDrive\Documents\essetech\hotelapp\Hotel-website-Django\.venv\Lib\site-packages\django\template\base.py", line 518, in parse
    raise self.error(token, e)
  File "C:\Users\HP\OneDrive\Documents\essetech\hotelapp\Hotel-website-Django\.venv\Lib\site-packages\django\template\base.py", line 516, in parse
    compiled_result = compile_func(self, token)
  File "C:\Users\HP\OneDrive\Documents\essetech\hotelapp\Hotel-website-Django\.venv\Lib\site-packages\django\template\loader_tags.py", line 234, in do_block
    nodelist = parser.parse(("endblock",))
  File "C:\Users\HP\OneDrive\Documents\essetech\hotelapp\Hotel-website-Django\.venv\Lib\site-packages\django\template\base.py", line 489, in parse
    raise self.error(token, e)
  File "C:\Users\HP\OneDrive\Documents\essetech\hotelapp\Hotel-website-Django\.venv\Lib\site-packages\django\template\base.py", line 487, in parse
    filter_expression = self.compile_filter(token.contents)
  File "C:\Users\HP\OneDrive\Documents\essetech\hotelapp\Hotel-website-Django\.venv\Lib\site-packages\django\template\base.py", line 605, in compile_filter
    return FilterExpression(token, self)
  File "C:\Users\HP\OneDrive\Documents\essetech\hotelapp\Hotel-website-Django\.venv\Lib\site-packages\django\template\base.py", line 702, in __init__
    self.args_check(filter_name, filter_func, args)
    ~~~~~~~~~~~~~~~^^^^^^^^^^^^^^^^^^^^^^^^^^^^^^^^
  File "C:\Users\HP\OneDrive\Documents\essetech\hotelapp\Hotel-website-Django\.venv\Lib\site-packages\django\template\base.py", line 764, in args_check
    raise TemplateSyntaxError(
        "%s requires %d arguments, %d provided" % (name, alen - dlen, plen)
    )
django.template.exceptions.TemplateSyntaxError: default requires 2 arguments, 1 provided
ERROR 2025-10-15 12:18:14,341 basehttp 15420 9828 "GET /user-analytics/ HTTP/1.1" 500 220605
ERROR 2025-10-15 12:18:18,479 log 15420 2248 Internal Server Error: /user-analytics/
Traceback (most recent call last):
  File "C:\Users\HP\OneDrive\Documents\essetech\hotelapp\Hotel-website-Django\.venv\Lib\site-packages\django\core\handlers\exception.py", line 55, in inner
    response = get_response(request)
  File "C:\Users\HP\OneDrive\Documents\essetech\hotelapp\Hotel-website-Django\.venv\Lib\site-packages\django\core\handlers\base.py", line 197, in _get_response
    response = wrapped_callback(request, *callback_args, **callback_kwargs)
  File "C:\Users\HP\OneDrive\Documents\essetech\hotelapp\Hotel-website-Django\.venv\Lib\site-packages\django\contrib\auth\decorators.py", line 60, in _view_wrapper
    return view_func(request, *args, **kwargs)
  File "C:\Users\HP\OneDrive\Documents\essetech\hotelapp\Hotel-website-Django\hotelapp\account\views.py", line 33, in wrapper
    return view_func(request, *args, **kwargs)
  File "C:\Users\HP\OneDrive\Documents\essetech\hotelapp\Hotel-website-Django\hotelapp\account\views.py", line 1066, in user_analytics
    return render(request, "staff/dashboard/user_analytics.html", context)
  File "C:\Users\HP\OneDrive\Documents\essetech\hotelapp\Hotel-website-Django\.venv\Lib\site-packages\django\shortcuts.py", line 25, in render
    content = loader.render_to_string(template_name, context, request, using=using)
  File "C:\Users\HP\OneDrive\Documents\essetech\hotelapp\Hotel-website-Django\.venv\Lib\site-packages\django\template\loader.py", line 61, in render_to_string
    template = get_template(template_name, using=using)
  File "C:\Users\HP\OneDrive\Documents\essetech\hotelapp\Hotel-website-Django\.venv\Lib\site-packages\django\template\loader.py", line 15, in get_template
    return engine.get_template(template_name)
           ~~~~~~~~~~~~~~~~~~~^^^^^^^^^^^^^^^
  File "C:\Users\HP\OneDrive\Documents\essetech\hotelapp\Hotel-website-Django\.venv\Lib\site-packages\django\template\backends\django.py", line 79, in get_template
    return Template(self.engine.get_template(template_name), self)
                    ~~~~~~~~~~~~~~~~~~~~~~~~^^^^^^^^^^^^^^^
  File "C:\Users\HP\OneDrive\Documents\essetech\hotelapp\Hotel-website-Django\.venv\Lib\site-packages\django\template\engine.py", line 177, in get_template
    template, origin = self.find_template(template_name)
                       ~~~~~~~~~~~~~~~~~~^^^^^^^^^^^^^^^
  File "C:\Users\HP\OneDrive\Documents\essetech\hotelapp\Hotel-website-Django\.venv\Lib\site-packages\django\template\engine.py", line 159, in find_template
    template = loader.get_template(name, skip=skip)
  File "C:\Users\HP\OneDrive\Documents\essetech\hotelapp\Hotel-website-Django\.venv\Lib\site-packages\django\template\loaders\cached.py", line 57, in get_template
    template = super().get_template(template_name, skip)
  File "C:\Users\HP\OneDrive\Documents\essetech\hotelapp\Hotel-website-Django\.venv\Lib\site-packages\django\template\loaders\base.py", line 28, in get_template
    return Template(
        contents,
    ...<2 lines>...
        self.engine,
    )
  File "C:\Users\HP\OneDrive\Documents\essetech\hotelapp\Hotel-website-Django\.venv\Lib\site-packages\django\template\base.py", line 154, in __init__
    self.nodelist = self.compile_nodelist()
                    ~~~~~~~~~~~~~~~~~~~~~^^
  File "C:\Users\HP\OneDrive\Documents\essetech\hotelapp\Hotel-website-Django\.venv\Lib\site-packages\django\template\base.py", line 196, in compile_nodelist
    nodelist = parser.parse()
  File "C:\Users\HP\OneDrive\Documents\essetech\hotelapp\Hotel-website-Django\.venv\Lib\site-packages\django\template\base.py", line 518, in parse
    raise self.error(token, e)
  File "C:\Users\HP\OneDrive\Documents\essetech\hotelapp\Hotel-website-Django\.venv\Lib\site-packages\django\template\base.py", line 516, in parse
    compiled_result = compile_func(self, token)
  File "C:\Users\HP\OneDrive\Documents\essetech\hotelapp\Hotel-website-Django\.venv\Lib\site-packages\django\template\loader_tags.py", line 295, in do_extends
    nodelist = parser.parse()
  File "C:\Users\HP\OneDrive\Documents\essetech\hotelapp\Hotel-website-Django\.venv\Lib\site-packages\django\template\base.py", line 518, in parse
    raise self.error(token, e)
  File "C:\Users\HP\OneDrive\Documents\essetech\hotelapp\Hotel-website-Django\.venv\Lib\site-packages\django\template\base.py", line 516, in parse
    compiled_result = compile_func(self, token)
  File "C:\Users\HP\OneDrive\Documents\essetech\hotelapp\Hotel-website-Django\.venv\Lib\site-packages\django\template\loader_tags.py", line 234, in do_block
    nodelist = parser.parse(("endblock",))
  File "C:\Users\HP\OneDrive\Documents\essetech\hotelapp\Hotel-website-Django\.venv\Lib\site-packages\django\template\base.py", line 489, in parse
    raise self.error(token, e)
  File "C:\Users\HP\OneDrive\Documents\essetech\hotelapp\Hotel-website-Django\.venv\Lib\site-packages\django\template\base.py", line 487, in parse
    filter_expression = self.compile_filter(token.contents)
  File "C:\Users\HP\OneDrive\Documents\essetech\hotelapp\Hotel-website-Django\.venv\Lib\site-packages\django\template\base.py", line 605, in compile_filter
    return FilterExpression(token, self)
  File "C:\Users\HP\OneDrive\Documents\essetech\hotelapp\Hotel-website-Django\.venv\Lib\site-packages\django\template\base.py", line 702, in __init__
    self.args_check(filter_name, filter_func, args)
    ~~~~~~~~~~~~~~~^^^^^^^^^^^^^^^^^^^^^^^^^^^^^^^^
  File "C:\Users\HP\OneDrive\Documents\essetech\hotelapp\Hotel-website-Django\.venv\Lib\site-packages\django\template\base.py", line 764, in args_check
    raise TemplateSyntaxError(
        "%s requires %d arguments, %d provided" % (name, alen - dlen, plen)
    )
django.template.exceptions.TemplateSyntaxError: default requires 2 arguments, 1 provided
ERROR 2025-10-15 12:18:18,490 basehttp 15420 2248 "GET /user-analytics/ HTTP/1.1" 500 220610
ERROR 2025-10-15 12:18:24,820 log 15420 21912 Internal Server Error: /user-analytics/
Traceback (most recent call last):
  File "C:\Users\HP\OneDrive\Documents\essetech\hotelapp\Hotel-website-Django\.venv\Lib\site-packages\django\core\handlers\exception.py", line 55, in inner
    response = get_response(request)
  File "C:\Users\HP\OneDrive\Documents\essetech\hotelapp\Hotel-website-Django\.venv\Lib\site-packages\django\core\handlers\base.py", line 197, in _get_response
    response = wrapped_callback(request, *callback_args, **callback_kwargs)
  File "C:\Users\HP\OneDrive\Documents\essetech\hotelapp\Hotel-website-Django\.venv\Lib\site-packages\django\contrib\auth\decorators.py", line 60, in _view_wrapper
    return view_func(request, *args, **kwargs)
  File "C:\Users\HP\OneDrive\Documents\essetech\hotelapp\Hotel-website-Django\hotelapp\account\views.py", line 33, in wrapper
    return view_func(request, *args, **kwargs)
  File "C:\Users\HP\OneDrive\Documents\essetech\hotelapp\Hotel-website-Django\hotelapp\account\views.py", line 1066, in user_analytics
    return render(request, "staff/dashboard/user_analytics.html", context)
  File "C:\Users\HP\OneDrive\Documents\essetech\hotelapp\Hotel-website-Django\.venv\Lib\site-packages\django\shortcuts.py", line 25, in render
    content = loader.render_to_string(template_name, context, request, using=using)
  File "C:\Users\HP\OneDrive\Documents\essetech\hotelapp\Hotel-website-Django\.venv\Lib\site-packages\django\template\loader.py", line 61, in render_to_string
    template = get_template(template_name, using=using)
  File "C:\Users\HP\OneDrive\Documents\essetech\hotelapp\Hotel-website-Django\.venv\Lib\site-packages\django\template\loader.py", line 15, in get_template
    return engine.get_template(template_name)
           ~~~~~~~~~~~~~~~~~~~^^^^^^^^^^^^^^^
  File "C:\Users\HP\OneDrive\Documents\essetech\hotelapp\Hotel-website-Django\.venv\Lib\site-packages\django\template\backends\django.py", line 79, in get_template
    return Template(self.engine.get_template(template_name), self)
                    ~~~~~~~~~~~~~~~~~~~~~~~~^^^^^^^^^^^^^^^
  File "C:\Users\HP\OneDrive\Documents\essetech\hotelapp\Hotel-website-Django\.venv\Lib\site-packages\django\template\engine.py", line 177, in get_template
    template, origin = self.find_template(template_name)
                       ~~~~~~~~~~~~~~~~~~^^^^^^^^^^^^^^^
  File "C:\Users\HP\OneDrive\Documents\essetech\hotelapp\Hotel-website-Django\.venv\Lib\site-packages\django\template\engine.py", line 159, in find_template
    template = loader.get_template(name, skip=skip)
  File "C:\Users\HP\OneDrive\Documents\essetech\hotelapp\Hotel-website-Django\.venv\Lib\site-packages\django\template\loaders\cached.py", line 57, in get_template
    template = super().get_template(template_name, skip)
  File "C:\Users\HP\OneDrive\Documents\essetech\hotelapp\Hotel-website-Django\.venv\Lib\site-packages\django\template\loaders\base.py", line 28, in get_template
    return Template(
        contents,
    ...<2 lines>...
        self.engine,
    )
  File "C:\Users\HP\OneDrive\Documents\essetech\hotelapp\Hotel-website-Django\.venv\Lib\site-packages\django\template\base.py", line 154, in __init__
    self.nodelist = self.compile_nodelist()
                    ~~~~~~~~~~~~~~~~~~~~~^^
  File "C:\Users\HP\OneDrive\Documents\essetech\hotelapp\Hotel-website-Django\.venv\Lib\site-packages\django\template\base.py", line 196, in compile_nodelist
    nodelist = parser.parse()
  File "C:\Users\HP\OneDrive\Documents\essetech\hotelapp\Hotel-website-Django\.venv\Lib\site-packages\django\template\base.py", line 518, in parse
    raise self.error(token, e)
  File "C:\Users\HP\OneDrive\Documents\essetech\hotelapp\Hotel-website-Django\.venv\Lib\site-packages\django\template\base.py", line 516, in parse
    compiled_result = compile_func(self, token)
  File "C:\Users\HP\OneDrive\Documents\essetech\hotelapp\Hotel-website-Django\.venv\Lib\site-packages\django\template\loader_tags.py", line 295, in do_extends
    nodelist = parser.parse()
  File "C:\Users\HP\OneDrive\Documents\essetech\hotelapp\Hotel-website-Django\.venv\Lib\site-packages\django\template\base.py", line 518, in parse
    raise self.error(token, e)
  File "C:\Users\HP\OneDrive\Documents\essetech\hotelapp\Hotel-website-Django\.venv\Lib\site-packages\django\template\base.py", line 516, in parse
    compiled_result = compile_func(self, token)
  File "C:\Users\HP\OneDrive\Documents\essetech\hotelapp\Hotel-website-Django\.venv\Lib\site-packages\django\template\loader_tags.py", line 234, in do_block
    nodelist = parser.parse(("endblock",))
  File "C:\Users\HP\OneDrive\Documents\essetech\hotelapp\Hotel-website-Django\.venv\Lib\site-packages\django\template\base.py", line 489, in parse
    raise self.error(token, e)
  File "C:\Users\HP\OneDrive\Documents\essetech\hotelapp\Hotel-website-Django\.venv\Lib\site-packages\django\template\base.py", line 487, in parse
    filter_expression = self.compile_filter(token.contents)
  File "C:\Users\HP\OneDrive\Documents\essetech\hotelapp\Hotel-website-Django\.venv\Lib\site-packages\django\template\base.py", line 605, in compile_filter
    return FilterExpression(token, self)
  File "C:\Users\HP\OneDrive\Documents\essetech\hotelapp\Hotel-website-Django\.venv\Lib\site-packages\django\template\base.py", line 702, in __init__
    self.args_check(filter_name, filter_func, args)
    ~~~~~~~~~~~~~~~^^^^^^^^^^^^^^^^^^^^^^^^^^^^^^^^
  File "C:\Users\HP\OneDrive\Documents\essetech\hotelapp\Hotel-website-Django\.venv\Lib\site-packages\django\template\base.py", line 764, in args_check
    raise TemplateSyntaxError(
        "%s requires %d arguments, %d provided" % (name, alen - dlen, plen)
    )
django.template.exceptions.TemplateSyntaxError: default requires 2 arguments, 1 provided
ERROR 2025-10-15 12:18:24,830 basehttp 15420 21912 "GET /user-analytics/ HTTP/1.1" 500 220605
INFO 2025-10-15 12:18:37,500 basehttp 15420 12064 "GET /user-analytics/ HTTP/1.1" 200 29627
INFO 2025-10-15 12:18:37,611 basehttp 15420 12064 "GET /static/css/dist/styles.css?v=1760573917 HTTP/1.1" 200 112125
WARNING 2025-10-15 12:18:37,626 basehttp 15420 17580 "GET /static/images/default.png HTTP/1.1" 404 1868
INFO 2025-10-15 12:18:55,440 basehttp 15420 13928 "GET /user-analytics/ HTTP/1.1" 200 29642
INFO 2025-10-15 12:18:55,487 basehttp 15420 13928 "GET /static/css/dist/styles.css?v=1760573935 HTTP/1.1" 200 112125
WARNING 2025-10-15 12:18:55,502 basehttp 15420 1236 "GET /static/images/default.png HTTP/1.1" 404 1868
INFO 2025-10-15 12:19:01,841 basehttp 15420 24960 "GET /user-analytics/ HTTP/1.1" 200 30252
INFO 2025-10-15 12:19:01,918 basehttp 15420 24960 "GET /static/css/dist/styles.css?v=1760573941 HTTP/1.1" 200 112125
WARNING 2025-10-15 12:19:01,947 basehttp 15420 20628 "GET /static/images/default.png HTTP/1.1" 404 1868
INFO 2025-10-15 12:19:02,865 basehttp 15420 26996 "GET /user-analytics/ HTTP/1.1" 200 30306
WARNING 2025-10-15 12:19:02,928 basehttp 15420 23672 "GET /static/images/default.png HTTP/1.1" 404 1868
INFO 2025-10-15 12:19:02,931 basehttp 15420 26996 "GET /static/css/dist/styles.css?v=1760573942 HTTP/1.1" 200 112125
INFO 2025-10-15 12:19:51,494 basehttp 15420 28236 "GET /user-analytics/ HTTP/1.1" 200 30316
INFO 2025-10-15 12:19:51,578 basehttp 15420 28236 "GET /static/css/dist/styles.css?v=1760573991 HTTP/1.1" 200 112125
WARNING 2025-10-15 12:19:51,591 basehttp 15420 16912 "GET /static/images/default.png HTTP/1.1" 404 1868
INFO 2025-10-15 12:20:10,153 basehttp 15420 11972 "GET /user-analytics/ HTTP/1.1" 200 30317
INFO 2025-10-15 12:20:10,201 basehttp 15420 11972 "GET /static/css/dist/styles.css?v=1760574010 HTTP/1.1" 200 112125
WARNING 2025-10-15 12:20:10,224 basehttp 15420 10684 "GET /static/images/default.png HTTP/1.1" 404 1868
INFO 2025-10-15 12:20:13,347 basehttp 15420 28352 "GET /user-analytics/ HTTP/1.1" 200 30319
INFO 2025-10-15 12:20:13,393 basehttp 15420 28352 "GET /static/css/dist/styles.css?v=1760574013 HTTP/1.1" 200 112125
WARNING 2025-10-15 12:20:13,406 basehttp 15420 11436 "GET /static/images/default.png HTTP/1.1" 404 1868
INFO 2025-10-15 12:20:14,401 basehttp 15420 11860 "GET /user-analytics/ HTTP/1.1" 200 30321
WARNING 2025-10-15 12:20:14,452 basehttp 15420 22964 "GET /static/images/default.png HTTP/1.1" 404 1868
INFO 2025-10-15 12:20:14,455 basehttp 15420 11860 "GET /static/css/dist/styles.css?v=1760574014 HTTP/1.1" 200 112125
INFO 2025-10-15 12:20:27,193 basehttp 15420 21864 "GET /user-analytics/ HTTP/1.1" 200 30322
INFO 2025-10-15 12:20:27,245 basehttp 15420 21864 "GET /static/css/dist/styles.css?v=1760574027 HTTP/1.1" 200 112125
WARNING 2025-10-15 12:20:27,262 basehttp 15420 17988 "GET /static/images/default.png HTTP/1.1" 404 1868
INFO 2025-10-15 12:20:29,320 basehttp 15420 23512 "GET /user-analytics/ HTTP/1.1" 200 30326
WARNING 2025-10-15 12:20:29,383 basehttp 15420 1736 "GET /static/images/default.png HTTP/1.1" 404 1868
INFO 2025-10-15 12:20:29,384 basehttp 15420 23512 "GET /static/css/dist/styles.css?v=1760574029 HTTP/1.1" 200 112125
INFO 2025-10-15 12:20:39,833 basehttp 15420 21048 "GET /staff/user-management HTTP/1.1" 200 66504
WARNING 2025-10-15 12:20:39,910 basehttp 15420 25644 "GET /static/images/default.png HTTP/1.1" 404 1868
INFO 2025-10-15 12:20:39,912 basehttp 15420 21048 "GET /static/css/dist/styles.css?v=1760574039 HTTP/1.1" 200 112125
ERROR 2025-10-15 12:20:43,765 log 15420 6760 Internal Server Error: /staff/user-management/create/
Traceback (most recent call last):
  File "C:\Users\HP\OneDrive\Documents\essetech\hotelapp\Hotel-website-Django\.venv\Lib\site-packages\django\core\handlers\exception.py", line 55, in inner
    response = get_response(request)
  File "C:\Users\HP\OneDrive\Documents\essetech\hotelapp\Hotel-website-Django\.venv\Lib\site-packages\django\core\handlers\base.py", line 197, in _get_response
    response = wrapped_callback(request, *callback_args, **callback_kwargs)
  File "C:\Users\HP\OneDrive\Documents\essetech\hotelapp\Hotel-website-Django\.venv\Lib\site-packages\django\contrib\auth\decorators.py", line 60, in _view_wrapper
    return view_func(request, *args, **kwargs)
  File "C:\Users\HP\OneDrive\Documents\essetech\hotelapp\Hotel-website-Django\hotelapp\account\views.py", line 33, in wrapper
    return view_func(request, *args, **kwargs)
  File "C:\Users\HP\OneDrive\Documents\essetech\hotelapp\Hotel-website-Django\hotelapp\account\views.py", line 865, in create_user
    return render(request, "staff/dashboard/create_user.html", context)
  File "C:\Users\HP\OneDrive\Documents\essetech\hotelapp\Hotel-website-Django\.venv\Lib\site-packages\django\shortcuts.py", line 25, in render
    content = loader.render_to_string(template_name, context, request, using=using)
  File "C:\Users\HP\OneDrive\Documents\essetech\hotelapp\Hotel-website-Django\.venv\Lib\site-packages\django\template\loader.py", line 61, in render_to_string
    template = get_template(template_name, using=using)
  File "C:\Users\HP\OneDrive\Documents\essetech\hotelapp\Hotel-website-Django\.venv\Lib\site-packages\django\template\loader.py", line 19, in get_template
    raise TemplateDoesNotExist(template_name, chain=chain)
django.template.exceptions.TemplateDoesNotExist: staff/dashboard/create_user.html
ERROR 2025-10-15 12:20:43,768 basehttp 15420 6760 "GET /staff/user-management/create/ HTTP/1.1" 500 104967
INFO 2025-10-15 12:22:53,681 autoreload 15420 22252 C:\Users\HP\OneDrive\Documents\essetech\hotelapp\Hotel-website-Django\hotelapp\account\views.py changed, reloading.
INFO 2025-10-15 12:22:55,518 autoreload 13148 20620 Watching for file changes with StatReloader
INFO 2025-10-15 12:22:57,272 basehttp 13148 17296 "GET /staff/user-management HTTP/1.1" 200 66504
WARNING 2025-10-15 12:22:57,360 basehttp 13148 16632 "GET /static/images/default.png HTTP/1.1" 404 1868
INFO 2025-10-15 12:22:57,470 basehttp 13148 17296 "GET /static/css/dist/styles.css?v=1760574177 HTTP/1.1" 200 112125
INFO 2025-10-15 12:23:04,698 autoreload 13148 20620 C:\Users\HP\OneDrive\Documents\essetech\hotelapp\Hotel-website-Django\hotelapp\account\views.py changed, reloading.
INFO 2025-10-15 12:23:06,316 autoreload 22964 27928 Watching for file changes with StatReloader
INFO 2025-10-15 12:23:07,552 basehttp 22964 19944 "GET /staff/user-management HTTP/1.1" 200 66504
WARNING 2025-10-15 12:23:07,611 basehttp 22964 24508 "GET /static/images/default.png HTTP/1.1" 404 1868
INFO 2025-10-15 12:23:07,670 basehttp 22964 19944 "GET /static/css/dist/styles.css?v=1760574187 HTTP/1.1" 200 112125
INFO 2025-10-15 12:23:23,533 autoreload 22964 27928 C:\Users\HP\OneDrive\Documents\essetech\hotelapp\Hotel-website-Django\hotelapp\account\views.py changed, reloading.
INFO 2025-10-15 12:23:25,087 autoreload 7036 13252 Watching for file changes with StatReloader
INFO 2025-10-15 12:23:26,121 basehttp 7036 10504 "GET /staff/user-management HTTP/1.1" 200 66504
WARNING 2025-10-15 12:23:26,173 basehttp 7036 14584 "GET /static/images/default.png HTTP/1.1" 404 1868
INFO 2025-10-15 12:23:26,237 basehttp 7036 10504 "GET /static/css/dist/styles.css?v=1760574206 HTTP/1.1" 200 112125
INFO 2025-10-15 12:23:29,839 autoreload 7036 13252 C:\Users\HP\OneDrive\Documents\essetech\hotelapp\Hotel-website-Django\hotelapp\account\views.py changed, reloading.
INFO 2025-10-15 12:23:31,276 autoreload 18880 13460 Watching for file changes with StatReloader
INFO 2025-10-15 12:23:32,974 basehttp 18880 20388 "GET /staff/user-management HTTP/1.1" 200 66504
WARNING 2025-10-15 12:23:33,042 basehttp 18880 21804 "GET /static/images/default.png HTTP/1.1" 404 1868
INFO 2025-10-15 12:23:33,133 basehttp 18880 20388 "GET /static/css/dist/styles.css?v=1760574212 HTTP/1.1" 200 112125
INFO 2025-10-15 12:23:49,392 autoreload 18880 13460 C:\Users\HP\OneDrive\Documents\essetech\hotelapp\Hotel-website-Django\hotelapp\account\views.py changed, reloading.
INFO 2025-10-15 12:23:51,426 autoreload 17252 27160 Watching for file changes with StatReloader
INFO 2025-10-15 12:24:02,126 autoreload 17252 27160 C:\Users\HP\OneDrive\Documents\essetech\hotelapp\Hotel-website-Django\hotelapp\account\urls.py changed, reloading.
INFO 2025-10-15 12:24:03,434 autoreload 19020 26328 Watching for file changes with StatReloader
ERROR 2025-10-15 12:24:04,906 log 19020 27708 Internal Server Error: /staff/user-management
Traceback (most recent call last):
  File "C:\Users\HP\OneDrive\Documents\essetech\hotelapp\Hotel-website-Django\.venv\Lib\site-packages\django\core\handlers\exception.py", line 55, in inner
    response = get_response(request)
  File "C:\Users\HP\OneDrive\Documents\essetech\hotelapp\Hotel-website-Django\.venv\Lib\site-packages\django\core\handlers\base.py", line 197, in _get_response
    response = wrapped_callback(request, *callback_args, **callback_kwargs)
  File "C:\Users\HP\OneDrive\Documents\essetech\hotelapp\Hotel-website-Django\.venv\Lib\site-packages\django\contrib\auth\decorators.py", line 60, in _view_wrapper
    return view_func(request, *args, **kwargs)
  File "C:\Users\HP\OneDrive\Documents\essetech\hotelapp\Hotel-website-Django\hotelapp\account\views.py", line 33, in wrapper
    return view_func(request, *args, **kwargs)
  File "C:\Users\HP\OneDrive\Documents\essetech\hotelapp\Hotel-website-Django\hotelapp\account\views.py", line 749, in user_management
    return render(request, "staff/dashboard/user_management.html", context)
  File "C:\Users\HP\OneDrive\Documents\essetech\hotelapp\Hotel-website-Django\.venv\Lib\site-packages\django\shortcuts.py", line 25, in render
    content = loader.render_to_string(template_name, context, request, using=using)
  File "C:\Users\HP\OneDrive\Documents\essetech\hotelapp\Hotel-website-Django\.venv\Lib\site-packages\django\template\loader.py", line 62, in render_to_string
    return template.render(context, request)
           ~~~~~~~~~~~~~~~^^^^^^^^^^^^^^^^^^
  File "C:\Users\HP\OneDrive\Documents\essetech\hotelapp\Hotel-website-Django\.venv\Lib\site-packages\django\template\backends\django.py", line 107, in render
    return self.template.render(context)
           ~~~~~~~~~~~~~~~~~~~~^^^^^^^^^
  File "C:\Users\HP\OneDrive\Documents\essetech\hotelapp\Hotel-website-Django\.venv\Lib\site-packages\django\template\base.py", line 171, in render
    return self._render(context)
           ~~~~~~~~~~~~^^^^^^^^^
  File "C:\Users\HP\OneDrive\Documents\essetech\hotelapp\Hotel-website-Django\.venv\Lib\site-packages\django\template\base.py", line 163, in _render
    return self.nodelist.render(context)
           ~~~~~~~~~~~~~~~~~~~~^^^^^^^^^
  File "C:\Users\HP\OneDrive\Documents\essetech\hotelapp\Hotel-website-Django\.venv\Lib\site-packages\django\template\base.py", line 1008, in render
    return SafeString("".join([node.render_annotated(context) for node in self]))
                               ~~~~~~~~~~~~~~~~~~~~~^^^^^^^^^
  File "C:\Users\HP\OneDrive\Documents\essetech\hotelapp\Hotel-website-Django\.venv\Lib\site-packages\django\template\base.py", line 969, in render_annotated
    return self.render(context)
           ~~~~~~~~~~~^^^^^^^^^
  File "C:\Users\HP\OneDrive\Documents\essetech\hotelapp\Hotel-website-Django\.venv\Lib\site-packages\django\template\loader_tags.py", line 159, in render
    return compiled_parent._render(context)
           ~~~~~~~~~~~~~~~~~~~~~~~^^^^^^^^^
  File "C:\Users\HP\OneDrive\Documents\essetech\hotelapp\Hotel-website-Django\.venv\Lib\site-packages\django\template\base.py", line 163, in _render
    return self.nodelist.render(context)
           ~~~~~~~~~~~~~~~~~~~~^^^^^^^^^
  File "C:\Users\HP\OneDrive\Documents\essetech\hotelapp\Hotel-website-Django\.venv\Lib\site-packages\django\template\base.py", line 1008, in render
    return SafeString("".join([node.render_annotated(context) for node in self]))
                               ~~~~~~~~~~~~~~~~~~~~~^^^^^^^^^
  File "C:\Users\HP\OneDrive\Documents\essetech\hotelapp\Hotel-website-Django\.venv\Lib\site-packages\django\template\base.py", line 969, in render_annotated
    return self.render(context)
           ~~~~~~~~~~~^^^^^^^^^
  File "C:\Users\HP\OneDrive\Documents\essetech\hotelapp\Hotel-website-Django\.venv\Lib\site-packages\django\template\loader_tags.py", line 65, in render
    result = block.nodelist.render(context)
  File "C:\Users\HP\OneDrive\Documents\essetech\hotelapp\Hotel-website-Django\.venv\Lib\site-packages\django\template\base.py", line 1008, in render
    return SafeString("".join([node.render_annotated(context) for node in self]))
                               ~~~~~~~~~~~~~~~~~~~~~^^^^^^^^^
  File "C:\Users\HP\OneDrive\Documents\essetech\hotelapp\Hotel-website-Django\.venv\Lib\site-packages\django\template\base.py", line 969, in render_annotated
    return self.render(context)
           ~~~~~~~~~~~^^^^^^^^^
  File "C:\Users\HP\OneDrive\Documents\essetech\hotelapp\Hotel-website-Django\.venv\Lib\site-packages\django\template\defaulttags.py", line 480, in render
    url = reverse(view_name, args=args, kwargs=kwargs, current_app=current_app)
  File "C:\Users\HP\OneDrive\Documents\essetech\hotelapp\Hotel-website-Django\.venv\Lib\site-packages\django\urls\base.py", line 88, in reverse
    return resolver._reverse_with_prefix(view, prefix, *args, **kwargs)
           ~~~~~~~~~~~~~~~~~~~~~~~~~~~~~^^^^^^^^^^^^^^^^^^^^^^^^^^^^^^^
  File "C:\Users\HP\OneDrive\Documents\essetech\hotelapp\Hotel-website-Django\.venv\Lib\site-packages\django\urls\resolvers.py", line 831, in _reverse_with_prefix
    raise NoReverseMatch(msg)
django.urls.exceptions.NoReverseMatch: Reverse for 'create_user' not found. 'create_user' is not a valid view function or pattern name.
ERROR 2025-10-15 12:24:04,930 basehttp 19020 27708 "GET /staff/user-management HTTP/1.1" 500 191674
INFO 2025-10-15 12:24:06,243 autoreload 19020 26328 C:\Users\HP\OneDrive\Documents\essetech\hotelapp\Hotel-website-Django\hotelapp\account\urls.py changed, reloading.
INFO 2025-10-15 12:24:07,740 autoreload 28372 24012 Watching for file changes with StatReloader
ERROR 2025-10-15 12:24:09,161 log 28372 2172 Internal Server Error: /staff/user-management
Traceback (most recent call last):
  File "C:\Users\HP\OneDrive\Documents\essetech\hotelapp\Hotel-website-Django\.venv\Lib\site-packages\django\core\handlers\exception.py", line 55, in inner
    response = get_response(request)
  File "C:\Users\HP\OneDrive\Documents\essetech\hotelapp\Hotel-website-Django\.venv\Lib\site-packages\django\core\handlers\base.py", line 197, in _get_response
    response = wrapped_callback(request, *callback_args, **callback_kwargs)
  File "C:\Users\HP\OneDrive\Documents\essetech\hotelapp\Hotel-website-Django\.venv\Lib\site-packages\django\contrib\auth\decorators.py", line 60, in _view_wrapper
    return view_func(request, *args, **kwargs)
  File "C:\Users\HP\OneDrive\Documents\essetech\hotelapp\Hotel-website-Django\hotelapp\account\views.py", line 33, in wrapper
    return view_func(request, *args, **kwargs)
  File "C:\Users\HP\OneDrive\Documents\essetech\hotelapp\Hotel-website-Django\hotelapp\account\views.py", line 749, in user_management
    return render(request, "staff/dashboard/user_management.html", context)
  File "C:\Users\HP\OneDrive\Documents\essetech\hotelapp\Hotel-website-Django\.venv\Lib\site-packages\django\shortcuts.py", line 25, in render
    content = loader.render_to_string(template_name, context, request, using=using)
  File "C:\Users\HP\OneDrive\Documents\essetech\hotelapp\Hotel-website-Django\.venv\Lib\site-packages\django\template\loader.py", line 62, in render_to_string
    return template.render(context, request)
           ~~~~~~~~~~~~~~~^^^^^^^^^^^^^^^^^^
  File "C:\Users\HP\OneDrive\Documents\essetech\hotelapp\Hotel-website-Django\.venv\Lib\site-packages\django\template\backends\django.py", line 107, in render
    return self.template.render(context)
           ~~~~~~~~~~~~~~~~~~~~^^^^^^^^^
  File "C:\Users\HP\OneDrive\Documents\essetech\hotelapp\Hotel-website-Django\.venv\Lib\site-packages\django\template\base.py", line 171, in render
    return self._render(context)
           ~~~~~~~~~~~~^^^^^^^^^
  File "C:\Users\HP\OneDrive\Documents\essetech\hotelapp\Hotel-website-Django\.venv\Lib\site-packages\django\template\base.py", line 163, in _render
    return self.nodelist.render(context)
           ~~~~~~~~~~~~~~~~~~~~^^^^^^^^^
  File "C:\Users\HP\OneDrive\Documents\essetech\hotelapp\Hotel-website-Django\.venv\Lib\site-packages\django\template\base.py", line 1008, in render
    return SafeString("".join([node.render_annotated(context) for node in self]))
                               ~~~~~~~~~~~~~~~~~~~~~^^^^^^^^^
  File "C:\Users\HP\OneDrive\Documents\essetech\hotelapp\Hotel-website-Django\.venv\Lib\site-packages\django\template\base.py", line 969, in render_annotated
    return self.render(context)
           ~~~~~~~~~~~^^^^^^^^^
  File "C:\Users\HP\OneDrive\Documents\essetech\hotelapp\Hotel-website-Django\.venv\Lib\site-packages\django\template\loader_tags.py", line 159, in render
    return compiled_parent._render(context)
           ~~~~~~~~~~~~~~~~~~~~~~~^^^^^^^^^
  File "C:\Users\HP\OneDrive\Documents\essetech\hotelapp\Hotel-website-Django\.venv\Lib\site-packages\django\template\base.py", line 163, in _render
    return self.nodelist.render(context)
           ~~~~~~~~~~~~~~~~~~~~^^^^^^^^^
  File "C:\Users\HP\OneDrive\Documents\essetech\hotelapp\Hotel-website-Django\.venv\Lib\site-packages\django\template\base.py", line 1008, in render
    return SafeString("".join([node.render_annotated(context) for node in self]))
                               ~~~~~~~~~~~~~~~~~~~~~^^^^^^^^^
  File "C:\Users\HP\OneDrive\Documents\essetech\hotelapp\Hotel-website-Django\.venv\Lib\site-packages\django\template\base.py", line 969, in render_annotated
    return self.render(context)
           ~~~~~~~~~~~^^^^^^^^^
  File "C:\Users\HP\OneDrive\Documents\essetech\hotelapp\Hotel-website-Django\.venv\Lib\site-packages\django\template\loader_tags.py", line 65, in render
    result = block.nodelist.render(context)
  File "C:\Users\HP\OneDrive\Documents\essetech\hotelapp\Hotel-website-Django\.venv\Lib\site-packages\django\template\base.py", line 1008, in render
    return SafeString("".join([node.render_annotated(context) for node in self]))
                               ~~~~~~~~~~~~~~~~~~~~~^^^^^^^^^
  File "C:\Users\HP\OneDrive\Documents\essetech\hotelapp\Hotel-website-Django\.venv\Lib\site-packages\django\template\base.py", line 969, in render_annotated
    return self.render(context)
           ~~~~~~~~~~~^^^^^^^^^
  File "C:\Users\HP\OneDrive\Documents\essetech\hotelapp\Hotel-website-Django\.venv\Lib\site-packages\django\template\defaulttags.py", line 480, in render
    url = reverse(view_name, args=args, kwargs=kwargs, current_app=current_app)
  File "C:\Users\HP\OneDrive\Documents\essetech\hotelapp\Hotel-website-Django\.venv\Lib\site-packages\django\urls\base.py", line 88, in reverse
    return resolver._reverse_with_prefix(view, prefix, *args, **kwargs)
           ~~~~~~~~~~~~~~~~~~~~~~~~~~~~~^^^^^^^^^^^^^^^^^^^^^^^^^^^^^^^
  File "C:\Users\HP\OneDrive\Documents\essetech\hotelapp\Hotel-website-Django\.venv\Lib\site-packages\django\urls\resolvers.py", line 831, in _reverse_with_prefix
    raise NoReverseMatch(msg)
django.urls.exceptions.NoReverseMatch: Reverse for 'create_user' not found. 'create_user' is not a valid view function or pattern name.
ERROR 2025-10-15 12:24:09,191 basehttp 28372 2172 "GET /staff/user-management HTTP/1.1" 500 191674
INFO 2025-10-15 12:24:40,142 basehttp 28372 20388 "GET /staff/user-management HTTP/1.1" 200 66473
WARNING 2025-10-15 12:24:40,241 basehttp 28372 25852 "GET /static/images/default.png HTTP/1.1" 404 1868
INFO 2025-10-15 12:24:40,313 basehttp 28372 20388 "GET /static/css/dist/styles.css?v=1760574280 HTTP/1.1" 200 112125
INFO 2025-10-15 12:24:52,509 basehttp 28372 27160 "GET /staff/user-management HTTP/1.1" 200 66490
INFO 2025-10-15 12:24:52,552 basehttp 28372 27160 "GET /static/css/dist/styles.css?v=1760574292 HTTP/1.1" 200 112125
WARNING 2025-10-15 12:24:52,599 basehttp 28372 27160 "GET /static/images/default.png HTTP/1.1" 404 1868
INFO 2025-10-15 12:24:54,670 basehttp 28372 21500 "GET /staff/user-management HTTP/1.1" 200 66540
INFO 2025-10-15 12:24:54,717 basehttp 28372 21500 "GET /static/css/dist/styles.css?v=1760574294 HTTP/1.1" 200 112125
WARNING 2025-10-15 12:24:54,717 basehttp 28372 15352 "GET /static/images/default.png HTTP/1.1" 404 1868
INFO 2025-10-15 12:25:19,235 basehttp 28372 17112 "GET /staff/user-management HTTP/1.1" 200 66611
WARNING 2025-10-15 12:25:19,294 basehttp 28372 7008 "GET /static/images/default.png HTTP/1.1" 404 1868
INFO 2025-10-15 12:25:19,295 basehttp 28372 17112 "GET /static/css/dist/styles.css?v=1760574319 HTTP/1.1" 200 112125
INFO 2025-10-15 12:25:24,466 basehttp 28372 23836 "GET /staff/user-management HTTP/1.1" 200 66615
INFO 2025-10-15 12:25:24,511 basehttp 28372 23836 "GET /static/css/dist/styles.css?v=1760574324 HTTP/1.1" 200 112125
WARNING 2025-10-15 12:25:24,512 basehttp 28372 26824 "GET /static/images/default.png HTTP/1.1" 404 1868
INFO 2025-10-15 12:25:52,424 basehttp 28372 22160 "GET /staff/user-management HTTP/1.1" 200 66617
INFO 2025-10-15 12:25:52,511 basehttp 28372 22160 "GET /static/css/dist/styles.css?v=1760574352 HTTP/1.1" 200 112125
WARNING 2025-10-15 12:25:52,540 basehttp 28372 25052 "GET /static/images/default.png HTTP/1.1" 404 1868
INFO 2025-10-15 12:25:53,506 basehttp 28372 25872 "GET /staff/user-management HTTP/1.1" 200 71598
WARNING 2025-10-15 12:25:53,562 basehttp 28372 20188 "GET /static/images/default.png HTTP/1.1" 404 1868
INFO 2025-10-15 12:25:53,564 basehttp 28372 25872 "GET /static/css/dist/styles.css?v=1760574353 HTTP/1.1" 200 112125
INFO 2025-10-15 12:25:59,858 basehttp 28372 15164 "GET /staff/user-management HTTP/1.1" 200 71600
INFO 2025-10-15 12:25:59,915 basehttp 28372 15164 "GET /static/css/dist/styles.css?v=1760574359 HTTP/1.1" 200 112125
WARNING 2025-10-15 12:25:59,915 basehttp 28372 25152 "GET /static/images/default.png HTTP/1.1" 404 1868
INFO 2025-10-15 12:26:10,532 basehttp 28372 14508 "GET /staff/user-management HTTP/1.1" 200 71602
INFO 2025-10-15 12:26:10,604 basehttp 28372 14508 "GET /static/css/dist/styles.css?v=1760574370 HTTP/1.1" 200 112125
WARNING 2025-10-15 12:26:10,605 basehttp 28372 3952 "GET /static/images/default.png HTTP/1.1" 404 1868
INFO 2025-10-15 12:27:59,228 basehttp 28372 8748 "GET /staff/user-management HTTP/1.1" 200 71604
INFO 2025-10-15 12:27:59,261 basehttp 28372 8748 "GET /static/css/dist/styles.css?v=1760574479 HTTP/1.1" 200 112125
WARNING 2025-10-15 12:27:59,286 basehttp 28372 8748 "GET /static/images/default.png HTTP/1.1" 404 1868
INFO 2025-10-15 12:28:02,423 basehttp 28372 24024 "GET /staff/user-management HTTP/1.1" 200 71605
WARNING 2025-10-15 12:28:02,459 basehttp 28372 10084 "GET /static/images/default.png HTTP/1.1" 404 1868
INFO 2025-10-15 12:28:02,461 basehttp 28372 24024 "GET /static/css/dist/styles.css?v=1760574482 HTTP/1.1" 200 112125
INFO 2025-10-15 12:28:07,650 basehttp 28372 28552 "GET /staff/user-management HTTP/1.1" 200 71606
WARNING 2025-10-15 12:28:07,703 basehttp 28372 15988 "GET /static/images/default.png HTTP/1.1" 404 1868
INFO 2025-10-15 12:28:07,704 basehttp 28372 28552 "GET /static/css/dist/styles.css?v=1760574487 HTTP/1.1" 200 112125
INFO 2025-10-15 12:28:08,655 basehttp 28372 25260 "GET /staff/user-management HTTP/1.1" 200 71605
WARNING 2025-10-15 12:28:08,691 basehttp 28372 14980 "GET /static/images/default.png HTTP/1.1" 404 1868
INFO 2025-10-15 12:28:08,693 basehttp 28372 25260 "GET /static/css/dist/styles.css?v=1760574488 HTTP/1.1" 200 112125
INFO 2025-10-15 12:28:10,741 basehttp 28372 28304 "GET /staff/user-management HTTP/1.1" 200 71606
WARNING 2025-10-15 12:28:10,782 basehttp 28372 27000 "GET /static/images/default.png HTTP/1.1" 404 1868
INFO 2025-10-15 12:28:10,784 basehttp 28372 28304 "GET /static/css/dist/styles.css?v=1760574490 HTTP/1.1" 200 112125
INFO 2025-10-15 12:28:13,904 basehttp 28372 27576 "GET /staff/user-management HTTP/1.1" 200 71633
INFO 2025-10-15 12:28:13,953 basehttp 28372 27576 "GET /static/css/dist/styles.css?v=1760574493 HTTP/1.1" 200 112125
WARNING 2025-10-15 12:28:13,971 basehttp 28372 25012 "GET /static/images/default.png HTTP/1.1" 404 1868
INFO 2025-10-15 12:28:21,580 basehttp 28372 26484 "GET /staff/user-management HTTP/1.1" 200 71630
INFO 2025-10-15 12:28:21,655 basehttp 28372 26484 "GET /static/css/dist/styles.css?v=1760574501 HTTP/1.1" 200 112125
WARNING 2025-10-15 12:28:21,671 basehttp 28372 13156 "GET /static/images/default.png HTTP/1.1" 404 1868
INFO 2025-10-15 12:28:32,207 basehttp 28372 2192 - Broken pipe from ('127.0.0.1', 51685)
INFO 2025-10-15 12:28:32,224 basehttp 28372 17112 "GET /staff/user-management HTTP/1.1" 200 74204
INFO 2025-10-15 12:28:32,280 basehttp 28372 17112 "GET /static/css/dist/styles.css?v=1760574512 HTTP/1.1" 200 112239
WARNING 2025-10-15 12:28:32,295 basehttp 28372 24464 "GET /static/images/default.png HTTP/1.1" 404 1868
INFO 2025-10-15 12:28:40,528 basehttp 28372 7380 "GET /staff/user-management HTTP/1.1" 200 74342
INFO 2025-10-15 12:28:40,555 basehttp 28372 7380 "GET /static/css/dist/styles.css?v=1760574520 HTTP/1.1" 200 112239
WARNING 2025-10-15 12:28:40,566 basehttp 28372 20648 "GET /static/images/default.png HTTP/1.1" 404 1868
INFO 2025-10-15 12:29:34,942 basehttp 28372 22360 "GET /staff/user-management HTTP/1.1" 200 74342
WARNING 2025-10-15 12:29:35,002 basehttp 28372 26684 "GET /static/images/default.png HTTP/1.1" 404 1868
INFO 2025-10-15 12:29:35,002 basehttp 28372 22360 "GET /static/css/dist/styles.css?v=1760574574 HTTP/1.1" 200 112239
INFO 2025-10-15 12:30:24,953 basehttp 28372 26148 "GET /staff/user-management HTTP/1.1" 200 74342
INFO 2025-10-15 12:30:25,004 basehttp 28372 26148 "GET /static/css/dist/styles.css?v=1760574624 HTTP/1.1" 200 112239
WARNING 2025-10-15 12:30:25,021 basehttp 28372 19224 "GET /static/images/default.png HTTP/1.1" 404 1868
INFO 2025-10-15 12:31:07,788 basehttp 28372 1160 "GET /staff/user-management HTTP/1.1" 200 74344
INFO 2025-10-15 12:31:07,844 basehttp 28372 1160 "GET /static/css/dist/styles.css?v=1760574667 HTTP/1.1" 200 112275
WARNING 2025-10-15 12:31:07,861 basehttp 28372 1160 "GET /static/images/default.png HTTP/1.1" 404 1868
INFO 2025-10-15 12:31:10,873 basehttp 28372 11432 "GET /staff/user-management HTTP/1.1" 200 74347
WARNING 2025-10-15 12:31:10,936 basehttp 28372 7960 "GET /static/images/default.png HTTP/1.1" 404 1868
INFO 2025-10-15 12:31:10,944 basehttp 28372 11432 "GET /static/css/dist/styles.css?v=1760574670 HTTP/1.1" 200 112317
INFO 2025-10-15 12:31:50,197 basehttp 28372 11936 "GET /staff/user-management HTTP/1.1" 200 74331
WARNING 2025-10-15 12:31:50,279 basehttp 28372 23988 "GET /static/images/default.png HTTP/1.1" 404 1868
INFO 2025-10-15 12:31:50,280 basehttp 28372 11936 "GET /static/css/dist/styles.css?v=1760574710 HTTP/1.1" 200 112317
INFO 2025-10-15 12:32:10,338 basehttp 28372 28368 "GET /staff/user-management HTTP/1.1" 200 74316
INFO 2025-10-15 12:32:10,385 basehttp 28372 28368 "GET /static/css/dist/styles.css?v=1760574730 HTTP/1.1" 200 112317
WARNING 2025-10-15 12:32:10,402 basehttp 28372 28368 "GET /static/images/default.png HTTP/1.1" 404 1868
INFO 2025-10-15 12:32:26,419 basehttp 28372 6772 "GET /staff/user-management HTTP/1.1" 200 74272
INFO 2025-10-15 12:32:26,469 basehttp 28372 6772 "GET /static/css/dist/styles.css?v=1760574746 HTTP/1.1" 200 112317
WARNING 2025-10-15 12:32:26,478 basehttp 28372 27264 "GET /static/images/default.png HTTP/1.1" 404 1868
INFO 2025-10-15 12:33:15,648 basehttp 28372 7260 "GET /staff/user-management HTTP/1.1" 200 74204
WARNING 2025-10-15 12:33:15,728 basehttp 28372 26324 "GET /static/images/default.png HTTP/1.1" 404 1868
INFO 2025-10-15 12:33:15,729 basehttp 28372 7260 "GET /static/css/dist/styles.css?v=1760574795 HTTP/1.1" 200 112317
INFO 2025-10-15 12:33:19,918 basehttp 28372 28296 "GET /staff/user-management HTTP/1.1" 200 74221
INFO 2025-10-15 12:33:19,958 basehttp 28372 28296 "GET /static/css/dist/styles.css?v=1760574799 HTTP/1.1" 200 112317
WARNING 2025-10-15 12:33:19,973 basehttp 28372 28296 "GET /static/images/default.png HTTP/1.1" 404 1868
INFO 2025-10-15 12:33:28,415 basehttp 28372 28664 "GET /staff/user-management HTTP/1.1" 200 74222
INFO 2025-10-15 12:33:28,449 basehttp 28372 28664 "GET /static/css/dist/styles.css?v=1760574808 HTTP/1.1" 200 112317
WARNING 2025-10-15 12:33:28,461 basehttp 28372 28204 "GET /static/images/default.png HTTP/1.1" 404 1868
INFO 2025-10-15 12:33:30,510 basehttp 28372 27112 "GET /staff/user-management HTTP/1.1" 200 74493
WARNING 2025-10-15 12:33:30,562 basehttp 28372 3076 "GET /static/images/default.png HTTP/1.1" 404 1868
INFO 2025-10-15 12:33:30,564 basehttp 28372 27112 "GET /static/css/dist/styles.css?v=1760574810 HTTP/1.1" 200 112317
INFO 2025-10-15 12:33:42,252 basehttp 28372 13044 "GET /staff/user-management HTTP/1.1" 200 74424
WARNING 2025-10-15 12:33:42,300 basehttp 28372 28644 "GET /static/images/default.png HTTP/1.1" 404 1868
INFO 2025-10-15 12:33:42,300 basehttp 28372 13044 "GET /static/css/dist/styles.css?v=1760574822 HTTP/1.1" 200 112317
INFO 2025-10-15 12:33:43,305 basehttp 28372 15744 "GET /staff/user-management HTTP/1.1" 200 74426
WARNING 2025-10-15 12:33:43,365 basehttp 28372 26688 "GET /static/images/default.png HTTP/1.1" 404 1868
INFO 2025-10-15 12:33:43,367 basehttp 28372 15744 "GET /static/css/dist/styles.css?v=1760574823 HTTP/1.1" 200 112317
INFO 2025-10-15 12:33:44,363 basehttp 28372 13864 "GET /staff/user-management HTTP/1.1" 200 74440
WARNING 2025-10-15 12:33:44,413 basehttp 28372 27216 "GET /static/images/default.png HTTP/1.1" 404 1868
INFO 2025-10-15 12:33:44,416 basehttp 28372 13864 "GET /static/css/dist/styles.css?v=1760574824 HTTP/1.1" 200 112317
INFO 2025-10-15 12:33:49,601 basehttp 28372 12152 "GET /staff/user-management HTTP/1.1" 200 74715
WARNING 2025-10-15 12:33:49,668 basehttp 28372 5380 "GET /static/images/default.png HTTP/1.1" 404 1868
INFO 2025-10-15 12:33:49,672 basehttp 28372 12152 "GET /static/css/dist/styles.css?v=1760574829 HTTP/1.1" 200 112317
INFO 2025-10-15 12:34:11,963 basehttp 28372 18072 "GET /staff/user-management HTTP/1.1" 200 74671
INFO 2025-10-15 12:34:12,042 basehttp 28372 18072 "GET /static/css/dist/styles.css?v=1760574851 HTTP/1.1" 200 112317
WARNING 2025-10-15 12:34:12,064 basehttp 28372 18044 "GET /static/images/default.png HTTP/1.1" 404 1868
INFO 2025-10-15 12:34:14,076 basehttp 28372 18636 "GET /staff/user-management HTTP/1.1" 200 74939
WARNING 2025-10-15 12:34:14,122 basehttp 28372 15520 "GET /static/images/default.png HTTP/1.1" 404 1868
INFO 2025-10-15 12:34:14,124 basehttp 28372 18636 "GET /static/css/dist/styles.css?v=1760574854 HTTP/1.1" 200 112317
INFO 2025-10-15 12:34:22,403 basehttp 28372 1488 "GET /staff/user-management HTTP/1.1" 200 74841
INFO 2025-10-15 12:34:22,467 basehttp 28372 1488 "GET /static/css/dist/styles.css?v=1760574862 HTTP/1.1" 200 112317
WARNING 2025-10-15 12:34:22,488 basehttp 28372 10616 "GET /static/images/default.png HTTP/1.1" 404 1868
INFO 2025-10-15 12:34:24,537 basehttp 28372 11452 "GET /staff/user-management HTTP/1.1" 200 75110
WARNING 2025-10-15 12:34:24,585 basehttp 28372 10012 "GET /static/images/default.png HTTP/1.1" 404 1868
INFO 2025-10-15 12:34:24,587 basehttp 28372 11452 "GET /static/css/dist/styles.css?v=1760574864 HTTP/1.1" 200 112317
INFO 2025-10-15 12:34:53,216 basehttp 28372 26368 "GET /staff/user-management HTTP/1.1" 200 74958
INFO 2025-10-15 12:34:53,277 basehttp 28372 26368 "GET /static/css/dist/styles.css?v=1760574893 HTTP/1.1" 200 112317
WARNING 2025-10-15 12:34:53,302 basehttp 28372 27184 "GET /static/images/default.png HTTP/1.1" 404 1868
INFO 2025-10-15 12:34:54,293 basehttp 28372 25656 "GET /staff/user-management HTTP/1.1" 200 74933
WARNING 2025-10-15 12:34:54,345 basehttp 28372 26168 "GET /static/images/default.png HTTP/1.1" 404 1868
INFO 2025-10-15 12:34:54,348 basehttp 28372 25656 "GET /static/css/dist/styles.css?v=1760574894 HTTP/1.1" 200 112317
INFO 2025-10-15 12:34:58,424 basehttp 28372 17368 "GET /staff/user-management HTTP/1.1" 200 74958
INFO 2025-10-15 12:34:58,484 basehttp 28372 17368 "GET /static/css/dist/styles.css?v=1760574898 HTTP/1.1" 200 112317
WARNING 2025-10-15 12:34:58,499 basehttp 28372 11116 "GET /static/images/default.png HTTP/1.1" 404 1868
INFO 2025-10-15 12:35:01,603 basehttp 28372 11424 "GET /staff/user-management HTTP/1.1" 200 75504
INFO 2025-10-15 12:35:01,657 basehttp 28372 11424 "GET /static/css/dist/styles.css?v=1760574901 HTTP/1.1" 200 112317
WARNING 2025-10-15 12:35:01,658 basehttp 28372 6948 "GET /static/images/default.png HTTP/1.1" 404 1868
INFO 2025-10-15 12:35:03,722 basehttp 28372 18876 "GET /staff/user-management HTTP/1.1" 200 75533
WARNING 2025-10-15 12:35:03,769 basehttp 28372 18200 "GET /static/images/default.png HTTP/1.1" 404 1868
INFO 2025-10-15 12:35:03,771 basehttp 28372 18876 "GET /static/css/dist/styles.css?v=1760574903 HTTP/1.1" 200 112317
INFO 2025-10-15 12:35:04,740 basehttp 28372 12036 "GET /staff/user-management HTTP/1.1" 200 75538
WARNING 2025-10-15 12:35:04,784 basehttp 28372 26292 "GET /static/images/default.png HTTP/1.1" 404 1868
INFO 2025-10-15 12:35:04,786 basehttp 28372 12036 "GET /static/css/dist/styles.css?v=1760574904 HTTP/1.1" 200 112317
INFO 2025-10-15 12:35:46,296 basehttp 28372 13580 "GET /staff/user-management HTTP/1.1" 200 75518
INFO 2025-10-15 12:35:46,394 basehttp 28372 13580 "GET /static/css/dist/styles.css?v=1760574946 HTTP/1.1" 200 112317
WARNING 2025-10-15 12:35:46,418 basehttp 28372 8652 "GET /static/images/default.png HTTP/1.1" 404 1868
ERROR 2025-10-15 12:37:16,487 log 28372 22144 Internal Server Error: /staff/user-management
Traceback (most recent call last):
  File "C:\Users\HP\OneDrive\Documents\essetech\hotelapp\Hotel-website-Django\.venv\Lib\site-packages\django\core\handlers\exception.py", line 55, in inner
    response = get_response(request)
  File "C:\Users\HP\OneDrive\Documents\essetech\hotelapp\Hotel-website-Django\.venv\Lib\site-packages\django\core\handlers\base.py", line 197, in _get_response
    response = wrapped_callback(request, *callback_args, **callback_kwargs)
  File "C:\Users\HP\OneDrive\Documents\essetech\hotelapp\Hotel-website-Django\.venv\Lib\site-packages\django\contrib\auth\decorators.py", line 60, in _view_wrapper
    return view_func(request, *args, **kwargs)
  File "C:\Users\HP\OneDrive\Documents\essetech\hotelapp\Hotel-website-Django\hotelapp\account\views.py", line 33, in wrapper
    return view_func(request, *args, **kwargs)
  File "C:\Users\HP\OneDrive\Documents\essetech\hotelapp\Hotel-website-Django\hotelapp\account\views.py", line 703, in user_management
    user.set_password(form.cleaned_data['password'])
                      ~~~~~~~~~~~~~~~~~^^^^^^^^^^^^
KeyError: 'password'
ERROR 2025-10-15 12:37:16,492 basehttp 28372 22144 "POST /staff/user-management HTTP/1.1" 500 88073
ERROR 2025-10-15 12:38:00,365 log 28372 27600 Internal Server Error: /staff/user-management
Traceback (most recent call last):
  File "C:\Users\HP\OneDrive\Documents\essetech\hotelapp\Hotel-website-Django\.venv\Lib\site-packages\django\core\handlers\exception.py", line 55, in inner
    response = get_response(request)
  File "C:\Users\HP\OneDrive\Documents\essetech\hotelapp\Hotel-website-Django\.venv\Lib\site-packages\django\core\handlers\base.py", line 197, in _get_response
    response = wrapped_callback(request, *callback_args, **callback_kwargs)
  File "C:\Users\HP\OneDrive\Documents\essetech\hotelapp\Hotel-website-Django\.venv\Lib\site-packages\django\contrib\auth\decorators.py", line 60, in _view_wrapper
    return view_func(request, *args, **kwargs)
  File "C:\Users\HP\OneDrive\Documents\essetech\hotelapp\Hotel-website-Django\hotelapp\account\views.py", line 33, in wrapper
    return view_func(request, *args, **kwargs)
  File "C:\Users\HP\OneDrive\Documents\essetech\hotelapp\Hotel-website-Django\hotelapp\account\views.py", line 703, in user_management
    user.set_password(form.cleaned_data['password'])
                      ~~~~~~~~~~~~~~~~~^^^^^^^^^^^^
KeyError: 'password'
ERROR 2025-10-15 12:38:00,369 basehttp 28372 27600 "POST /staff/user-management HTTP/1.1" 500 87942
INFO 2025-10-15 12:38:07,224 basehttp 28372 16000 "GET /staff/user-management HTTP/1.1" 200 74975
WARNING 2025-10-15 12:38:07,273 basehttp 28372 28652 "GET /static/images/default.png HTTP/1.1" 404 1868
INFO 2025-10-15 12:38:07,275 basehttp 28372 16000 "GET /static/css/dist/styles.css?v=1760575087 HTTP/1.1" 200 112317
ERROR 2025-10-15 12:38:37,652 log 28372 27364 Internal Server Error: /staff/user-management
Traceback (most recent call last):
  File "C:\Users\HP\OneDrive\Documents\essetech\hotelapp\Hotel-website-Django\.venv\Lib\site-packages\django\core\handlers\exception.py", line 55, in inner
    response = get_response(request)
  File "C:\Users\HP\OneDrive\Documents\essetech\hotelapp\Hotel-website-Django\.venv\Lib\site-packages\django\core\handlers\base.py", line 197, in _get_response
    response = wrapped_callback(request, *callback_args, **callback_kwargs)
  File "C:\Users\HP\OneDrive\Documents\essetech\hotelapp\Hotel-website-Django\.venv\Lib\site-packages\django\contrib\auth\decorators.py", line 60, in _view_wrapper
    return view_func(request, *args, **kwargs)
  File "C:\Users\HP\OneDrive\Documents\essetech\hotelapp\Hotel-website-Django\hotelapp\account\views.py", line 33, in wrapper
    return view_func(request, *args, **kwargs)
  File "C:\Users\HP\OneDrive\Documents\essetech\hotelapp\Hotel-website-Django\hotelapp\account\views.py", line 703, in user_management
    user.set_password(form.cleaned_data['password'])
                      ~~~~~~~~~~~~~~~~~^^^^^^^^^^^^
KeyError: 'password'
ERROR 2025-10-15 12:38:37,658 basehttp 28372 27364 "POST /staff/user-management HTTP/1.1" 500 87934
INFO 2025-10-15 12:40:00,613 autoreload 28372 24012 C:\Users\HP\OneDrive\Documents\essetech\hotelapp\Hotel-website-Django\hotelapp\account\views.py changed, reloading.
INFO 2025-10-15 12:40:02,400 autoreload 25644 26024 Watching for file changes with StatReloader
INFO 2025-10-15 12:40:03,505 basehttp 25644 11116 "POST /staff/user-management HTTP/1.1" 302 0
INFO 2025-10-15 12:40:03,793 basehttp 25644 11116 "GET /staff/user-management HTTP/1.1" 200 85714
WARNING 2025-10-15 12:40:03,877 basehttp 25644 16256 "GET /static/images/default.png HTTP/1.1" 404 1868
INFO 2025-10-15 12:40:03,941 basehttp 25644 11116 "GET /static/css/dist/styles.css?v=1760575203 HTTP/1.1" 200 112317
INFO 2025-10-15 12:40:22,263 autoreload 25644 26024 C:\Users\HP\OneDrive\Documents\essetech\hotelapp\Hotel-website-Django\hotelapp\account\forms.py changed, reloading.
INFO 2025-10-15 12:40:23,555 autoreload 13764 14588 Watching for file changes with StatReloader
INFO 2025-10-15 12:40:24,637 basehttp 13764 2108 "GET /staff/user-management HTTP/1.1" 200 85714
WARNING 2025-10-15 12:40:24,681 basehttp 13764 27724 "GET /static/images/default.png HTTP/1.1" 404 1868
INFO 2025-10-15 12:40:24,746 basehttp 13764 2108 "GET /static/css/dist/styles.css?v=1760575224 HTTP/1.1" 200 112317
INFO 2025-10-15 12:40:39,732 autoreload 13764 14588 C:\Users\HP\OneDrive\Documents\essetech\hotelapp\Hotel-website-Django\hotelapp\account\forms.py changed, reloading.
INFO 2025-10-15 12:40:41,736 autoreload 13212 24912 Watching for file changes with StatReloader
INFO 2025-10-15 12:40:44,617 basehttp 13212 28036 "GET /staff/user-management HTTP/1.1" 200 85798
WARNING 2025-10-15 12:40:44,696 basehttp 13212 24504 "GET /static/images/default.png HTTP/1.1" 404 1868
INFO 2025-10-15 12:40:44,786 basehttp 13212 28036 "GET /static/css/dist/styles.css?v=1760575244 HTTP/1.1" 200 112317
INFO 2025-10-15 12:40:48,998 basehttp 13212 13284 "GET /staff/user-management HTTP/1.1" 200 86341
INFO 2025-10-15 12:40:49,071 basehttp 13212 13284 "GET /static/css/dist/styles.css?v=1760575248 HTTP/1.1" 200 112317
WARNING 2025-10-15 12:40:49,116 basehttp 13212 5020 "GET /static/images/default.png HTTP/1.1" 404 1868
INFO 2025-10-15 12:40:53,141 basehttp 13212 21868 "GET /staff/user-management HTTP/1.1" 200 86341
INFO 2025-10-15 12:40:53,303 basehttp 13212 21868 "GET /static/css/dist/styles.css?v=1760575253 HTTP/1.1" 200 112317
WARNING 2025-10-15 12:40:53,333 basehttp 13212 21328 "GET /static/images/default.png HTTP/1.1" 404 1868
INFO 2025-10-15 12:41:17,551 basehttp 13212 27344 "POST /staff/user-management HTTP/1.1" 200 86522
WARNING 2025-10-15 12:41:17,601 basehttp 13212 15828 "GET /static/images/default.png HTTP/1.1" 404 1868
INFO 2025-10-15 12:41:17,604 basehttp 13212 27344 "GET /static/css/dist/styles.css?v=1760575277 HTTP/1.1" 200 112317
INFO 2025-10-15 12:41:37,580 basehttp 13212 16912 "GET /staff/user-management/3/ HTTP/1.1" 200 26485
WARNING 2025-10-15 12:41:37,628 basehttp 13212 21820 "GET /static/images/default.png HTTP/1.1" 404 1868
INFO 2025-10-15 12:41:37,629 basehttp 13212 16912 "GET /static/css/dist/styles.css?v=1760575297 HTTP/1.1" 200 112317
INFO 2025-10-15 12:41:51,357 basehttp 13212 28256 "GET /staff/user-management HTTP/1.1" 200 86341
INFO 2025-10-15 12:41:51,433 basehttp 13212 28256 "GET /static/css/dist/styles.css?v=1760575311 HTTP/1.1" 200 112317
WARNING 2025-10-15 12:41:51,440 basehttp 13212 11972 "GET /static/images/default.png HTTP/1.1" 404 1868
INFO 2025-10-15 12:41:53,866 basehttp 13212 7844 "GET /staff/user-management/4/ HTTP/1.1" 200 26501
WARNING 2025-10-15 12:41:53,934 basehttp 13212 1176 "GET /static/images/default.png HTTP/1.1" 404 1868
INFO 2025-10-15 12:41:53,936 basehttp 13212 7844 "GET /static/css/dist/styles.css?v=1760575313 HTTP/1.1" 200 112317
INFO 2025-10-15 12:41:59,898 basehttp 13212 13504 "GET /staff/user-management HTTP/1.1" 200 86341
WARNING 2025-10-15 12:42:00,041 basehttp 13212 4440 "GET /static/images/default.png HTTP/1.1" 404 1868
INFO 2025-10-15 12:42:00,043 basehttp 13212 13504 "GET /static/css/dist/styles.css?v=1760575319 HTTP/1.1" 200 112317
INFO 2025-10-15 12:43:10,017 basehttp 13212 28452 "GET /staff/user-management HTTP/1.1" 200 91588
INFO 2025-10-15 12:43:10,072 basehttp 13212 28452 "GET /static/css/dist/styles.css?v=1760575389 HTTP/1.1" 200 112317
WARNING 2025-10-15 12:43:10,074 basehttp 13212 27856 "GET /static/images/default.png HTTP/1.1" 404 1868
INFO 2025-10-15 12:43:27,110 basehttp 13212 5584 "GET /staff/user-management HTTP/1.1" 200 86372
INFO 2025-10-15 12:43:27,139 basehttp 13212 5584 "GET /static/css/dist/styles.css?v=1760575407 HTTP/1.1" 200 112317
WARNING 2025-10-15 12:43:27,158 basehttp 13212 5584 "GET /static/images/default.png HTTP/1.1" 404 1868
INFO 2025-10-15 12:43:29,257 basehttp 13212 23108 "GET /staff/user-management HTTP/1.1" 200 86372
WARNING 2025-10-15 12:43:29,294 basehttp 13212 21912 "GET /static/images/default.png HTTP/1.1" 404 1868
INFO 2025-10-15 12:43:29,297 basehttp 13212 23108 "GET /static/css/dist/styles.css?v=1760575409 HTTP/1.1" 200 112317
INFO 2025-10-15 12:43:39,003 basehttp 13212 4196 "GET /staff/user-management HTTP/1.1" 200 86372
WARNING 2025-10-15 12:43:39,045 basehttp 13212 19860 "GET /static/images/default.png HTTP/1.1" 404 1868
INFO 2025-10-15 12:43:39,046 basehttp 13212 4196 "GET /static/css/dist/styles.css?v=1760575418 HTTP/1.1" 200 112317
INFO 2025-10-15 12:43:45,564 basehttp 13212 2024 "GET /staff/user-management HTTP/1.1" 200 86372
WARNING 2025-10-15 12:43:45,628 basehttp 13212 10828 "GET /static/images/default.png HTTP/1.1" 404 1868
INFO 2025-10-15 12:43:45,630 basehttp 13212 2024 "GET /static/css/dist/styles.css?v=1760575425 HTTP/1.1" 200 112317
INFO 2025-10-15 12:44:05,344 basehttp 13212 26292 "POST /staff/user-management/3/toggle-verification/ HTTP/1.1" 302 0
INFO 2025-10-15 12:44:05,388 basehttp 13212 26292 "GET /staff/user-management HTTP/1.1" 200 87680
WARNING 2025-10-15 12:44:05,443 basehttp 13212 21708 "GET /static/images/default.png HTTP/1.1" 404 1868
INFO 2025-10-15 12:44:05,445 basehttp 13212 26292 "GET /static/css/dist/styles.css?v=1760575445 HTTP/1.1" 200 112317
INFO 2025-10-15 12:44:09,769 basehttp 13212 10584 "POST /staff/user-management/3/toggle-status/ HTTP/1.1" 302 0
INFO 2025-10-15 12:44:09,812 basehttp 13212 10584 "GET /staff/user-management HTTP/1.1" 200 87755
WARNING 2025-10-15 12:44:09,856 basehttp 13212 27452 "GET /static/images/default.png HTTP/1.1" 404 1868
INFO 2025-10-15 12:44:09,858 basehttp 13212 10584 "GET /static/css/dist/styles.css?v=1760575449 HTTP/1.1" 200 112317
INFO 2025-10-15 12:44:12,721 basehttp 13212 20472 "POST /staff/user-management/3/toggle-status/ HTTP/1.1" 302 0
INFO 2025-10-15 12:44:12,768 basehttp 13212 20472 "GET /staff/user-management HTTP/1.1" 200 87679
WARNING 2025-10-15 12:44:12,819 basehttp 13212 8768 "GET /static/images/default.png HTTP/1.1" 404 1868
INFO 2025-10-15 12:44:12,820 basehttp 13212 20472 "GET /static/css/dist/styles.css?v=1760575452 HTTP/1.1" 200 112317
INFO 2025-10-15 12:44:14,768 basehttp 13212 28108 "POST /staff/user-management/3/toggle-verification/ HTTP/1.1" 302 0
INFO 2025-10-15 12:44:14,808 basehttp 13212 28108 "GET /staff/user-management HTTP/1.1" 200 87723
WARNING 2025-10-15 12:44:14,857 basehttp 13212 27796 "GET /static/images/default.png HTTP/1.1" 404 1868
INFO 2025-10-15 12:44:14,859 basehttp 13212 28108 "GET /static/css/dist/styles.css?v=1760575454 HTTP/1.1" 200 112317
INFO 2025-10-15 12:45:01,851 basehttp 13212 27948 "GET /staff/user-management HTTP/1.1" 200 86336
WARNING 2025-10-15 12:45:01,915 basehttp 13212 23884 "GET /static/images/default.png HTTP/1.1" 404 1868
INFO 2025-10-15 12:45:01,918 basehttp 13212 27948 "GET /static/css/dist/styles.css?v=1760575501 HTTP/1.1" 200 112317
INFO 2025-10-15 12:45:08,687 basehttp 13212 5636 "GET /staff/user-management HTTP/1.1" 200 86336
INFO 2025-10-15 12:45:08,727 basehttp 13212 5636 "GET /static/css/style.css HTTP/1.1" 200 25498
WARNING 2025-10-15 12:45:08,738 basehttp 13212 17996 "GET /static/images/default.png HTTP/1.1" 404 1868
INFO 2025-10-15 12:45:08,739 basehttp 13212 8252 "GET /static/js/app.js HTTP/1.1" 200 4028
INFO 2025-10-15 12:45:08,740 basehttp 13212 13872 "GET /static/css/dist/styles.css?v=1760575508 HTTP/1.1" 200 112317
INFO 2025-10-15 12:45:09,014 basehttp 13212 13872 "GET /static/django-browser-reload/reload-listener.js HTTP/1.1" 200 623
WARNING 2025-10-15 12:45:09,469 log 13212 8252 Not Found: /favicon.ico
WARNING 2025-10-15 12:45:09,470 basehttp 13212 8252 "GET /favicon.ico HTTP/1.1" 404 17496
INFO 2025-10-15 12:45:29,798 basehttp 13212 8252 "GET /staff/user-management HTTP/1.1" 200 86336
INFO 2025-10-15 12:45:31,159 basehttp 13212 8252 "GET /staff/user-management HTTP/1.1" 200 86336
WARNING 2025-10-15 12:45:31,218 basehttp 13212 5636 "GET /static/images/default.png HTTP/1.1" 404 1868
INFO 2025-10-15 12:45:31,220 basehttp 13212 8252 "GET /static/css/dist/styles.css?v=1760575531 HTTP/1.1" 200 112281
INFO 2025-10-15 12:46:07,889 basehttp 13212 4440 "GET /staff/user-management HTTP/1.1" 200 86344
WARNING 2025-10-15 12:46:07,969 basehttp 13212 14768 "GET /static/images/default.png HTTP/1.1" 404 1868
INFO 2025-10-15 12:46:07,971 basehttp 13212 4440 "GET /static/css/dist/styles.css?v=1760575567 HTTP/1.1" 200 112281
INFO 2025-10-15 12:46:10,096 basehttp 13212 15400 "GET /staff/user-management HTTP/1.1" 200 86352
INFO 2025-10-15 12:46:10,175 basehttp 13212 15400 "GET /static/css/dist/styles.css?v=1760575570 HTTP/1.1" 200 112335
WARNING 2025-10-15 12:46:10,201 basehttp 13212 15400 "GET /static/images/default.png HTTP/1.1" 404 1868
INFO 2025-10-15 12:46:12,125 basehttp 13212 28376 "GET /staff/user-management HTTP/1.1" 200 86364
INFO 2025-10-15 12:46:12,186 basehttp 13212 28376 "GET /static/css/dist/styles.css?v=1760575572 HTTP/1.1" 200 112335
WARNING 2025-10-15 12:46:12,208 basehttp 13212 24012 "GET /static/images/default.png HTTP/1.1" 404 1868
INFO 2025-10-15 12:46:15,265 basehttp 13212 19200 "GET /staff/user-management HTTP/1.1" 200 86348
INFO 2025-10-15 12:46:15,319 basehttp 13212 19200 "GET /static/css/dist/styles.css?v=1760575575 HTTP/1.1" 200 112335
WARNING 2025-10-15 12:46:15,343 basehttp 13212 1736 "GET /static/images/default.png HTTP/1.1" 404 1868
INFO 2025-10-15 12:46:16,320 basehttp 13212 19928 "GET /staff/user-management HTTP/1.1" 200 86344
INFO 2025-10-15 12:46:16,384 basehttp 13212 19928 "GET /static/css/dist/styles.css?v=1760575576 HTTP/1.1" 200 112335
WARNING 2025-10-15 12:46:16,403 basehttp 13212 22308 "GET /static/images/default.png HTTP/1.1" 404 1868
INFO 2025-10-15 12:46:17,505 basehttp 13212 28036 "GET /staff/user-management HTTP/1.1" 200 86340
INFO 2025-10-15 12:46:17,553 basehttp 13212 28036 "GET /static/css/dist/styles.css?v=1760575577 HTTP/1.1" 200 112335
WARNING 2025-10-15 12:46:17,572 basehttp 13212 28012 "GET /static/images/default.png HTTP/1.1" 404 1868
INFO 2025-10-15 12:46:20,745 basehttp 13212 17996 "GET /staff/user-management HTTP/1.1" 200 86412
WARNING 2025-10-15 12:46:20,813 basehttp 13212 27948 "GET /static/images/default.png HTTP/1.1" 404 1868
INFO 2025-10-15 12:46:20,815 basehttp 13212 17996 "GET /static/css/dist/styles.css?v=1760575580 HTTP/1.1" 200 112335
INFO 2025-10-15 12:47:17,267 basehttp 13212 14740 "GET /staff/user-management HTTP/1.1" 200 86488
INFO 2025-10-15 12:47:17,372 basehttp 13212 14740 "GET /static/css/dist/styles.css?v=1760575637 HTTP/1.1" 200 112335
WARNING 2025-10-15 12:47:17,400 basehttp 13212 22776 "GET /static/images/default.png HTTP/1.1" 404 1868
INFO 2025-10-15 12:47:34,192 basehttp 13212 23836 "GET /staff/user-management HTTP/1.1" 200 86500
INFO 2025-10-15 12:47:34,247 basehttp 13212 23836 "GET /static/css/dist/styles.css?v=1760575654 HTTP/1.1" 200 112335
WARNING 2025-10-15 12:47:34,276 basehttp 13212 23836 "GET /static/images/default.png HTTP/1.1" 404 1868
INFO 2025-10-15 12:47:36,468 basehttp 13212 28576 "GET /staff/user-management HTTP/1.1" 200 86524
INFO 2025-10-15 12:47:36,525 basehttp 13212 28576 "GET /static/css/dist/styles.css?v=1760575656 HTTP/1.1" 200 112335
WARNING 2025-10-15 12:47:36,525 basehttp 13212 16396 "GET /static/images/default.png HTTP/1.1" 404 1868
INFO 2025-10-15 12:48:01,582 basehttp 13212 11436 "GET /staff/user-management HTTP/1.1" 200 86540
WARNING 2025-10-15 12:48:01,678 basehttp 13212 8252 "GET /static/images/default.png HTTP/1.1" 404 1868
INFO 2025-10-15 12:48:01,698 basehttp 13212 11436 "GET /static/css/dist/styles.css?v=1760575681 HTTP/1.1" 200 112371
INFO 2025-10-15 12:48:19,343 basehttp 13212 22964 "GET /staff/user-management HTTP/1.1" 200 86540
WARNING 2025-10-15 12:48:19,391 basehttp 13212 28152 "GET /static/images/default.png HTTP/1.1" 404 1868
INFO 2025-10-15 12:48:19,394 basehttp 13212 22964 "GET /static/css/dist/styles.css?v=1760575699 HTTP/1.1" 200 112371
INFO 2025-10-15 12:48:21,488 basehttp 13212 5016 "GET /staff/user-management HTTP/1.1" 200 86540
WARNING 2025-10-15 12:48:21,558 basehttp 13212 26248 "GET /static/images/default.png HTTP/1.1" 404 1868
INFO 2025-10-15 12:48:21,559 basehttp 13212 5016 "GET /static/css/dist/styles.css?v=1760575701 HTTP/1.1" 200 112371
INFO 2025-10-15 12:49:00,863 basehttp 13212 22452 "GET /staff/user-management HTTP/1.1" 200 86524
WARNING 2025-10-15 12:49:00,929 basehttp 13212 12440 "GET /static/images/default.png HTTP/1.1" 404 1868
INFO 2025-10-15 12:49:00,931 basehttp 13212 22452 "GET /static/css/dist/styles.css?v=1760575740 HTTP/1.1" 200 112371
INFO 2025-10-15 12:49:10,563 basehttp 13212 12588 "GET /staff/user-management HTTP/1.1" 200 86488
INFO 2025-10-15 12:49:10,638 basehttp 13212 12588 "GET /static/css/dist/styles.css?v=1760575750 HTTP/1.1" 200 112371
WARNING 2025-10-15 12:49:10,650 basehttp 13212 1576 "GET /static/images/default.png HTTP/1.1" 404 1868
INFO 2025-10-15 12:49:37,271 basehttp 13212 25052 "GET /staff/user-management HTTP/1.1" 200 86524
WARNING 2025-10-15 12:49:37,326 basehttp 13212 18236 "GET /static/images/default.png HTTP/1.1" 404 1868
INFO 2025-10-15 12:49:37,327 basehttp 13212 25052 "GET /static/css/dist/styles.css?v=1760575777 HTTP/1.1" 200 112371
INFO 2025-10-15 12:49:58,711 basehttp 13212 21272 "GET /staff/user-management HTTP/1.1" 200 86532
INFO 2025-10-15 12:49:58,772 basehttp 13212 21272 "GET /static/css/dist/styles.css?v=1760575798 HTTP/1.1" 200 112371
WARNING 2025-10-15 12:49:58,797 basehttp 13212 23060 "GET /static/images/default.png HTTP/1.1" 404 1868
INFO 2025-10-15 12:50:00,833 basehttp 13212 21096 "GET /staff/user-management HTTP/1.1" 200 86540
INFO 2025-10-15 12:50:00,894 basehttp 13212 21096 "GET /static/css/dist/styles.css?v=1760575800 HTTP/1.1" 200 112371
WARNING 2025-10-15 12:50:00,926 basehttp 13212 14824 "GET /static/images/default.png HTTP/1.1" 404 1868
INFO 2025-10-15 12:50:01,909 basehttp 13212 15776 "GET /staff/user-management HTTP/1.1" 200 86544
WARNING 2025-10-15 12:50:01,972 basehttp 13212 21132 "GET /static/images/default.png HTTP/1.1" 404 1868
INFO 2025-10-15 12:50:01,973 basehttp 13212 15776 "GET /static/css/dist/styles.css?v=1760575801 HTTP/1.1" 200 112371
INFO 2025-10-15 12:50:10,345 basehttp 13212 26824 "GET /staff/user-management HTTP/1.1" 200 86544
WARNING 2025-10-15 12:50:10,411 basehttp 13212 7012 "GET /static/images/default.png HTTP/1.1" 404 1868
INFO 2025-10-15 12:50:10,413 basehttp 13212 26824 "GET /static/css/dist/styles.css?v=1760575810 HTTP/1.1" 200 112371
INFO 2025-10-15 12:50:52,412 basehttp 13212 14168 "POST /staff/user-management/4/delete/ HTTP/1.1" 302 0
INFO 2025-10-15 12:50:52,470 basehttp 13212 14168 "GET /staff/user-management HTTP/1.1" 200 77126
WARNING 2025-10-15 12:50:52,532 basehttp 13212 20268 "GET /static/images/default.png HTTP/1.1" 404 1868
INFO 2025-10-15 12:50:52,534 basehttp 13212 14168 "GET /static/css/dist/styles.css?v=1760575852 HTTP/1.1" 200 112371
INFO 2025-10-15 12:51:04,478 basehttp 13212 10004 "GET /user-analytics/ HTTP/1.1" 200 30326
INFO 2025-10-15 12:51:04,549 basehttp 13212 10004 "GET /static/css/dist/styles.css?v=1760575864 HTTP/1.1" 200 112371
WARNING 2025-10-15 12:51:04,567 basehttp 13212 25024 "GET /static/images/default.png HTTP/1.1" 404 1868
INFO 2025-10-15 12:51:09,782 basehttp 13212 8752 "GET /staff/user-management HTTP/1.1" 200 75762
WARNING 2025-10-15 12:51:09,847 basehttp 13212 23088 "GET /static/images/default.png HTTP/1.1" 404 1868
INFO 2025-10-15 12:51:09,851 basehttp 13212 8752 "GET /static/css/dist/styles.css?v=1760575869 HTTP/1.1" 200 112371
INFO 2025-10-15 12:51:28,504 basehttp 13212 26200 "GET /staff/user-management?search=&user_type=manager&status=active HTTP/1.1" 200 64977
INFO 2025-10-15 12:51:28,565 basehttp 13212 26200 "GET /static/css/dist/styles.css?v=1760575888 HTTP/1.1" 200 112371
WARNING 2025-10-15 12:51:28,579 basehttp 13212 25184 "GET /static/images/default.png HTTP/1.1" 404 1868
INFO 2025-10-15 12:51:45,691 basehttp 13212 15368 "GET /staff/dashboard HTTP/1.1" 200 44997
WARNING 2025-10-15 12:51:45,757 basehttp 13212 5648 "GET /static/images/default.png HTTP/1.1" 404 1868
INFO 2025-10-15 12:51:45,760 basehttp 13212 15368 "GET /static/css/dist/styles.css?v=1760575905 HTTP/1.1" 200 112371
INFO 2025-10-15 12:51:56,694 basehttp 13212 28188 "GET /staff/user-management HTTP/1.1" 200 75762
INFO 2025-10-15 12:51:56,773 basehttp 13212 28188 "GET /static/css/dist/styles.css?v=1760575916 HTTP/1.1" 200 112371
WARNING 2025-10-15 12:51:56,783 basehttp 13212 26368 "GET /static/images/default.png HTTP/1.1" 404 1868
INFO 2025-10-15 12:52:02,149 basehttp 13212 9868 "GET /staff/user-management/3/ HTTP/1.1" 200 26516
INFO 2025-10-15 12:52:02,202 basehttp 13212 9868 "GET /static/css/dist/styles.css?v=1760575922 HTTP/1.1" 200 112371
WARNING 2025-10-15 12:52:02,214 basehttp 13212 27184 "GET /static/images/default.png HTTP/1.1" 404 1868
INFO 2025-10-15 12:52:39,609 basehttp 13212 28096 "GET /staff/user-management/3/ HTTP/1.1" 200 26516
INFO 2025-10-15 12:52:39,662 basehttp 13212 28096 "GET /static/css/dist/styles.css?v=1760575959 HTTP/1.1" 200 112371
WARNING 2025-10-15 12:52:39,679 basehttp 13212 25796 "GET /static/images/default.png HTTP/1.1" 404 1868
INFO 2025-10-15 12:52:41,708 basehttp 13212 8432 "GET /staff/user-management/3/ HTTP/1.1" 200 26516
INFO 2025-10-15 12:52:41,751 basehttp 13212 8432 "GET /static/css/dist/styles.css?v=1760575961 HTTP/1.1" 200 112371
WARNING 2025-10-15 12:52:41,777 basehttp 13212 28244 "GET /static/images/default.png HTTP/1.1" 404 1868
INFO 2025-10-15 12:52:42,803 basehttp 13212 19984 "GET /staff/user-management/3/ HTTP/1.1" 200 26516
WARNING 2025-10-15 12:52:42,863 basehttp 13212 9260 "GET /static/images/default.png HTTP/1.1" 404 1868
INFO 2025-10-15 12:52:42,864 basehttp 13212 19984 "GET /static/css/dist/styles.css?v=1760575962 HTTP/1.1" 200 112371
INFO 2025-10-15 12:52:44,834 basehttp 13212 7916 "GET /staff/user-management/3/ HTTP/1.1" 200 26516
INFO 2025-10-15 12:52:44,869 basehttp 13212 7916 "GET /static/css/dist/styles.css?v=1760575964 HTTP/1.1" 200 112371
WARNING 2025-10-15 12:52:44,889 basehttp 13212 3532 "GET /static/images/default.png HTTP/1.1" 404 1868
INFO 2025-10-15 12:53:20,010 basehttp 13212 26416 "GET /staff/user-management/3/ HTTP/1.1" 200 30291
INFO 2025-10-15 12:53:20,086 basehttp 13212 26416 "GET /static/css/dist/styles.css?v=1760575999 HTTP/1.1" 200 112371
WARNING 2025-10-15 12:53:20,103 basehttp 13212 26868 "GET /static/images/default.png HTTP/1.1" 404 1868
INFO 2025-10-15 12:53:40,424 basehttp 13212 26676 "GET /staff/user-management/3/ HTTP/1.1" 200 30289
INFO 2025-10-15 12:53:40,464 basehttp 13212 26676 "GET /static/css/dist/styles.css?v=1760576020 HTTP/1.1" 200 112371
WARNING 2025-10-15 12:53:40,484 basehttp 13212 26676 "GET /static/images/default.png HTTP/1.1" 404 1868
INFO 2025-10-15 12:53:46,821 basehttp 13212 18252 "GET /staff/user-management/3/ HTTP/1.1" 200 30287
INFO 2025-10-15 12:53:46,864 basehttp 13212 18252 "GET /static/css/dist/styles.css?v=1760576026 HTTP/1.1" 200 112371
WARNING 2025-10-15 12:53:46,881 basehttp 13212 27980 "GET /static/images/default.png HTTP/1.1" 404 1868
INFO 2025-10-15 12:53:47,845 basehttp 13212 23636 "GET /staff/user-management/3/ HTTP/1.1" 200 30284
WARNING 2025-10-15 12:53:47,892 basehttp 13212 28208 "GET /static/images/default.png HTTP/1.1" 404 1868
INFO 2025-10-15 12:53:47,893 basehttp 13212 23636 "GET /static/css/dist/styles.css?v=1760576027 HTTP/1.1" 200 112371
INFO 2025-10-15 12:53:48,908 basehttp 13212 22548 "GET /staff/user-management/3/ HTTP/1.1" 200 30283
WARNING 2025-10-15 12:53:48,962 basehttp 13212 27080 "GET /static/images/default.png HTTP/1.1" 404 1868
INFO 2025-10-15 12:53:48,962 basehttp 13212 22548 "GET /static/css/dist/styles.css?v=1760576028 HTTP/1.1" 200 112371
INFO 2025-10-15 12:58:46,760 autoreload 13212 24912 C:\Users\HP\OneDrive\Documents\essetech\hotelapp\Hotel-website-Django\hotelapp\account\views.py changed, reloading.
INFO 2025-10-15 12:58:47,823 autoreload 25696 28124 Watching for file changes with StatReloader
INFO 2025-10-15 12:58:49,048 basehttp 25696 26044 "GET /staff/user-management/3/ HTTP/1.1" 200 30499
WARNING 2025-10-15 12:58:49,122 basehttp 25696 20020 "GET /static/images/default.png HTTP/1.1" 404 1868
INFO 2025-10-15 12:58:49,176 basehttp 25696 26044 "GET /static/css/dist/styles.css?v=1760576328 HTTP/1.1" 200 112371
INFO 2025-10-15 12:59:27,704 autoreload 25696 28124 C:\Users\HP\OneDrive\Documents\essetech\hotelapp\Hotel-website-Django\hotelapp\account\views.py changed, reloading.
INFO 2025-10-15 12:59:28,713 autoreload 10096 15880 Watching for file changes with StatReloader
INFO 2025-10-15 12:59:30,167 basehttp 10096 16584 "GET /staff/user-management/3/ HTTP/1.1" 200 30499
WARNING 2025-10-15 12:59:30,229 basehttp 10096 25624 "GET /static/images/default.png HTTP/1.1" 404 1868
INFO 2025-10-15 12:59:30,294 basehttp 10096 16584 "GET /static/css/dist/styles.css?v=1760576370 HTTP/1.1" 200 112371
INFO 2025-10-15 12:59:55,284 autoreload 10096 15880 C:\Users\HP\OneDrive\Documents\essetech\hotelapp\Hotel-website-Django\hotelapp\account\views.py changed, reloading.
INFO 2025-10-15 12:59:56,957 autoreload 4560 11948 Watching for file changes with StatReloader
INFO 2025-10-15 12:59:58,206 basehttp 4560 26416 "GET /staff/user-management/3/ HTTP/1.1" 200 30499
WARNING 2025-10-15 12:59:58,304 basehttp 4560 26572 "GET /static/images/default.png HTTP/1.1" 404 1868
INFO 2025-10-15 12:59:58,404 basehttp 4560 26416 "GET /static/css/dist/styles.css?v=1760576398 HTTP/1.1" 200 112371
INFO 2025-10-15 13:00:00,310 autoreload 4560 11948 C:\Users\HP\OneDrive\Documents\essetech\hotelapp\Hotel-website-Django\hotelapp\account\views.py changed, reloading.
INFO 2025-10-15 13:00:01,628 autoreload 25956 25604 Watching for file changes with StatReloader
INFO 2025-10-15 13:00:02,938 basehttp 25956 5000 "GET /staff/user-management/3/ HTTP/1.1" 200 30499
WARNING 2025-10-15 13:00:03,009 basehttp 25956 2504 "GET /static/images/default.png HTTP/1.1" 404 1868
INFO 2025-10-15 13:00:03,079 basehttp 25956 5000 "GET /static/css/dist/styles.css?v=1760576402 HTTP/1.1" 200 112371
INFO 2025-10-15 13:00:05,125 basehttp 25956 24864 "GET /staff/user-management/3/ HTTP/1.1" 200 30499
WARNING 2025-10-15 13:00:05,172 basehttp 25956 27836 "GET /static/images/default.png HTTP/1.1" 404 1868
INFO 2025-10-15 13:00:05,174 basehttp 25956 24864 "GET /static/css/dist/styles.css?v=1760576405 HTTP/1.1" 200 112371
INFO 2025-10-15 13:00:43,828 basehttp 25956 27804 "POST /staff/user-management/3/ HTTP/1.1" 302 0
INFO 2025-10-15 13:00:44,144 basehttp 25956 27804 "GET /staff/user-management HTTP/1.1" 200 77135
INFO 2025-10-15 13:00:44,205 basehttp 25956 27804 "GET /static/css/dist/styles.css?v=1760576444 HTTP/1.1" 200 112371
WARNING 2025-10-15 13:00:44,225 basehttp 25956 20624 "GET /static/images/default.png HTTP/1.1" 404 1868
INFO 2025-10-15 13:01:02,262 basehttp 25956 27432 "GET /staff/user-management/1/ HTTP/1.1" 200 32480
WARNING 2025-10-15 13:01:02,355 basehttp 25956 10420 "GET /static/images/default.png HTTP/1.1" 404 1868
INFO 2025-10-15 13:01:02,358 basehttp 25956 27432 "GET /static/css/dist/styles.css?v=1760576462 HTTP/1.1" 200 112371
INFO 2025-10-15 13:03:17,575 basehttp 25956 17296 "POST /staff/user-management/1/ HTTP/1.1" 302 0
INFO 2025-10-15 13:03:17,650 basehttp 25956 17296 "GET /staff/user-management HTTP/1.1" 200 77180
INFO 2025-10-15 13:03:17,730 basehttp 25956 17296 "GET /static/css/dist/styles.css?v=1760576597 HTTP/1.1" 200 112371
WARNING 2025-10-15 13:03:17,740 basehttp 25956 18504 "GET /static/images/default.png HTTP/1.1" 404 1868
INFO 2025-10-15 13:03:27,852 basehttp 25956 12588 "GET /staff/user-management/1/ HTTP/1.1" 200 32558
INFO 2025-10-15 13:03:27,910 basehttp 25956 12588 "GET /static/css/dist/styles.css?v=1760576607 HTTP/1.1" 200 112371
WARNING 2025-10-15 13:03:27,929 basehttp 25956 12588 "GET /static/images/default.png HTTP/1.1" 404 1868
INFO 2025-10-15 13:04:10,563 autoreload 25956 25604 C:\Users\HP\OneDrive\Documents\essetech\hotelapp\Hotel-website-Django\hotelapp\core\models.py changed, reloading.
INFO 2025-10-15 13:04:12,138 autoreload 21328 2044 Watching for file changes with StatReloader
INFO 2025-10-15 13:04:13,395 basehttp 21328 7628 "GET /staff/user-management/1/ HTTP/1.1" 200 32558
WARNING 2025-10-15 13:04:13,459 basehttp 21328 18884 "GET /static/images/default.png HTTP/1.1" 404 1868
INFO 2025-10-15 13:04:13,509 basehttp 21328 7628 "GET /static/css/dist/styles.css?v=1760576653 HTTP/1.1" 200 112371
INFO 2025-10-15 13:04:14,852 autoreload 21328 2044 C:\Users\HP\OneDrive\Documents\essetech\hotelapp\Hotel-website-Django\hotelapp\core\models.py changed, reloading.
INFO 2025-10-15 13:04:16,500 autoreload 26396 14584 Watching for file changes with StatReloader
INFO 2025-10-15 13:04:22,012 autoreload 26396 14584 C:\Users\HP\OneDrive\Documents\essetech\hotelapp\Hotel-website-Django\hotelapp\core\models.py changed, reloading.
INFO 2025-10-15 13:04:23,387 autoreload 4960 4396 Watching for file changes with StatReloader
INFO 2025-10-15 13:04:24,419 basehttp 4960 4572 "GET /staff/user-management/1/ HTTP/1.1" 200 32657
WARNING 2025-10-15 13:04:24,475 basehttp 4960 22100 "GET /static/images/default.png HTTP/1.1" 404 1868
INFO 2025-10-15 13:04:24,551 basehttp 4960 4572 "GET /static/css/dist/styles.css?v=1760576664 HTTP/1.1" 200 112371
INFO 2025-10-15 13:04:33,748 autoreload 4960 4396 C:\Users\HP\OneDrive\Documents\essetech\hotelapp\Hotel-website-Django\hotelapp\core\models.py changed, reloading.
INFO 2025-10-15 13:04:35,349 autoreload 8560 28624 Watching for file changes with StatReloader
INFO 2025-10-15 13:04:36,928 basehttp 8560 3768 "GET /staff/user-management/1/ HTTP/1.1" 200 32643
WARNING 2025-10-15 13:04:36,988 basehttp 8560 16032 "GET /static/images/default.png HTTP/1.1" 404 1868
INFO 2025-10-15 13:04:37,068 basehttp 8560 3768 "GET /static/css/dist/styles.css?v=1760576676 HTTP/1.1" 200 112371
INFO 2025-10-15 13:04:45,947 autoreload 8560 28624 C:\Users\HP\OneDrive\Documents\essetech\hotelapp\Hotel-website-Django\hotelapp\core\models.py changed, reloading.
INFO 2025-10-15 13:04:47,031 autoreload 22348 27528 Watching for file changes with StatReloader
INFO 2025-10-15 13:04:48,193 basehttp 22348 24300 "GET /staff/user-management/1/ HTTP/1.1" 200 32657
WARNING 2025-10-15 13:04:48,263 basehttp 22348 5564 "GET /static/images/default.png HTTP/1.1" 404 1868
INFO 2025-10-15 13:04:48,335 basehttp 22348 24300 "GET /static/css/dist/styles.css?v=1760576688 HTTP/1.1" 200 112371
INFO 2025-10-15 13:05:07,471 autoreload 9892 24692 Watching for file changes with StatReloader
INFO 2025-10-15 13:05:09,112 basehttp 9892 24652 "GET /staff/user-management/1/ HTTP/1.1" 200 32657
WARNING 2025-10-15 13:05:09,199 basehttp 9892 22428 "GET /static/images/default.png HTTP/1.1" 404 1868
INFO 2025-10-15 13:05:09,291 basehttp 9892 24652 "GET /static/css/dist/styles.css?v=1760576708 HTTP/1.1" 200 112371
INFO 2025-10-15 13:05:46,627 basehttp 9892 23836 "GET /staff/user-management/1/ HTTP/1.1" 200 32657
WARNING 2025-10-15 13:05:46,698 basehttp 9892 1576 "GET /static/images/default.png HTTP/1.1" 404 1868
INFO 2025-10-15 13:05:46,700 basehttp 9892 23836 "GET /static/css/dist/styles.css?v=1760576746 HTTP/1.1" 200 112371
INFO 2025-10-15 13:06:03,119 basehttp 9892 27076 "POST /staff/user-management/1/ HTTP/1.1" 302 0
INFO 2025-10-15 13:06:03,189 basehttp 9892 27076 "GET /staff/user-management HTTP/1.1" 200 77362
WARNING 2025-10-15 13:06:03,258 basehttp 9892 11332 "GET /static/images/default.png HTTP/1.1" 404 1868
INFO 2025-10-15 13:06:03,258 basehttp 9892 27076 "GET /static/css/dist/styles.css?v=1760576763 HTTP/1.1" 200 112371
INFO 2025-10-15 13:06:40,094 basehttp 9892 3772 "GET /staff/user-management/1/ HTTP/1.1" 200 32649
WARNING 2025-10-15 13:06:40,164 basehttp 9892 19252 "GET /static/images/default.png HTTP/1.1" 404 1868
INFO 2025-10-15 13:06:40,165 basehttp 9892 3772 "GET /static/css/dist/styles.css?v=1760576800 HTTP/1.1" 200 112371
INFO 2025-10-15 13:06:56,271 basehttp 9892 20572 "POST /staff/user-management/1/ HTTP/1.1" 302 0
INFO 2025-10-15 13:06:56,323 basehttp 9892 20572 "GET /staff/user-management HTTP/1.1" 200 77361
WARNING 2025-10-15 13:06:56,397 basehttp 9892 6796 "GET /static/images/default.png HTTP/1.1" 404 1868
INFO 2025-10-15 13:06:56,401 basehttp 9892 20572 "GET /static/css/dist/styles.css?v=1760576816 HTTP/1.1" 200 112371
INFO 2025-10-15 13:07:01,251 basehttp 9892 20448 "GET /staff/user-management/2/ HTTP/1.1" 200 30586
WARNING 2025-10-15 13:07:01,318 basehttp 9892 27660 "GET /static/images/default.png HTTP/1.1" 404 1868
INFO 2025-10-15 13:07:01,319 basehttp 9892 20448 "GET /static/css/dist/styles.css?v=1760576821 HTTP/1.1" 200 112371
INFO 2025-10-15 13:07:29,085 basehttp 9892 9332 "POST /staff/user-management/2/ HTTP/1.1" 302 0
INFO 2025-10-15 13:07:29,128 basehttp 9892 9332 "GET /staff/user-management HTTP/1.1" 200 77382
INFO 2025-10-15 13:07:29,173 basehttp 9892 9332 "GET /static/css/dist/styles.css?v=1760576849 HTTP/1.1" 200 112371
WARNING 2025-10-15 13:07:29,182 basehttp 9892 17720 "GET /static/images/default.png HTTP/1.1" 404 1868
INFO 2025-10-15 13:07:34,660 basehttp 9892 2172 "GET /staff/user-management/1/ HTTP/1.1" 200 32647
INFO 2025-10-15 13:07:34,715 basehttp 9892 2172 "GET /static/css/dist/styles.css?v=1760576854 HTTP/1.1" 200 112371
WARNING 2025-10-15 13:07:34,716 basehttp 9892 14396 "GET /static/images/default.png HTTP/1.1" 404 1868
INFO 2025-10-15 13:07:56,090 basehttp 9892 17388 "POST /staff/user-management/1/ HTTP/1.1" 302 0
INFO 2025-10-15 13:07:56,166 basehttp 9892 17388 "GET /staff/user-management HTTP/1.1" 200 77388
INFO 2025-10-15 13:07:56,251 basehttp 9892 17388 "GET /static/css/dist/styles.css?v=1760576876 HTTP/1.1" 200 112371
WARNING 2025-10-15 13:07:56,264 basehttp 9892 25440 "GET /static/images/default.png HTTP/1.1" 404 1868
INFO 2025-10-15 13:08:15,920 basehttp 9892 17224 "GET /staff/dashboard HTTP/1.1" 200 45019
INFO 2025-10-15 13:08:15,974 basehttp 9892 17224 "GET /static/css/dist/styles.css?v=1760576895 HTTP/1.1" 200 112371
WARNING 2025-10-15 13:08:15,985 basehttp 9892 26708 "GET /static/images/default.png HTTP/1.1" 404 1868
INFO 2025-10-15 13:08:54,213 basehttp 9892 18952 "GET /logout_user/ HTTP/1.1" 302 0
INFO 2025-10-15 13:08:54,240 basehttp 9892 18952 "GET / HTTP/1.1" 200 13159
INFO 2025-10-15 13:08:54,295 basehttp 9892 18952 "GET /static/css/dist/styles.css?v=1760576934 HTTP/1.1" 200 112371
INFO 2025-10-15 13:09:39,322 basehttp 9892 21568 "GET / HTTP/1.1" 200 11139
INFO 2025-10-15 13:09:39,374 basehttp 9892 21568 "GET /static/css/dist/styles.css?v=1760576979 HTTP/1.1" 200 112371
INFO 2025-10-15 13:09:43,511 basehttp 9892 17028 "GET / HTTP/1.1" 200 11145
INFO 2025-10-15 13:09:43,550 basehttp 9892 17028 "GET /static/css/dist/styles.css?v=1760576983 HTTP/1.1" 200 112371
INFO 2025-10-15 13:09:44,608 basehttp 9892 22344 "GET / HTTP/1.1" 200 11147
INFO 2025-10-15 13:09:44,639 basehttp 9892 22344 "GET /static/css/dist/styles.css?v=1760576984 HTTP/1.1" 200 112371
INFO 2025-10-15 13:09:54,309 basehttp 9892 2176 "GET /sign_up/ HTTP/1.1" 200 16069
INFO 2025-10-15 13:09:54,399 basehttp 9892 2176 "GET /static/css/dist/styles.css?v=1760576994 HTTP/1.1" 200 112371
INFO 2025-10-15 13:09:56,690 basehttp 9892 5048 "GET /login/ HTTP/1.1" 200 11508
INFO 2025-10-15 13:09:56,757 basehttp 9892 5048 "GET /static/css/dist/styles.css?v=1760576996 HTTP/1.1" 200 112371
INFO 2025-10-15 13:10:09,919 basehttp 9892 18048 "POST /login/ HTTP/1.1" 200 11853
INFO 2025-10-15 13:10:09,955 basehttp 9892 18048 "GET /static/css/dist/styles.css?v=1760577009 HTTP/1.1" 200 112371
INFO 2025-10-15 13:10:21,110 basehttp 9892 28652 "POST /login/ HTTP/1.1" 302 0
INFO 2025-10-15 13:10:21,236 basehttp 9892 28652 "GET /dashboard/ HTTP/1.1" 200 56147
INFO 2025-10-15 13:10:21,277 basehttp 9892 28652 "GET /static/css/dist/styles.css?v=1760577021 HTTP/1.1" 200 112371
INFO 2025-10-15 13:10:37,471 basehttp 9892 24816 "GET /add-room/ HTTP/1.1" 200 59212
INFO 2025-10-15 13:10:37,526 basehttp 9892 24816 "GET /static/css/dist/styles.css?v=1760577037 HTTP/1.1" 200 112371
INFO 2025-10-15 13:10:40,636 basehttp 9892 18032 "GET /services/ HTTP/1.1" 200 33492
INFO 2025-10-15 13:10:40,685 basehttp 9892 18032 "GET /static/css/dist/styles.css?v=1760577040 HTTP/1.1" 200 112371
WARNING 2025-10-15 13:10:42,187 log 9892 28404 Not Found: /api/mark-guests-seen/
WARNING 2025-10-15 13:10:42,188 basehttp 9892 28404 "POST /api/mark-guests-seen/ HTTP/1.1" 404 17527
INFO 2025-10-15 13:10:42,214 basehttp 9892 21912 "GET /guest/ HTTP/1.1" 200 20211
INFO 2025-10-15 13:10:42,282 basehttp 9892 21912 "GET /static/css/dist/styles.css?v=1760577042 HTTP/1.1" 200 112371
WARNING 2025-10-15 13:10:43,449 log 9892 28404 Not Found: /api/mark-reservations-seen/
WARNING 2025-10-15 13:10:43,450 basehttp 9892 28404 "POST /api/mark-reservations-seen/ HTTP/1.1" 404 17545
INFO 2025-10-15 13:10:43,536 basehttp 9892 27684 "GET /reservation/ HTTP/1.1" 200 43876
INFO 2025-10-15 13:10:43,583 basehttp 9892 27684 "GET /static/css/dist/styles.css?v=1760577043 HTTP/1.1" 200 112371
INFO 2025-10-15 13:10:44,960 basehttp 9892 28404 "GET /manage-hotel-account/ HTTP/1.1" 200 48406
INFO 2025-10-15 13:10:45,016 basehttp 9892 28404 "GET /static/css/dist/styles.css?v=1760577044 HTTP/1.1" 200 112371
ERROR 2025-10-15 13:10:50,399 log 9892 19156 Internal Server Error: /manage-account/
Traceback (most recent call last):
  File "C:\Users\HP\OneDrive\Documents\essetech\hotelapp\Hotel-website-Django\.venv\Lib\site-packages\django\core\handlers\exception.py", line 55, in inner
    response = get_response(request)
  File "C:\Users\HP\OneDrive\Documents\essetech\hotelapp\Hotel-website-Django\.venv\Lib\site-packages\django\core\handlers\base.py", line 197, in _get_response
    response = wrapped_callback(request, *callback_args, **callback_kwargs)
  File "C:\Users\HP\OneDrive\Documents\essetech\hotelapp\Hotel-website-Django\hotelapp\account\views.py", line 202, in manage_account
    p_form = UserUpdateForm(instance=request.user.profilemodel)
  File "C:\Users\HP\OneDrive\Documents\essetech\hotelapp\Hotel-website-Django\hotelapp\account\forms.py", line 52, in __init__
    super().__init__(*args, **kwargs)
    ~~~~~~~~~~~~~~~~^^^^^^^^^^^^^^^^^
  File "C:\Users\HP\OneDrive\Documents\essetech\hotelapp\Hotel-website-Django\.venv\Lib\site-packages\django\contrib\auth\forms.py", line 301, in __init__
    if self.instance and not self.instance.has_usable_password():
                             ^^^^^^^^^^^^^^^^^^^^^^^^^^^^^^^^^
AttributeError: 'ProfileModel' object has no attribute 'has_usable_password'
ERROR 2025-10-15 13:10:50,406 basehttp 9892 19156 "GET /manage-account/ HTTP/1.1" 500 85382
INFO 2025-10-15 13:11:15,858 basehttp 9892 1008 "GET /logout_user/ HTTP/1.1" 302 0
INFO 2025-10-15 13:11:15,890 basehttp 9892 1008 "GET / HTTP/1.1" 200 12909
INFO 2025-10-15 13:11:15,990 basehttp 9892 1008 "GET /static/css/dist/styles.css?v=1760577075 HTTP/1.1" 200 112371
INFO 2025-10-15 13:11:30,106 basehttp 9892 27364 "GET /hotel_rooms/ HTTP/1.1" 200 16799
INFO 2025-10-15 13:11:30,188 basehttp 9892 27364 "GET /static/css/dist/styles.css?v=1760577090 HTTP/1.1" 200 112371
INFO 2025-10-15 13:11:46,978 basehttp 9892 23268 "GET /hotel_rooms/ HTTP/1.1" 200 16799
INFO 2025-10-15 13:11:47,023 basehttp 9892 23268 "GET /static/css/dist/styles.css?v=1760577106 HTTP/1.1" 200 111304
INFO 2025-10-15 13:11:57,501 basehttp 9892 14528 "GET /hotel_rooms/ HTTP/1.1" 200 16799
WARNING 2025-10-15 13:11:57,568 basehttp 9892 14528 "GET /static/css/dist/styles.css?v=1760577117 HTTP/1.1" 404 1884
INFO 2025-10-15 13:12:01,691 basehttp 9892 25564 "GET /hotel_rooms/ HTTP/1.1" 200 16799
INFO 2025-10-15 13:12:01,729 basehttp 9892 25564 "GET /static/css/dist/styles.css?v=1760577121 HTTP/1.1" 200 87169
